Connected as @fplpradhannbot.
Accepting messages from [8782506418].
Connected as @fplpradhannbot.
Accepting messages from [8782506418].
Connected as @fplpradhannbot.
Accepting messages from [8782506418].
Connected as @fplpradhannbot.
Accepting messages from [8782506418].
Connected as @fplpradhannbot.
Accepting messages from [8782506418].
Connected as @fplpradhannbot.
Accepting messages from [8782506418].
Connected as @fplpradhannbot.
Accepting messages from [8782506418].
Connected as @fplpradhannbot.
Accepting messages from [8782506418].
Connected as @fplpradhannbot.
Accepting messages from [8782506418].
Connected as @fplpradhannbot.
Accepting messages from [8782506418].
╭───────────────────── Traceback (most recent call last) ──────────────────────╮
│ /Users/nripeshpradhan/Documents/Github/i-test-season/.venv/lib/python3.11/si │
│ te-packages/httpx/_transports/default.py:101 in map_httpcore_exceptions      │
│                                                                              │
│    98 │   if len(HTTPCORE_EXC_MAP) == 0:                                     │
│    99 │   │   HTTPCORE_EXC_MAP = _load_httpcore_exceptions()                 │
│   100 │   try:                                                               │
│ ❱ 101 │   │   yield                                                          │
│   102 │   except Exception as exc:                                           │
│   103 │   │   mapped_exc = None                                              │
│   104                                                                        │
│                                                                              │
│ /Users/nripeshpradhan/Documents/Github/i-test-season/.venv/lib/python3.11/si │
│ te-packages/httpx/_transports/default.py:250 in handle_request               │
│                                                                              │
│   247 │   │   │   extensions=request.extensions,                             │
│   248 │   │   )                                                              │
│   249 │   │   with map_httpcore_exceptions():                                │
│ ❱ 250 │   │   │   resp = self._pool.handle_request(req)                      │
│   251 │   │                                                                  │
│   252 │   │   assert isinstance(resp.stream, typing.Iterable)                │
│   253                                                                        │
│                                                                              │
│ /Users/nripeshpradhan/Documents/Github/i-test-season/.venv/lib/python3.11/si │
│ te-packages/httpcore/_sync/connection_pool.py:256 in handle_request          │
│                                                                              │
│   253 │   │   │   │   closing = self._assign_requests_to_connections()       │
│   254 │   │   │                                                              │
│   255 │   │   │   self._close_connections(closing)                           │
│ ❱ 256 │   │   │   raise exc from None                                        │
│   257 │   │                                                                  │
│   258 │   │   # Return the response. Note that in this case we still have to │
│       manage                                                                 │
│   259 │   │   # the point at which the response is closed.                   │
│                                                                              │
│ /Users/nripeshpradhan/Documents/Github/i-test-season/.venv/lib/python3.11/si │
│ te-packages/httpcore/_sync/connection_pool.py:236 in handle_request          │
│                                                                              │
│   233 │   │   │   │                                                          │
│   234 │   │   │   │   try:                                                   │
│   235 │   │   │   │   │   # Send the request on the assigned connection.     │
│ ❱ 236 │   │   │   │   │   response = connection.handle_request(              │
│   237 │   │   │   │   │   │   pool_request.request                           │
│   238 │   │   │   │   │   )                                                  │
│   239 │   │   │   │   except ConnectionNotAvailable:                         │
│                                                                              │
│ /Users/nripeshpradhan/Documents/Github/i-test-season/.venv/lib/python3.11/si │
│ te-packages/httpcore/_sync/connection.py:101 in handle_request               │
│                                                                              │
│    98 │   │   │   │   │   │   )                                              │
│    99 │   │   except BaseException as exc:                                   │
│   100 │   │   │   self._connect_failed = True                                │
│ ❱ 101 │   │   │   raise exc                                                  │
│   102 │   │                                                                  │
│   103 │   │   return self._connection.handle_request(request)                │
│   104                                                                        │
│                                                                              │
│ /Users/nripeshpradhan/Documents/Github/i-test-season/.venv/lib/python3.11/si │
│ te-packages/httpcore/_sync/connection.py:78 in handle_request                │
│                                                                              │
│    75 │   │   try:                                                           │
│    76 │   │   │   with self._request_lock:                                   │
│    77 │   │   │   │   if self._connection is None:                           │
│ ❱  78 │   │   │   │   │   stream = self._connect(request)                    │
│    79 │   │   │   │   │                                                      │
│    80 │   │   │   │   │   ssl_object = stream.get_extra_info("ssl_object")   │
│    81 │   │   │   │   │   http2_negotiated = (                               │
│                                                                              │
│ /Users/nripeshpradhan/Documents/Github/i-test-season/.venv/lib/python3.11/si │
│ te-packages/httpcore/_sync/connection.py:156 in _connect                     │
│                                                                              │
│   153 │   │   │   │   │   │   "timeout": timeout,                            │
│   154 │   │   │   │   │   }                                                  │
│   155 │   │   │   │   │   with Trace("start_tls", logger, request, kwargs)   │
│       as trace:                                                              │
│ ❱ 156 │   │   │   │   │   │   stream = stream.start_tls(**kwargs)            │
│   157 │   │   │   │   │   │   trace.return_value = stream                    │
│   158 │   │   │   │   return stream                                          │
│   159 │   │   │   except (ConnectError, ConnectTimeout):                     │
│                                                                              │
│ /Users/nripeshpradhan/Documents/Github/i-test-season/.venv/lib/python3.11/si │
│ te-packages/httpcore/_backends/sync.py:154 in start_tls                      │
│                                                                              │
│   151 │   │   │   socket.timeout: ConnectTimeout,                            │
│   152 │   │   │   OSError: ConnectError,                                     │
│   153 │   │   }                                                              │
│ ❱ 154 │   │   with map_exceptions(exc_map):                                  │
│   155 │   │   │   try:                                                       │
│   156 │   │   │   │   if isinstance(self._sock, ssl.SSLSocket):  # pragma:   │
│       no cover                                                               │
│   157 │   │   │   │   │   # If the underlying socket has already been        │
│       upgraded                                                               │
│                                                                              │
│ /Users/nripeshpradhan/.local/share/uv/python/cpython-3.11.15-macos-aarch64-n │
│ one/lib/python3.11/contextlib.py:158 in __exit__                             │
│                                                                              │
│   155 │   │   │   │   # tell if we get the same exception back               │
│   156 │   │   │   │   value = typ()                                          │
│   157 │   │   │   try:                                                       │
│ ❱ 158 │   │   │   │   self.gen.throw(typ, value, traceback)                  │
│   159 │   │   │   except StopIteration as exc:                               │
│   160 │   │   │   │   # Suppress StopIteration *unless* it's the same        │
│       exception that                                                         │
│   161 │   │   │   │   # was passed to throw().  This prevents a              │
│       StopIteration                                                          │
│                                                                              │
│ /Users/nripeshpradhan/Documents/Github/i-test-season/.venv/lib/python3.11/si │
│ te-packages/httpcore/_exceptions.py:14 in map_exceptions                     │
│                                                                              │
│   11 │   except Exception as exc:  # noqa: PIE786                            │
│   12 │   │   for from_exc, to_exc in map.items():                            │
│   13 │   │   │   if isinstance(exc, from_exc):                               │
│ ❱ 14 │   │   │   │   raise to_exc(exc) from exc                              │
│   15 │   │   raise  # pragma: nocover                                        │
│   16                                                                         │
│   17                                                                         │
╰──────────────────────────────────────────────────────────────────────────────╯
ConnectError: [Errno 54] Connection reset by peer

The above exception was the direct cause of the following exception:

╭───────────────────── Traceback (most recent call last) ──────────────────────╮
│ /Users/nripeshpradhan/Documents/Github/i-test-season/fpl_edge/cli/main.py:49 │
│ 4 in idea_telegram                                                           │
│                                                                              │
│   491 │   with LeasedWarehouse(db) as wh:                                    │
│   492 │   │   bot = build_bot(IdeaInbox(wh, season=season), config=cfg,      │
│       season=season, discover=discover)                                      │
│   493 │   │   _install_myteam(bot, wh, season)                               │
│ ❱ 494 │   │   bot.drop_webhook()                                             │
│   495 │   │   console.print(f"Connected as @{bot.check_connection()}.")      │
│   496 │   │   console.print(                                                 │
│   497 │   │   │   f"Accepting messages from {sorted(bot.allowed) or 'NOBODY  │
│       (allowlist empty)'}."                                                  │
│                                                                              │
│ /Users/nripeshpradhan/Documents/Github/i-test-season/fpl_edge/interfaces/tel │
│ egram.py:497 in drop_webhook                                                 │
│                                                                              │
│   494 │                                                                      │
│   495 │   def drop_webhook(self) -> None:                                    │
│   496 │   │   """Long polling and webhooks are mutually exclusive; make sure │
│       we win."""                                                             │
│ ❱ 497 │   │   self.transport.call("deleteWebhook", {"drop_pending_updates":  │
│       False}, timeout=15.0)                                                  │
│   498 │                                                                      │
│   499 │   def run_forever(self, *, timeout: int = POLL_TIMEOUT_S,            │
│       max_cycles: int | None = None) -> None:                                │
│   500 │   │   cycles = 0                                                     │
│                                                                              │
│ /Users/nripeshpradhan/Documents/Github/i-test-season/fpl_edge/interfaces/tel │
│ egram.py:102 in call                                                         │
│                                                                              │
│    99 │   │   self._client = httpx.Client(base_url=f"{api_root}/bot{token}", │
│       timeout=60.0)                                                          │
│   100 │                                                                      │
│   101 │   def call(self, method: str, payload: dict[str, Any], *, timeout:   │
│       float = 30.0) -> dict[str, Any]:                                       │
│ ❱ 102 │   │   resp = self._client.post(f"/{method}", json=payload,           │
│       timeout=timeout)                                                       │
│   103 │   │   resp.raise_for_status()                                        │
│   104 │   │   body = resp.json()                                             │
│   105 │   │   if not body.get("ok", False):                                  │
│                                                                              │
│ /Users/nripeshpradhan/Documents/Github/i-test-season/.venv/lib/python3.11/si │
│ te-packages/httpx/_client.py:1144 in post                                    │
│                                                                              │
│   1141 │   │                                                                 │
│   1142 │   │   **Parameters**: See `httpx.request`.                          │
│   1143 │   │   """                                                           │
│ ❱ 1144 │   │   return self.request(                                          │
│   1145 │   │   │   "POST",                                                   │
│   1146 │   │   │   url,                                                      │
│   1147 │   │   │   content=content,                                          │
│                                                                              │
│ /Users/nripeshpradhan/Documents/Github/i-test-season/.venv/lib/python3.11/si │
│ te-packages/httpx/_client.py:825 in request                                  │
│                                                                              │
│    822 │   │   │   timeout=timeout,                                          │
│    823 │   │   │   extensions=extensions,                                    │
│    824 │   │   )                                                             │
│ ❱  825 │   │   return self.send(request, auth=auth,                          │
│        follow_redirects=follow_redirects)                                    │
│    826 │                                                                     │
│    827 │   @contextmanager                                                   │
│    828 │   def stream(                                                       │
│                                                                              │
│ /Users/nripeshpradhan/Documents/Github/i-test-season/.venv/lib/python3.11/si │
│ te-packages/httpx/_client.py:914 in send                                     │
│                                                                              │
│    911 │   │                                                                 │
│    912 │   │   auth = self._build_request_auth(request, auth)                │
│    913 │   │                                                                 │
│ ❱  914 │   │   response = self._send_handling_auth(                          │
│    915 │   │   │   request,                                                  │
│    916 │   │   │   auth=auth,                                                │
│    917 │   │   │   follow_redirects=follow_redirects,                        │
│                                                                              │
│ /Users/nripeshpradhan/Documents/Github/i-test-season/.venv/lib/python3.11/si │
│ te-packages/httpx/_client.py:942 in _send_handling_auth                      │
│                                                                              │
│    939 │   │   │   request = next(auth_flow)                                 │
│    940 │   │   │                                                             │
│    941 │   │   │   while True:                                               │
│ ❱  942 │   │   │   │   response = self._send_handling_redirects(             │
│    943 │   │   │   │   │   request,                                          │
│    944 │   │   │   │   │   follow_redirects=follow_redirects,                │
│    945 │   │   │   │   │   history=history,                                  │
│                                                                              │
│ /Users/nripeshpradhan/Documents/Github/i-test-season/.venv/lib/python3.11/si │
│ te-packages/httpx/_client.py:979 in _send_handling_redirects                 │
│                                                                              │
│    976 │   │   │   for hook in self._event_hooks["request"]:                 │
│    977 │   │   │   │   hook(request)                                         │
│    978 │   │   │                                                             │
│ ❱  979 │   │   │   response = self._send_single_request(request)             │
│    980 │   │   │   try:                                                      │
│    981 │   │   │   │   for hook in self._event_hooks["response"]:            │
│    982 │   │   │   │   │   hook(response)                                    │
│                                                                              │
│ /Users/nripeshpradhan/Documents/Github/i-test-season/.venv/lib/python3.11/si │
│ te-packages/httpx/_client.py:1014 in _send_single_request                    │
│                                                                              │
│   1011 │   │   │   )                                                         │
│   1012 │   │                                                                 │
│   1013 │   │   with request_context(request=request):                        │
│ ❱ 1014 │   │   │   response = transport.handle_request(request)              │
│   1015 │   │                                                                 │
│   1016 │   │   assert isinstance(response.stream, SyncByteStream)            │
│   1017                                                                       │
│                                                                              │
│ /Users/nripeshpradhan/Documents/Github/i-test-season/.venv/lib/python3.11/si │
│ te-packages/httpx/_transports/default.py:249 in handle_request               │
│                                                                              │
│   246 │   │   │   content=request.stream,                                    │
│   247 │   │   │   extensions=request.extensions,                             │
│   248 │   │   )                                                              │
│ ❱ 249 │   │   with map_httpcore_exceptions():                                │
│   250 │   │   │   resp = self._pool.handle_request(req)                      │
│   251 │   │                                                                  │
│   252 │   │   assert isinstance(resp.stream, typing.Iterable)                │
│                                                                              │
│ /Users/nripeshpradhan/.local/share/uv/python/cpython-3.11.15-macos-aarch64-n │
│ one/lib/python3.11/contextlib.py:158 in __exit__                             │
│                                                                              │
│   155 │   │   │   │   # tell if we get the same exception back               │
│   156 │   │   │   │   value = typ()                                          │
│   157 │   │   │   try:                                                       │
│ ❱ 158 │   │   │   │   self.gen.throw(typ, value, traceback)                  │
│   159 │   │   │   except StopIteration as exc:                               │
│   160 │   │   │   │   # Suppress StopIteration *unless* it's the same        │
│       exception that                                                         │
│   161 │   │   │   │   # was passed to throw().  This prevents a              │
│       StopIteration                                                          │
│                                                                              │
│ /Users/nripeshpradhan/Documents/Github/i-test-season/.venv/lib/python3.11/si │
│ te-packages/httpx/_transports/default.py:118 in map_httpcore_exceptions      │
│                                                                              │
│   115 │   │   │   raise                                                      │
│   116 │   │                                                                  │
│   117 │   │   message = str(exc)                                             │
│ ❱ 118 │   │   raise mapped_exc(message) from exc                             │
│   119                                                                        │
│   120                                                                        │
│   121 class ResponseStream(SyncByteStream):                                  │
╰──────────────────────────────────────────────────────────────────────────────╯
ConnectError: [Errno 54] Connection reset by peer
Connected as @fplpradhannbot.
Accepting messages from [8782506418].
2026-08-20 18:56:46,172 ERROR poll cycle failed; backing off
Traceback (most recent call last):
  File "/Users/nripeshpradhan/Documents/Github/i-test-season/.venv/lib/python3.11/site-packages/httpx/_transports/default.py", line 101, in map_httpcore_exceptions
    yield
  File "/Users/nripeshpradhan/Documents/Github/i-test-season/.venv/lib/python3.11/site-packages/httpx/_transports/default.py", line 250, in handle_request
    resp = self._pool.handle_request(req)
           ^^^^^^^^^^^^^^^^^^^^^^^^^^^^^^
  File "/Users/nripeshpradhan/Documents/Github/i-test-season/.venv/lib/python3.11/site-packages/httpcore/_sync/connection_pool.py", line 256, in handle_request
    raise exc from None
  File "/Users/nripeshpradhan/Documents/Github/i-test-season/.venv/lib/python3.11/site-packages/httpcore/_sync/connection_pool.py", line 236, in handle_request
    response = connection.handle_request(
               ^^^^^^^^^^^^^^^^^^^^^^^^^^
  File "/Users/nripeshpradhan/Documents/Github/i-test-season/.venv/lib/python3.11/site-packages/httpcore/_sync/connection.py", line 103, in handle_request
    return self._connection.handle_request(request)
           ^^^^^^^^^^^^^^^^^^^^^^^^^^^^^^^^^^^^^^^^
  File "/Users/nripeshpradhan/Documents/Github/i-test-season/.venv/lib/python3.11/site-packages/httpcore/_sync/http11.py", line 136, in handle_request
    raise exc
  File "/Users/nripeshpradhan/Documents/Github/i-test-season/.venv/lib/python3.11/site-packages/httpcore/_sync/http11.py", line 106, in handle_request
    ) = self._receive_response_headers(**kwargs)
        ^^^^^^^^^^^^^^^^^^^^^^^^^^^^^^^^^^^^^^^^
  File "/Users/nripeshpradhan/Documents/Github/i-test-season/.venv/lib/python3.11/site-packages/httpcore/_sync/http11.py", line 177, in _receive_response_headers
    event = self._receive_event(timeout=timeout)
            ^^^^^^^^^^^^^^^^^^^^^^^^^^^^^^^^^^^^
  File "/Users/nripeshpradhan/Documents/Github/i-test-season/.venv/lib/python3.11/site-packages/httpcore/_sync/http11.py", line 217, in _receive_event
    data = self._network_stream.read(
           ^^^^^^^^^^^^^^^^^^^^^^^^^^
  File "/Users/nripeshpradhan/Documents/Github/i-test-season/.venv/lib/python3.11/site-packages/httpcore/_backends/sync.py", line 126, in read
    with map_exceptions(exc_map):
  File "/Users/nripeshpradhan/.local/share/uv/python/cpython-3.11.15-macos-aarch64-none/lib/python3.11/contextlib.py", line 158, in __exit__
    self.gen.throw(typ, value, traceback)
  File "/Users/nripeshpradhan/Documents/Github/i-test-season/.venv/lib/python3.11/site-packages/httpcore/_exceptions.py", line 14, in map_exceptions
    raise to_exc(exc) from exc
httpcore.ReadTimeout: The read operation timed out

The above exception was the direct cause of the following exception:

Traceback (most recent call last):
  File "/Users/nripeshpradhan/Documents/Github/i-test-season/fpl_edge/interfaces/telegram.py", line 503, in run_forever
    self.poll_once(timeout=timeout)
  File "/Users/nripeshpradhan/Documents/Github/i-test-season/fpl_edge/interfaces/telegram.py", line 338, in poll_once
    body = self.transport.call(
           ^^^^^^^^^^^^^^^^^^^^
  File "/Users/nripeshpradhan/Documents/Github/i-test-season/fpl_edge/interfaces/telegram.py", line 102, in call
    resp = self._client.post(f"/{method}", json=payload, timeout=timeout)
           ^^^^^^^^^^^^^^^^^^^^^^^^^^^^^^^^^^^^^^^^^^^^^^^^^^^^^^^^^^^^^^
  File "/Users/nripeshpradhan/Documents/Github/i-test-season/.venv/lib/python3.11/site-packages/httpx/_client.py", line 1144, in post
    return self.request(
           ^^^^^^^^^^^^^
  File "/Users/nripeshpradhan/Documents/Github/i-test-season/.venv/lib/python3.11/site-packages/httpx/_client.py", line 825, in request
    return self.send(request, auth=auth, follow_redirects=follow_redirects)
           ^^^^^^^^^^^^^^^^^^^^^^^^^^^^^^^^^^^^^^^^^^^^^^^^^^^^^^^^^^^^^^^^
  File "/Users/nripeshpradhan/Documents/Github/i-test-season/.venv/lib/python3.11/site-packages/httpx/_client.py", line 914, in send
    response = self._send_handling_auth(
               ^^^^^^^^^^^^^^^^^^^^^^^^^
  File "/Users/nripeshpradhan/Documents/Github/i-test-season/.venv/lib/python3.11/site-packages/httpx/_client.py", line 942, in _send_handling_auth
    response = self._send_handling_redirects(
               ^^^^^^^^^^^^^^^^^^^^^^^^^^^^^^
  File "/Users/nripeshpradhan/Documents/Github/i-test-season/.venv/lib/python3.11/site-packages/httpx/_client.py", line 979, in _send_handling_redirects
    response = self._send_single_request(request)
               ^^^^^^^^^^^^^^^^^^^^^^^^^^^^^^^^^^
  File "/Users/nripeshpradhan/Documents/Github/i-test-season/.venv/lib/python3.11/site-packages/httpx/_client.py", line 1014, in _send_single_request
    response = transport.handle_request(request)
               ^^^^^^^^^^^^^^^^^^^^^^^^^^^^^^^^^
  File "/Users/nripeshpradhan/Documents/Github/i-test-season/.venv/lib/python3.11/site-packages/httpx/_transports/default.py", line 249, in handle_request
    with map_httpcore_exceptions():
  File "/Users/nripeshpradhan/.local/share/uv/python/cpython-3.11.15-macos-aarch64-none/lib/python3.11/contextlib.py", line 158, in __exit__
    self.gen.throw(typ, value, traceback)
  File "/Users/nripeshpradhan/Documents/Github/i-test-season/.venv/lib/python3.11/site-packages/httpx/_transports/default.py", line 118, in map_httpcore_exceptions
    raise mapped_exc(message) from exc
httpx.ReadTimeout: The read operation timed out
2026-08-20 19:06:27,035 ERROR poll cycle failed; backing off
Traceback (most recent call last):
  File "/Users/nripeshpradhan/Documents/Github/i-test-season/.venv/lib/python3.11/site-packages/httpx/_transports/default.py", line 101, in map_httpcore_exceptions
    yield
  File "/Users/nripeshpradhan/Documents/Github/i-test-season/.venv/lib/python3.11/site-packages/httpx/_transports/default.py", line 250, in handle_request
    resp = self._pool.handle_request(req)
           ^^^^^^^^^^^^^^^^^^^^^^^^^^^^^^
  File "/Users/nripeshpradhan/Documents/Github/i-test-season/.venv/lib/python3.11/site-packages/httpcore/_sync/connection_pool.py", line 256, in handle_request
    raise exc from None
  File "/Users/nripeshpradhan/Documents/Github/i-test-season/.venv/lib/python3.11/site-packages/httpcore/_sync/connection_pool.py", line 236, in handle_request
    response = connection.handle_request(
               ^^^^^^^^^^^^^^^^^^^^^^^^^^
  File "/Users/nripeshpradhan/Documents/Github/i-test-season/.venv/lib/python3.11/site-packages/httpcore/_sync/connection.py", line 103, in handle_request
    return self._connection.handle_request(request)
           ^^^^^^^^^^^^^^^^^^^^^^^^^^^^^^^^^^^^^^^^
  File "/Users/nripeshpradhan/Documents/Github/i-test-season/.venv/lib/python3.11/site-packages/httpcore/_sync/http11.py", line 136, in handle_request
    raise exc
  File "/Users/nripeshpradhan/Documents/Github/i-test-season/.venv/lib/python3.11/site-packages/httpcore/_sync/http11.py", line 106, in handle_request
    ) = self._receive_response_headers(**kwargs)
        ^^^^^^^^^^^^^^^^^^^^^^^^^^^^^^^^^^^^^^^^
  File "/Users/nripeshpradhan/Documents/Github/i-test-season/.venv/lib/python3.11/site-packages/httpcore/_sync/http11.py", line 177, in _receive_response_headers
    event = self._receive_event(timeout=timeout)
            ^^^^^^^^^^^^^^^^^^^^^^^^^^^^^^^^^^^^
  File "/Users/nripeshpradhan/Documents/Github/i-test-season/.venv/lib/python3.11/site-packages/httpcore/_sync/http11.py", line 217, in _receive_event
    data = self._network_stream.read(
           ^^^^^^^^^^^^^^^^^^^^^^^^^^
  File "/Users/nripeshpradhan/Documents/Github/i-test-season/.venv/lib/python3.11/site-packages/httpcore/_backends/sync.py", line 126, in read
    with map_exceptions(exc_map):
  File "/Users/nripeshpradhan/.local/share/uv/python/cpython-3.11.15-macos-aarch64-none/lib/python3.11/contextlib.py", line 158, in __exit__
    self.gen.throw(typ, value, traceback)
  File "/Users/nripeshpradhan/Documents/Github/i-test-season/.venv/lib/python3.11/site-packages/httpcore/_exceptions.py", line 14, in map_exceptions
    raise to_exc(exc) from exc
httpcore.ReadTimeout: The read operation timed out

The above exception was the direct cause of the following exception:

Traceback (most recent call last):
  File "/Users/nripeshpradhan/Documents/Github/i-test-season/fpl_edge/interfaces/telegram.py", line 503, in run_forever
    self.poll_once(timeout=timeout)
  File "/Users/nripeshpradhan/Documents/Github/i-test-season/fpl_edge/interfaces/telegram.py", line 338, in poll_once
    body = self.transport.call(
           ^^^^^^^^^^^^^^^^^^^^
  File "/Users/nripeshpradhan/Documents/Github/i-test-season/fpl_edge/interfaces/telegram.py", line 102, in call
    resp = self._client.post(f"/{method}", json=payload, timeout=timeout)
           ^^^^^^^^^^^^^^^^^^^^^^^^^^^^^^^^^^^^^^^^^^^^^^^^^^^^^^^^^^^^^^
  File "/Users/nripeshpradhan/Documents/Github/i-test-season/.venv/lib/python3.11/site-packages/httpx/_client.py", line 1144, in post
    return self.request(
           ^^^^^^^^^^^^^
  File "/Users/nripeshpradhan/Documents/Github/i-test-season/.venv/lib/python3.11/site-packages/httpx/_client.py", line 825, in request
    return self.send(request, auth=auth, follow_redirects=follow_redirects)
           ^^^^^^^^^^^^^^^^^^^^^^^^^^^^^^^^^^^^^^^^^^^^^^^^^^^^^^^^^^^^^^^^
  File "/Users/nripeshpradhan/Documents/Github/i-test-season/.venv/lib/python3.11/site-packages/httpx/_client.py", line 914, in send
    response = self._send_handling_auth(
               ^^^^^^^^^^^^^^^^^^^^^^^^^
  File "/Users/nripeshpradhan/Documents/Github/i-test-season/.venv/lib/python3.11/site-packages/httpx/_client.py", line 942, in _send_handling_auth
    response = self._send_handling_redirects(
               ^^^^^^^^^^^^^^^^^^^^^^^^^^^^^^
  File "/Users/nripeshpradhan/Documents/Github/i-test-season/.venv/lib/python3.11/site-packages/httpx/_client.py", line 979, in _send_handling_redirects
    response = self._send_single_request(request)
               ^^^^^^^^^^^^^^^^^^^^^^^^^^^^^^^^^^
  File "/Users/nripeshpradhan/Documents/Github/i-test-season/.venv/lib/python3.11/site-packages/httpx/_client.py", line 1014, in _send_single_request
    response = transport.handle_request(request)
               ^^^^^^^^^^^^^^^^^^^^^^^^^^^^^^^^^
  File "/Users/nripeshpradhan/Documents/Github/i-test-season/.venv/lib/python3.11/site-packages/httpx/_transports/default.py", line 249, in handle_request
    with map_httpcore_exceptions():
  File "/Users/nripeshpradhan/.local/share/uv/python/cpython-3.11.15-macos-aarch64-none/lib/python3.11/contextlib.py", line 158, in __exit__
    self.gen.throw(typ, value, traceback)
  File "/Users/nripeshpradhan/Documents/Github/i-test-season/.venv/lib/python3.11/site-packages/httpx/_transports/default.py", line 118, in map_httpcore_exceptions
    raise mapped_exc(message) from exc
httpx.ReadTimeout: The read operation timed out
2026-08-20 19:14:15,337 ERROR poll cycle failed; backing off
Traceback (most recent call last):
  File "/Users/nripeshpradhan/Documents/Github/i-test-season/.venv/lib/python3.11/site-packages/httpx/_transports/default.py", line 101, in map_httpcore_exceptions
    yield
  File "/Users/nripeshpradhan/Documents/Github/i-test-season/.venv/lib/python3.11/site-packages/httpx/_transports/default.py", line 250, in handle_request
    resp = self._pool.handle_request(req)
           ^^^^^^^^^^^^^^^^^^^^^^^^^^^^^^
  File "/Users/nripeshpradhan/Documents/Github/i-test-season/.venv/lib/python3.11/site-packages/httpcore/_sync/connection_pool.py", line 256, in handle_request
    raise exc from None
  File "/Users/nripeshpradhan/Documents/Github/i-test-season/.venv/lib/python3.11/site-packages/httpcore/_sync/connection_pool.py", line 236, in handle_request
    response = connection.handle_request(
               ^^^^^^^^^^^^^^^^^^^^^^^^^^
  File "/Users/nripeshpradhan/Documents/Github/i-test-season/.venv/lib/python3.11/site-packages/httpcore/_sync/connection.py", line 103, in handle_request
    return self._connection.handle_request(request)
           ^^^^^^^^^^^^^^^^^^^^^^^^^^^^^^^^^^^^^^^^
  File "/Users/nripeshpradhan/Documents/Github/i-test-season/.venv/lib/python3.11/site-packages/httpcore/_sync/http11.py", line 136, in handle_request
    raise exc
  File "/Users/nripeshpradhan/Documents/Github/i-test-season/.venv/lib/python3.11/site-packages/httpcore/_sync/http11.py", line 106, in handle_request
    ) = self._receive_response_headers(**kwargs)
        ^^^^^^^^^^^^^^^^^^^^^^^^^^^^^^^^^^^^^^^^
  File "/Users/nripeshpradhan/Documents/Github/i-test-season/.venv/lib/python3.11/site-packages/httpcore/_sync/http11.py", line 177, in _receive_response_headers
    event = self._receive_event(timeout=timeout)
            ^^^^^^^^^^^^^^^^^^^^^^^^^^^^^^^^^^^^
  File "/Users/nripeshpradhan/Documents/Github/i-test-season/.venv/lib/python3.11/site-packages/httpcore/_sync/http11.py", line 217, in _receive_event
    data = self._network_stream.read(
           ^^^^^^^^^^^^^^^^^^^^^^^^^^
  File "/Users/nripeshpradhan/Documents/Github/i-test-season/.venv/lib/python3.11/site-packages/httpcore/_backends/sync.py", line 126, in read
    with map_exceptions(exc_map):
  File "/Users/nripeshpradhan/.local/share/uv/python/cpython-3.11.15-macos-aarch64-none/lib/python3.11/contextlib.py", line 158, in __exit__
    self.gen.throw(typ, value, traceback)
  File "/Users/nripeshpradhan/Documents/Github/i-test-season/.venv/lib/python3.11/site-packages/httpcore/_exceptions.py", line 14, in map_exceptions
    raise to_exc(exc) from exc
httpcore.ReadTimeout: The read operation timed out

The above exception was the direct cause of the following exception:

Traceback (most recent call last):
  File "/Users/nripeshpradhan/Documents/Github/i-test-season/fpl_edge/interfaces/telegram.py", line 503, in run_forever
    self.poll_once(timeout=timeout)
  File "/Users/nripeshpradhan/Documents/Github/i-test-season/fpl_edge/interfaces/telegram.py", line 338, in poll_once
    body = self.transport.call(
           ^^^^^^^^^^^^^^^^^^^^
  File "/Users/nripeshpradhan/Documents/Github/i-test-season/fpl_edge/interfaces/telegram.py", line 102, in call
    resp = self._client.post(f"/{method}", json=payload, timeout=timeout)
           ^^^^^^^^^^^^^^^^^^^^^^^^^^^^^^^^^^^^^^^^^^^^^^^^^^^^^^^^^^^^^^
  File "/Users/nripeshpradhan/Documents/Github/i-test-season/.venv/lib/python3.11/site-packages/httpx/_client.py", line 1144, in post
    return self.request(
           ^^^^^^^^^^^^^
  File "/Users/nripeshpradhan/Documents/Github/i-test-season/.venv/lib/python3.11/site-packages/httpx/_client.py", line 825, in request
    return self.send(request, auth=auth, follow_redirects=follow_redirects)
           ^^^^^^^^^^^^^^^^^^^^^^^^^^^^^^^^^^^^^^^^^^^^^^^^^^^^^^^^^^^^^^^^
  File "/Users/nripeshpradhan/Documents/Github/i-test-season/.venv/lib/python3.11/site-packages/httpx/_client.py", line 914, in send
    response = self._send_handling_auth(
               ^^^^^^^^^^^^^^^^^^^^^^^^^
  File "/Users/nripeshpradhan/Documents/Github/i-test-season/.venv/lib/python3.11/site-packages/httpx/_client.py", line 942, in _send_handling_auth
    response = self._send_handling_redirects(
               ^^^^^^^^^^^^^^^^^^^^^^^^^^^^^^
  File "/Users/nripeshpradhan/Documents/Github/i-test-season/.venv/lib/python3.11/site-packages/httpx/_client.py", line 979, in _send_handling_redirects
    response = self._send_single_request(request)
               ^^^^^^^^^^^^^^^^^^^^^^^^^^^^^^^^^^
  File "/Users/nripeshpradhan/Documents/Github/i-test-season/.venv/lib/python3.11/site-packages/httpx/_client.py", line 1014, in _send_single_request
    response = transport.handle_request(request)
               ^^^^^^^^^^^^^^^^^^^^^^^^^^^^^^^^^
  File "/Users/nripeshpradhan/Documents/Github/i-test-season/.venv/lib/python3.11/site-packages/httpx/_transports/default.py", line 249, in handle_request
    with map_httpcore_exceptions():
  File "/Users/nripeshpradhan/.local/share/uv/python/cpython-3.11.15-macos-aarch64-none/lib/python3.11/contextlib.py", line 158, in __exit__
    self.gen.throw(typ, value, traceback)
  File "/Users/nripeshpradhan/Documents/Github/i-test-season/.venv/lib/python3.11/site-packages/httpx/_transports/default.py", line 118, in map_httpcore_exceptions
    raise mapped_exc(message) from exc
httpx.ReadTimeout: The read operation timed out
2026-08-20 19:20:12,518 ERROR poll cycle failed; backing off
Traceback (most recent call last):
  File "/Users/nripeshpradhan/Documents/Github/i-test-season/.venv/lib/python3.11/site-packages/httpx/_transports/default.py", line 101, in map_httpcore_exceptions
    yield
  File "/Users/nripeshpradhan/Documents/Github/i-test-season/.venv/lib/python3.11/site-packages/httpx/_transports/default.py", line 250, in handle_request
    resp = self._pool.handle_request(req)
           ^^^^^^^^^^^^^^^^^^^^^^^^^^^^^^
  File "/Users/nripeshpradhan/Documents/Github/i-test-season/.venv/lib/python3.11/site-packages/httpcore/_sync/connection_pool.py", line 256, in handle_request
    raise exc from None
  File "/Users/nripeshpradhan/Documents/Github/i-test-season/.venv/lib/python3.11/site-packages/httpcore/_sync/connection_pool.py", line 236, in handle_request
    response = connection.handle_request(
               ^^^^^^^^^^^^^^^^^^^^^^^^^^
  File "/Users/nripeshpradhan/Documents/Github/i-test-season/.venv/lib/python3.11/site-packages/httpcore/_sync/connection.py", line 103, in handle_request
    return self._connection.handle_request(request)
           ^^^^^^^^^^^^^^^^^^^^^^^^^^^^^^^^^^^^^^^^
  File "/Users/nripeshpradhan/Documents/Github/i-test-season/.venv/lib/python3.11/site-packages/httpcore/_sync/http11.py", line 136, in handle_request
    raise exc
  File "/Users/nripeshpradhan/Documents/Github/i-test-season/.venv/lib/python3.11/site-packages/httpcore/_sync/http11.py", line 106, in handle_request
    ) = self._receive_response_headers(**kwargs)
        ^^^^^^^^^^^^^^^^^^^^^^^^^^^^^^^^^^^^^^^^
  File "/Users/nripeshpradhan/Documents/Github/i-test-season/.venv/lib/python3.11/site-packages/httpcore/_sync/http11.py", line 177, in _receive_response_headers
    event = self._receive_event(timeout=timeout)
            ^^^^^^^^^^^^^^^^^^^^^^^^^^^^^^^^^^^^
  File "/Users/nripeshpradhan/Documents/Github/i-test-season/.venv/lib/python3.11/site-packages/httpcore/_sync/http11.py", line 217, in _receive_event
    data = self._network_stream.read(
           ^^^^^^^^^^^^^^^^^^^^^^^^^^
  File "/Users/nripeshpradhan/Documents/Github/i-test-season/.venv/lib/python3.11/site-packages/httpcore/_backends/sync.py", line 126, in read
    with map_exceptions(exc_map):
  File "/Users/nripeshpradhan/.local/share/uv/python/cpython-3.11.15-macos-aarch64-none/lib/python3.11/contextlib.py", line 158, in __exit__
    self.gen.throw(typ, value, traceback)
  File "/Users/nripeshpradhan/Documents/Github/i-test-season/.venv/lib/python3.11/site-packages/httpcore/_exceptions.py", line 14, in map_exceptions
    raise to_exc(exc) from exc
httpcore.ReadTimeout: The read operation timed out

The above exception was the direct cause of the following exception:

Traceback (most recent call last):
  File "/Users/nripeshpradhan/Documents/Github/i-test-season/fpl_edge/interfaces/telegram.py", line 503, in run_forever
    self.poll_once(timeout=timeout)
  File "/Users/nripeshpradhan/Documents/Github/i-test-season/fpl_edge/interfaces/telegram.py", line 338, in poll_once
    body = self.transport.call(
           ^^^^^^^^^^^^^^^^^^^^
  File "/Users/nripeshpradhan/Documents/Github/i-test-season/fpl_edge/interfaces/telegram.py", line 102, in call
    resp = self._client.post(f"/{method}", json=payload, timeout=timeout)
           ^^^^^^^^^^^^^^^^^^^^^^^^^^^^^^^^^^^^^^^^^^^^^^^^^^^^^^^^^^^^^^
  File "/Users/nripeshpradhan/Documents/Github/i-test-season/.venv/lib/python3.11/site-packages/httpx/_client.py", line 1144, in post
    return self.request(
           ^^^^^^^^^^^^^
  File "/Users/nripeshpradhan/Documents/Github/i-test-season/.venv/lib/python3.11/site-packages/httpx/_client.py", line 825, in request
    return self.send(request, auth=auth, follow_redirects=follow_redirects)
           ^^^^^^^^^^^^^^^^^^^^^^^^^^^^^^^^^^^^^^^^^^^^^^^^^^^^^^^^^^^^^^^^
  File "/Users/nripeshpradhan/Documents/Github/i-test-season/.venv/lib/python3.11/site-packages/httpx/_client.py", line 914, in send
    response = self._send_handling_auth(
               ^^^^^^^^^^^^^^^^^^^^^^^^^
  File "/Users/nripeshpradhan/Documents/Github/i-test-season/.venv/lib/python3.11/site-packages/httpx/_client.py", line 942, in _send_handling_auth
    response = self._send_handling_redirects(
               ^^^^^^^^^^^^^^^^^^^^^^^^^^^^^^
  File "/Users/nripeshpradhan/Documents/Github/i-test-season/.venv/lib/python3.11/site-packages/httpx/_client.py", line 979, in _send_handling_redirects
    response = self._send_single_request(request)
               ^^^^^^^^^^^^^^^^^^^^^^^^^^^^^^^^^^
  File "/Users/nripeshpradhan/Documents/Github/i-test-season/.venv/lib/python3.11/site-packages/httpx/_client.py", line 1014, in _send_single_request
    response = transport.handle_request(request)
               ^^^^^^^^^^^^^^^^^^^^^^^^^^^^^^^^^
  File "/Users/nripeshpradhan/Documents/Github/i-test-season/.venv/lib/python3.11/site-packages/httpx/_transports/default.py", line 249, in handle_request
    with map_httpcore_exceptions():
  File "/Users/nripeshpradhan/.local/share/uv/python/cpython-3.11.15-macos-aarch64-none/lib/python3.11/contextlib.py", line 158, in __exit__
    self.gen.throw(typ, value, traceback)
  File "/Users/nripeshpradhan/Documents/Github/i-test-season/.venv/lib/python3.11/site-packages/httpx/_transports/default.py", line 118, in map_httpcore_exceptions
    raise mapped_exc(message) from exc
httpx.ReadTimeout: The read operation timed out
2026-08-20 19:27:29,205 ERROR poll cycle failed; backing off
Traceback (most recent call last):
  File "/Users/nripeshpradhan/Documents/Github/i-test-season/.venv/lib/python3.11/site-packages/httpx/_transports/default.py", line 101, in map_httpcore_exceptions
    yield
  File "/Users/nripeshpradhan/Documents/Github/i-test-season/.venv/lib/python3.11/site-packages/httpx/_transports/default.py", line 250, in handle_request
    resp = self._pool.handle_request(req)
           ^^^^^^^^^^^^^^^^^^^^^^^^^^^^^^
  File "/Users/nripeshpradhan/Documents/Github/i-test-season/.venv/lib/python3.11/site-packages/httpcore/_sync/connection_pool.py", line 256, in handle_request
    raise exc from None
  File "/Users/nripeshpradhan/Documents/Github/i-test-season/.venv/lib/python3.11/site-packages/httpcore/_sync/connection_pool.py", line 236, in handle_request
    response = connection.handle_request(
               ^^^^^^^^^^^^^^^^^^^^^^^^^^
  File "/Users/nripeshpradhan/Documents/Github/i-test-season/.venv/lib/python3.11/site-packages/httpcore/_sync/connection.py", line 103, in handle_request
    return self._connection.handle_request(request)
           ^^^^^^^^^^^^^^^^^^^^^^^^^^^^^^^^^^^^^^^^
  File "/Users/nripeshpradhan/Documents/Github/i-test-season/.venv/lib/python3.11/site-packages/httpcore/_sync/http11.py", line 136, in handle_request
    raise exc
  File "/Users/nripeshpradhan/Documents/Github/i-test-season/.venv/lib/python3.11/site-packages/httpcore/_sync/http11.py", line 106, in handle_request
    ) = self._receive_response_headers(**kwargs)
        ^^^^^^^^^^^^^^^^^^^^^^^^^^^^^^^^^^^^^^^^
  File "/Users/nripeshpradhan/Documents/Github/i-test-season/.venv/lib/python3.11/site-packages/httpcore/_sync/http11.py", line 177, in _receive_response_headers
    event = self._receive_event(timeout=timeout)
            ^^^^^^^^^^^^^^^^^^^^^^^^^^^^^^^^^^^^
  File "/Users/nripeshpradhan/Documents/Github/i-test-season/.venv/lib/python3.11/site-packages/httpcore/_sync/http11.py", line 217, in _receive_event
    data = self._network_stream.read(
           ^^^^^^^^^^^^^^^^^^^^^^^^^^
  File "/Users/nripeshpradhan/Documents/Github/i-test-season/.venv/lib/python3.11/site-packages/httpcore/_backends/sync.py", line 126, in read
    with map_exceptions(exc_map):
  File "/Users/nripeshpradhan/.local/share/uv/python/cpython-3.11.15-macos-aarch64-none/lib/python3.11/contextlib.py", line 158, in __exit__
    self.gen.throw(typ, value, traceback)
  File "/Users/nripeshpradhan/Documents/Github/i-test-season/.venv/lib/python3.11/site-packages/httpcore/_exceptions.py", line 14, in map_exceptions
    raise to_exc(exc) from exc
httpcore.ReadTimeout: The read operation timed out

The above exception was the direct cause of the following exception:

Traceback (most recent call last):
  File "/Users/nripeshpradhan/Documents/Github/i-test-season/fpl_edge/interfaces/telegram.py", line 503, in run_forever
    self.poll_once(timeout=timeout)
  File "/Users/nripeshpradhan/Documents/Github/i-test-season/fpl_edge/interfaces/telegram.py", line 338, in poll_once
    body = self.transport.call(
           ^^^^^^^^^^^^^^^^^^^^
  File "/Users/nripeshpradhan/Documents/Github/i-test-season/fpl_edge/interfaces/telegram.py", line 102, in call
    resp = self._client.post(f"/{method}", json=payload, timeout=timeout)
           ^^^^^^^^^^^^^^^^^^^^^^^^^^^^^^^^^^^^^^^^^^^^^^^^^^^^^^^^^^^^^^
  File "/Users/nripeshpradhan/Documents/Github/i-test-season/.venv/lib/python3.11/site-packages/httpx/_client.py", line 1144, in post
    return self.request(
           ^^^^^^^^^^^^^
  File "/Users/nripeshpradhan/Documents/Github/i-test-season/.venv/lib/python3.11/site-packages/httpx/_client.py", line 825, in request
    return self.send(request, auth=auth, follow_redirects=follow_redirects)
           ^^^^^^^^^^^^^^^^^^^^^^^^^^^^^^^^^^^^^^^^^^^^^^^^^^^^^^^^^^^^^^^^
  File "/Users/nripeshpradhan/Documents/Github/i-test-season/.venv/lib/python3.11/site-packages/httpx/_client.py", line 914, in send
    response = self._send_handling_auth(
               ^^^^^^^^^^^^^^^^^^^^^^^^^
  File "/Users/nripeshpradhan/Documents/Github/i-test-season/.venv/lib/python3.11/site-packages/httpx/_client.py", line 942, in _send_handling_auth
    response = self._send_handling_redirects(
               ^^^^^^^^^^^^^^^^^^^^^^^^^^^^^^
  File "/Users/nripeshpradhan/Documents/Github/i-test-season/.venv/lib/python3.11/site-packages/httpx/_client.py", line 979, in _send_handling_redirects
    response = self._send_single_request(request)
               ^^^^^^^^^^^^^^^^^^^^^^^^^^^^^^^^^^
  File "/Users/nripeshpradhan/Documents/Github/i-test-season/.venv/lib/python3.11/site-packages/httpx/_client.py", line 1014, in _send_single_request
    response = transport.handle_request(request)
               ^^^^^^^^^^^^^^^^^^^^^^^^^^^^^^^^^
  File "/Users/nripeshpradhan/Documents/Github/i-test-season/.venv/lib/python3.11/site-packages/httpx/_transports/default.py", line 249, in handle_request
    with map_httpcore_exceptions():
  File "/Users/nripeshpradhan/.local/share/uv/python/cpython-3.11.15-macos-aarch64-none/lib/python3.11/contextlib.py", line 158, in __exit__
    self.gen.throw(typ, value, traceback)
  File "/Users/nripeshpradhan/Documents/Github/i-test-season/.venv/lib/python3.11/site-packages/httpx/_transports/default.py", line 118, in map_httpcore_exceptions
    raise mapped_exc(message) from exc
httpx.ReadTimeout: The read operation timed out
2026-08-20 19:34:06,083 ERROR poll cycle failed; backing off
Traceback (most recent call last):
  File "/Users/nripeshpradhan/Documents/Github/i-test-season/.venv/lib/python3.11/site-packages/httpx/_transports/default.py", line 101, in map_httpcore_exceptions
    yield
  File "/Users/nripeshpradhan/Documents/Github/i-test-season/.venv/lib/python3.11/site-packages/httpx/_transports/default.py", line 250, in handle_request
    resp = self._pool.handle_request(req)
           ^^^^^^^^^^^^^^^^^^^^^^^^^^^^^^
  File "/Users/nripeshpradhan/Documents/Github/i-test-season/.venv/lib/python3.11/site-packages/httpcore/_sync/connection_pool.py", line 256, in handle_request
    raise exc from None
  File "/Users/nripeshpradhan/Documents/Github/i-test-season/.venv/lib/python3.11/site-packages/httpcore/_sync/connection_pool.py", line 236, in handle_request
    response = connection.handle_request(
               ^^^^^^^^^^^^^^^^^^^^^^^^^^
  File "/Users/nripeshpradhan/Documents/Github/i-test-season/.venv/lib/python3.11/site-packages/httpcore/_sync/connection.py", line 103, in handle_request
    return self._connection.handle_request(request)
           ^^^^^^^^^^^^^^^^^^^^^^^^^^^^^^^^^^^^^^^^
  File "/Users/nripeshpradhan/Documents/Github/i-test-season/.venv/lib/python3.11/site-packages/httpcore/_sync/http11.py", line 136, in handle_request
    raise exc
  File "/Users/nripeshpradhan/Documents/Github/i-test-season/.venv/lib/python3.11/site-packages/httpcore/_sync/http11.py", line 106, in handle_request
    ) = self._receive_response_headers(**kwargs)
        ^^^^^^^^^^^^^^^^^^^^^^^^^^^^^^^^^^^^^^^^
  File "/Users/nripeshpradhan/Documents/Github/i-test-season/.venv/lib/python3.11/site-packages/httpcore/_sync/http11.py", line 177, in _receive_response_headers
    event = self._receive_event(timeout=timeout)
            ^^^^^^^^^^^^^^^^^^^^^^^^^^^^^^^^^^^^
  File "/Users/nripeshpradhan/Documents/Github/i-test-season/.venv/lib/python3.11/site-packages/httpcore/_sync/http11.py", line 217, in _receive_event
    data = self._network_stream.read(
           ^^^^^^^^^^^^^^^^^^^^^^^^^^
  File "/Users/nripeshpradhan/Documents/Github/i-test-season/.venv/lib/python3.11/site-packages/httpcore/_backends/sync.py", line 126, in read
    with map_exceptions(exc_map):
  File "/Users/nripeshpradhan/.local/share/uv/python/cpython-3.11.15-macos-aarch64-none/lib/python3.11/contextlib.py", line 158, in __exit__
    self.gen.throw(typ, value, traceback)
  File "/Users/nripeshpradhan/Documents/Github/i-test-season/.venv/lib/python3.11/site-packages/httpcore/_exceptions.py", line 14, in map_exceptions
    raise to_exc(exc) from exc
httpcore.ReadTimeout: The read operation timed out

The above exception was the direct cause of the following exception:

Traceback (most recent call last):
  File "/Users/nripeshpradhan/Documents/Github/i-test-season/fpl_edge/interfaces/telegram.py", line 503, in run_forever
    self.poll_once(timeout=timeout)
  File "/Users/nripeshpradhan/Documents/Github/i-test-season/fpl_edge/interfaces/telegram.py", line 338, in poll_once
    body = self.transport.call(
           ^^^^^^^^^^^^^^^^^^^^
  File "/Users/nripeshpradhan/Documents/Github/i-test-season/fpl_edge/interfaces/telegram.py", line 102, in call
    resp = self._client.post(f"/{method}", json=payload, timeout=timeout)
           ^^^^^^^^^^^^^^^^^^^^^^^^^^^^^^^^^^^^^^^^^^^^^^^^^^^^^^^^^^^^^^
  File "/Users/nripeshpradhan/Documents/Github/i-test-season/.venv/lib/python3.11/site-packages/httpx/_client.py", line 1144, in post
    return self.request(
           ^^^^^^^^^^^^^
  File "/Users/nripeshpradhan/Documents/Github/i-test-season/.venv/lib/python3.11/site-packages/httpx/_client.py", line 825, in request
    return self.send(request, auth=auth, follow_redirects=follow_redirects)
           ^^^^^^^^^^^^^^^^^^^^^^^^^^^^^^^^^^^^^^^^^^^^^^^^^^^^^^^^^^^^^^^^
  File "/Users/nripeshpradhan/Documents/Github/i-test-season/.venv/lib/python3.11/site-packages/httpx/_client.py", line 914, in send
    response = self._send_handling_auth(
               ^^^^^^^^^^^^^^^^^^^^^^^^^
  File "/Users/nripeshpradhan/Documents/Github/i-test-season/.venv/lib/python3.11/site-packages/httpx/_client.py", line 942, in _send_handling_auth
    response = self._send_handling_redirects(
               ^^^^^^^^^^^^^^^^^^^^^^^^^^^^^^
  File "/Users/nripeshpradhan/Documents/Github/i-test-season/.venv/lib/python3.11/site-packages/httpx/_client.py", line 979, in _send_handling_redirects
    response = self._send_single_request(request)
               ^^^^^^^^^^^^^^^^^^^^^^^^^^^^^^^^^^
  File "/Users/nripeshpradhan/Documents/Github/i-test-season/.venv/lib/python3.11/site-packages/httpx/_client.py", line 1014, in _send_single_request
    response = transport.handle_request(request)
               ^^^^^^^^^^^^^^^^^^^^^^^^^^^^^^^^^
  File "/Users/nripeshpradhan/Documents/Github/i-test-season/.venv/lib/python3.11/site-packages/httpx/_transports/default.py", line 249, in handle_request
    with map_httpcore_exceptions():
  File "/Users/nripeshpradhan/.local/share/uv/python/cpython-3.11.15-macos-aarch64-none/lib/python3.11/contextlib.py", line 158, in __exit__
    self.gen.throw(typ, value, traceback)
  File "/Users/nripeshpradhan/Documents/Github/i-test-season/.venv/lib/python3.11/site-packages/httpx/_transports/default.py", line 118, in map_httpcore_exceptions
    raise mapped_exc(message) from exc
httpx.ReadTimeout: The read operation timed out
2026-08-20 20:00:49,290 ERROR poll cycle failed; backing off
Traceback (most recent call last):
  File "/Users/nripeshpradhan/Documents/Github/i-test-season/.venv/lib/python3.11/site-packages/httpx/_transports/default.py", line 101, in map_httpcore_exceptions
    yield
  File "/Users/nripeshpradhan/Documents/Github/i-test-season/.venv/lib/python3.11/site-packages/httpx/_transports/default.py", line 250, in handle_request
    resp = self._pool.handle_request(req)
           ^^^^^^^^^^^^^^^^^^^^^^^^^^^^^^
  File "/Users/nripeshpradhan/Documents/Github/i-test-season/.venv/lib/python3.11/site-packages/httpcore/_sync/connection_pool.py", line 256, in handle_request
    raise exc from None
  File "/Users/nripeshpradhan/Documents/Github/i-test-season/.venv/lib/python3.11/site-packages/httpcore/_sync/connection_pool.py", line 236, in handle_request
    response = connection.handle_request(
               ^^^^^^^^^^^^^^^^^^^^^^^^^^
  File "/Users/nripeshpradhan/Documents/Github/i-test-season/.venv/lib/python3.11/site-packages/httpcore/_sync/connection.py", line 103, in handle_request
    return self._connection.handle_request(request)
           ^^^^^^^^^^^^^^^^^^^^^^^^^^^^^^^^^^^^^^^^
  File "/Users/nripeshpradhan/Documents/Github/i-test-season/.venv/lib/python3.11/site-packages/httpcore/_sync/http11.py", line 136, in handle_request
    raise exc
  File "/Users/nripeshpradhan/Documents/Github/i-test-season/.venv/lib/python3.11/site-packages/httpcore/_sync/http11.py", line 106, in handle_request
    ) = self._receive_response_headers(**kwargs)
        ^^^^^^^^^^^^^^^^^^^^^^^^^^^^^^^^^^^^^^^^
  File "/Users/nripeshpradhan/Documents/Github/i-test-season/.venv/lib/python3.11/site-packages/httpcore/_sync/http11.py", line 177, in _receive_response_headers
    event = self._receive_event(timeout=timeout)
            ^^^^^^^^^^^^^^^^^^^^^^^^^^^^^^^^^^^^
  File "/Users/nripeshpradhan/Documents/Github/i-test-season/.venv/lib/python3.11/site-packages/httpcore/_sync/http11.py", line 217, in _receive_event
    data = self._network_stream.read(
           ^^^^^^^^^^^^^^^^^^^^^^^^^^
  File "/Users/nripeshpradhan/Documents/Github/i-test-season/.venv/lib/python3.11/site-packages/httpcore/_backends/sync.py", line 126, in read
    with map_exceptions(exc_map):
  File "/Users/nripeshpradhan/.local/share/uv/python/cpython-3.11.15-macos-aarch64-none/lib/python3.11/contextlib.py", line 158, in __exit__
    self.gen.throw(typ, value, traceback)
  File "/Users/nripeshpradhan/Documents/Github/i-test-season/.venv/lib/python3.11/site-packages/httpcore/_exceptions.py", line 14, in map_exceptions
    raise to_exc(exc) from exc
httpcore.ReadTimeout: The read operation timed out

The above exception was the direct cause of the following exception:

Traceback (most recent call last):
  File "/Users/nripeshpradhan/Documents/Github/i-test-season/fpl_edge/interfaces/telegram.py", line 503, in run_forever
    self.poll_once(timeout=timeout)
  File "/Users/nripeshpradhan/Documents/Github/i-test-season/fpl_edge/interfaces/telegram.py", line 338, in poll_once
    body = self.transport.call(
           ^^^^^^^^^^^^^^^^^^^^
  File "/Users/nripeshpradhan/Documents/Github/i-test-season/fpl_edge/interfaces/telegram.py", line 102, in call
    resp = self._client.post(f"/{method}", json=payload, timeout=timeout)
           ^^^^^^^^^^^^^^^^^^^^^^^^^^^^^^^^^^^^^^^^^^^^^^^^^^^^^^^^^^^^^^
  File "/Users/nripeshpradhan/Documents/Github/i-test-season/.venv/lib/python3.11/site-packages/httpx/_client.py", line 1144, in post
    return self.request(
           ^^^^^^^^^^^^^
  File "/Users/nripeshpradhan/Documents/Github/i-test-season/.venv/lib/python3.11/site-packages/httpx/_client.py", line 825, in request
    return self.send(request, auth=auth, follow_redirects=follow_redirects)
           ^^^^^^^^^^^^^^^^^^^^^^^^^^^^^^^^^^^^^^^^^^^^^^^^^^^^^^^^^^^^^^^^
  File "/Users/nripeshpradhan/Documents/Github/i-test-season/.venv/lib/python3.11/site-packages/httpx/_client.py", line 914, in send
    response = self._send_handling_auth(
               ^^^^^^^^^^^^^^^^^^^^^^^^^
  File "/Users/nripeshpradhan/Documents/Github/i-test-season/.venv/lib/python3.11/site-packages/httpx/_client.py", line 942, in _send_handling_auth
    response = self._send_handling_redirects(
               ^^^^^^^^^^^^^^^^^^^^^^^^^^^^^^
  File "/Users/nripeshpradhan/Documents/Github/i-test-season/.venv/lib/python3.11/site-packages/httpx/_client.py", line 979, in _send_handling_redirects
    response = self._send_single_request(request)
               ^^^^^^^^^^^^^^^^^^^^^^^^^^^^^^^^^^
  File "/Users/nripeshpradhan/Documents/Github/i-test-season/.venv/lib/python3.11/site-packages/httpx/_client.py", line 1014, in _send_single_request
    response = transport.handle_request(request)
               ^^^^^^^^^^^^^^^^^^^^^^^^^^^^^^^^^
  File "/Users/nripeshpradhan/Documents/Github/i-test-season/.venv/lib/python3.11/site-packages/httpx/_transports/default.py", line 249, in handle_request
    with map_httpcore_exceptions():
  File "/Users/nripeshpradhan/.local/share/uv/python/cpython-3.11.15-macos-aarch64-none/lib/python3.11/contextlib.py", line 158, in __exit__
    self.gen.throw(typ, value, traceback)
  File "/Users/nripeshpradhan/Documents/Github/i-test-season/.venv/lib/python3.11/site-packages/httpx/_transports/default.py", line 118, in map_httpcore_exceptions
    raise mapped_exc(message) from exc
httpx.ReadTimeout: The read operation timed out
2026-08-20 20:35:41,893 ERROR poll cycle failed; backing off
Traceback (most recent call last):
  File "/Users/nripeshpradhan/Documents/Github/i-test-season/.venv/lib/python3.11/site-packages/httpx/_transports/default.py", line 101, in map_httpcore_exceptions
    yield
  File "/Users/nripeshpradhan/Documents/Github/i-test-season/.venv/lib/python3.11/site-packages/httpx/_transports/default.py", line 250, in handle_request
    resp = self._pool.handle_request(req)
           ^^^^^^^^^^^^^^^^^^^^^^^^^^^^^^
  File "/Users/nripeshpradhan/Documents/Github/i-test-season/.venv/lib/python3.11/site-packages/httpcore/_sync/connection_pool.py", line 256, in handle_request
    raise exc from None
  File "/Users/nripeshpradhan/Documents/Github/i-test-season/.venv/lib/python3.11/site-packages/httpcore/_sync/connection_pool.py", line 236, in handle_request
    response = connection.handle_request(
               ^^^^^^^^^^^^^^^^^^^^^^^^^^
  File "/Users/nripeshpradhan/Documents/Github/i-test-season/.venv/lib/python3.11/site-packages/httpcore/_sync/connection.py", line 103, in handle_request
    return self._connection.handle_request(request)
           ^^^^^^^^^^^^^^^^^^^^^^^^^^^^^^^^^^^^^^^^
  File "/Users/nripeshpradhan/Documents/Github/i-test-season/.venv/lib/python3.11/site-packages/httpcore/_sync/http11.py", line 136, in handle_request
    raise exc
  File "/Users/nripeshpradhan/Documents/Github/i-test-season/.venv/lib/python3.11/site-packages/httpcore/_sync/http11.py", line 106, in handle_request
    ) = self._receive_response_headers(**kwargs)
        ^^^^^^^^^^^^^^^^^^^^^^^^^^^^^^^^^^^^^^^^
  File "/Users/nripeshpradhan/Documents/Github/i-test-season/.venv/lib/python3.11/site-packages/httpcore/_sync/http11.py", line 177, in _receive_response_headers
    event = self._receive_event(timeout=timeout)
            ^^^^^^^^^^^^^^^^^^^^^^^^^^^^^^^^^^^^
  File "/Users/nripeshpradhan/Documents/Github/i-test-season/.venv/lib/python3.11/site-packages/httpcore/_sync/http11.py", line 217, in _receive_event
    data = self._network_stream.read(
           ^^^^^^^^^^^^^^^^^^^^^^^^^^
  File "/Users/nripeshpradhan/Documents/Github/i-test-season/.venv/lib/python3.11/site-packages/httpcore/_backends/sync.py", line 126, in read
    with map_exceptions(exc_map):
  File "/Users/nripeshpradhan/.local/share/uv/python/cpython-3.11.15-macos-aarch64-none/lib/python3.11/contextlib.py", line 158, in __exit__
    self.gen.throw(typ, value, traceback)
  File "/Users/nripeshpradhan/Documents/Github/i-test-season/.venv/lib/python3.11/site-packages/httpcore/_exceptions.py", line 14, in map_exceptions
    raise to_exc(exc) from exc
httpcore.ReadTimeout: The read operation timed out

The above exception was the direct cause of the following exception:

Traceback (most recent call last):
  File "/Users/nripeshpradhan/Documents/Github/i-test-season/fpl_edge/interfaces/telegram.py", line 503, in run_forever
    self.poll_once(timeout=timeout)
  File "/Users/nripeshpradhan/Documents/Github/i-test-season/fpl_edge/interfaces/telegram.py", line 338, in poll_once
    body = self.transport.call(
           ^^^^^^^^^^^^^^^^^^^^
  File "/Users/nripeshpradhan/Documents/Github/i-test-season/fpl_edge/interfaces/telegram.py", line 102, in call
    resp = self._client.post(f"/{method}", json=payload, timeout=timeout)
           ^^^^^^^^^^^^^^^^^^^^^^^^^^^^^^^^^^^^^^^^^^^^^^^^^^^^^^^^^^^^^^
  File "/Users/nripeshpradhan/Documents/Github/i-test-season/.venv/lib/python3.11/site-packages/httpx/_client.py", line 1144, in post
    return self.request(
           ^^^^^^^^^^^^^
  File "/Users/nripeshpradhan/Documents/Github/i-test-season/.venv/lib/python3.11/site-packages/httpx/_client.py", line 825, in request
    return self.send(request, auth=auth, follow_redirects=follow_redirects)
           ^^^^^^^^^^^^^^^^^^^^^^^^^^^^^^^^^^^^^^^^^^^^^^^^^^^^^^^^^^^^^^^^
  File "/Users/nripeshpradhan/Documents/Github/i-test-season/.venv/lib/python3.11/site-packages/httpx/_client.py", line 914, in send
    response = self._send_handling_auth(
               ^^^^^^^^^^^^^^^^^^^^^^^^^
  File "/Users/nripeshpradhan/Documents/Github/i-test-season/.venv/lib/python3.11/site-packages/httpx/_client.py", line 942, in _send_handling_auth
    response = self._send_handling_redirects(
               ^^^^^^^^^^^^^^^^^^^^^^^^^^^^^^
  File "/Users/nripeshpradhan/Documents/Github/i-test-season/.venv/lib/python3.11/site-packages/httpx/_client.py", line 979, in _send_handling_redirects
    response = self._send_single_request(request)
               ^^^^^^^^^^^^^^^^^^^^^^^^^^^^^^^^^^
  File "/Users/nripeshpradhan/Documents/Github/i-test-season/.venv/lib/python3.11/site-packages/httpx/_client.py", line 1014, in _send_single_request
    response = transport.handle_request(request)
               ^^^^^^^^^^^^^^^^^^^^^^^^^^^^^^^^^
  File "/Users/nripeshpradhan/Documents/Github/i-test-season/.venv/lib/python3.11/site-packages/httpx/_transports/default.py", line 249, in handle_request
    with map_httpcore_exceptions():
  File "/Users/nripeshpradhan/.local/share/uv/python/cpython-3.11.15-macos-aarch64-none/lib/python3.11/contextlib.py", line 158, in __exit__
    self.gen.throw(typ, value, traceback)
  File "/Users/nripeshpradhan/Documents/Github/i-test-season/.venv/lib/python3.11/site-packages/httpx/_transports/default.py", line 118, in map_httpcore_exceptions
    raise mapped_exc(message) from exc
httpx.ReadTimeout: The read operation timed out
2026-08-20 20:39:59,258 ERROR poll cycle failed; backing off
Traceback (most recent call last):
  File "/Users/nripeshpradhan/Documents/Github/i-test-season/.venv/lib/python3.11/site-packages/httpx/_transports/default.py", line 101, in map_httpcore_exceptions
    yield
  File "/Users/nripeshpradhan/Documents/Github/i-test-season/.venv/lib/python3.11/site-packages/httpx/_transports/default.py", line 250, in handle_request
    resp = self._pool.handle_request(req)
           ^^^^^^^^^^^^^^^^^^^^^^^^^^^^^^
  File "/Users/nripeshpradhan/Documents/Github/i-test-season/.venv/lib/python3.11/site-packages/httpcore/_sync/connection_pool.py", line 256, in handle_request
    raise exc from None
  File "/Users/nripeshpradhan/Documents/Github/i-test-season/.venv/lib/python3.11/site-packages/httpcore/_sync/connection_pool.py", line 236, in handle_request
    response = connection.handle_request(
               ^^^^^^^^^^^^^^^^^^^^^^^^^^
  File "/Users/nripeshpradhan/Documents/Github/i-test-season/.venv/lib/python3.11/site-packages/httpcore/_sync/connection.py", line 103, in handle_request
    return self._connection.handle_request(request)
           ^^^^^^^^^^^^^^^^^^^^^^^^^^^^^^^^^^^^^^^^
  File "/Users/nripeshpradhan/Documents/Github/i-test-season/.venv/lib/python3.11/site-packages/httpcore/_sync/http11.py", line 136, in handle_request
    raise exc
  File "/Users/nripeshpradhan/Documents/Github/i-test-season/.venv/lib/python3.11/site-packages/httpcore/_sync/http11.py", line 106, in handle_request
    ) = self._receive_response_headers(**kwargs)
        ^^^^^^^^^^^^^^^^^^^^^^^^^^^^^^^^^^^^^^^^
  File "/Users/nripeshpradhan/Documents/Github/i-test-season/.venv/lib/python3.11/site-packages/httpcore/_sync/http11.py", line 177, in _receive_response_headers
    event = self._receive_event(timeout=timeout)
            ^^^^^^^^^^^^^^^^^^^^^^^^^^^^^^^^^^^^
  File "/Users/nripeshpradhan/Documents/Github/i-test-season/.venv/lib/python3.11/site-packages/httpcore/_sync/http11.py", line 217, in _receive_event
    data = self._network_stream.read(
           ^^^^^^^^^^^^^^^^^^^^^^^^^^
  File "/Users/nripeshpradhan/Documents/Github/i-test-season/.venv/lib/python3.11/site-packages/httpcore/_backends/sync.py", line 126, in read
    with map_exceptions(exc_map):
  File "/Users/nripeshpradhan/.local/share/uv/python/cpython-3.11.15-macos-aarch64-none/lib/python3.11/contextlib.py", line 158, in __exit__
    self.gen.throw(typ, value, traceback)
  File "/Users/nripeshpradhan/Documents/Github/i-test-season/.venv/lib/python3.11/site-packages/httpcore/_exceptions.py", line 14, in map_exceptions
    raise to_exc(exc) from exc
httpcore.ReadTimeout: The read operation timed out

The above exception was the direct cause of the following exception:

Traceback (most recent call last):
  File "/Users/nripeshpradhan/Documents/Github/i-test-season/fpl_edge/interfaces/telegram.py", line 503, in run_forever
    self.poll_once(timeout=timeout)
  File "/Users/nripeshpradhan/Documents/Github/i-test-season/fpl_edge/interfaces/telegram.py", line 338, in poll_once
    body = self.transport.call(
           ^^^^^^^^^^^^^^^^^^^^
  File "/Users/nripeshpradhan/Documents/Github/i-test-season/fpl_edge/interfaces/telegram.py", line 102, in call
    resp = self._client.post(f"/{method}", json=payload, timeout=timeout)
           ^^^^^^^^^^^^^^^^^^^^^^^^^^^^^^^^^^^^^^^^^^^^^^^^^^^^^^^^^^^^^^
  File "/Users/nripeshpradhan/Documents/Github/i-test-season/.venv/lib/python3.11/site-packages/httpx/_client.py", line 1144, in post
    return self.request(
           ^^^^^^^^^^^^^
  File "/Users/nripeshpradhan/Documents/Github/i-test-season/.venv/lib/python3.11/site-packages/httpx/_client.py", line 825, in request
    return self.send(request, auth=auth, follow_redirects=follow_redirects)
           ^^^^^^^^^^^^^^^^^^^^^^^^^^^^^^^^^^^^^^^^^^^^^^^^^^^^^^^^^^^^^^^^
  File "/Users/nripeshpradhan/Documents/Github/i-test-season/.venv/lib/python3.11/site-packages/httpx/_client.py", line 914, in send
    response = self._send_handling_auth(
               ^^^^^^^^^^^^^^^^^^^^^^^^^
  File "/Users/nripeshpradhan/Documents/Github/i-test-season/.venv/lib/python3.11/site-packages/httpx/_client.py", line 942, in _send_handling_auth
    response = self._send_handling_redirects(
               ^^^^^^^^^^^^^^^^^^^^^^^^^^^^^^
  File "/Users/nripeshpradhan/Documents/Github/i-test-season/.venv/lib/python3.11/site-packages/httpx/_client.py", line 979, in _send_handling_redirects
    response = self._send_single_request(request)
               ^^^^^^^^^^^^^^^^^^^^^^^^^^^^^^^^^^
  File "/Users/nripeshpradhan/Documents/Github/i-test-season/.venv/lib/python3.11/site-packages/httpx/_client.py", line 1014, in _send_single_request
    response = transport.handle_request(request)
               ^^^^^^^^^^^^^^^^^^^^^^^^^^^^^^^^^
  File "/Users/nripeshpradhan/Documents/Github/i-test-season/.venv/lib/python3.11/site-packages/httpx/_transports/default.py", line 249, in handle_request
    with map_httpcore_exceptions():
  File "/Users/nripeshpradhan/.local/share/uv/python/cpython-3.11.15-macos-aarch64-none/lib/python3.11/contextlib.py", line 158, in __exit__
    self.gen.throw(typ, value, traceback)
  File "/Users/nripeshpradhan/Documents/Github/i-test-season/.venv/lib/python3.11/site-packages/httpx/_transports/default.py", line 118, in map_httpcore_exceptions
    raise mapped_exc(message) from exc
httpx.ReadTimeout: The read operation timed out
2026-08-20 20:42:03,191 ERROR poll cycle failed; backing off
Traceback (most recent call last):
  File "/Users/nripeshpradhan/Documents/Github/i-test-season/.venv/lib/python3.11/site-packages/httpx/_transports/default.py", line 101, in map_httpcore_exceptions
    yield
  File "/Users/nripeshpradhan/Documents/Github/i-test-season/.venv/lib/python3.11/site-packages/httpx/_transports/default.py", line 250, in handle_request
    resp = self._pool.handle_request(req)
           ^^^^^^^^^^^^^^^^^^^^^^^^^^^^^^
  File "/Users/nripeshpradhan/Documents/Github/i-test-season/.venv/lib/python3.11/site-packages/httpcore/_sync/connection_pool.py", line 256, in handle_request
    raise exc from None
  File "/Users/nripeshpradhan/Documents/Github/i-test-season/.venv/lib/python3.11/site-packages/httpcore/_sync/connection_pool.py", line 236, in handle_request
    response = connection.handle_request(
               ^^^^^^^^^^^^^^^^^^^^^^^^^^
  File "/Users/nripeshpradhan/Documents/Github/i-test-season/.venv/lib/python3.11/site-packages/httpcore/_sync/connection.py", line 103, in handle_request
    return self._connection.handle_request(request)
           ^^^^^^^^^^^^^^^^^^^^^^^^^^^^^^^^^^^^^^^^
  File "/Users/nripeshpradhan/Documents/Github/i-test-season/.venv/lib/python3.11/site-packages/httpcore/_sync/http11.py", line 136, in handle_request
    raise exc
  File "/Users/nripeshpradhan/Documents/Github/i-test-season/.venv/lib/python3.11/site-packages/httpcore/_sync/http11.py", line 106, in handle_request
    ) = self._receive_response_headers(**kwargs)
        ^^^^^^^^^^^^^^^^^^^^^^^^^^^^^^^^^^^^^^^^
  File "/Users/nripeshpradhan/Documents/Github/i-test-season/.venv/lib/python3.11/site-packages/httpcore/_sync/http11.py", line 177, in _receive_response_headers
    event = self._receive_event(timeout=timeout)
            ^^^^^^^^^^^^^^^^^^^^^^^^^^^^^^^^^^^^
  File "/Users/nripeshpradhan/Documents/Github/i-test-season/.venv/lib/python3.11/site-packages/httpcore/_sync/http11.py", line 217, in _receive_event
    data = self._network_stream.read(
           ^^^^^^^^^^^^^^^^^^^^^^^^^^
  File "/Users/nripeshpradhan/Documents/Github/i-test-season/.venv/lib/python3.11/site-packages/httpcore/_backends/sync.py", line 126, in read
    with map_exceptions(exc_map):
  File "/Users/nripeshpradhan/.local/share/uv/python/cpython-3.11.15-macos-aarch64-none/lib/python3.11/contextlib.py", line 158, in __exit__
    self.gen.throw(typ, value, traceback)
  File "/Users/nripeshpradhan/Documents/Github/i-test-season/.venv/lib/python3.11/site-packages/httpcore/_exceptions.py", line 14, in map_exceptions
    raise to_exc(exc) from exc
httpcore.ReadTimeout: The read operation timed out

The above exception was the direct cause of the following exception:

Traceback (most recent call last):
  File "/Users/nripeshpradhan/Documents/Github/i-test-season/fpl_edge/interfaces/telegram.py", line 503, in run_forever
    self.poll_once(timeout=timeout)
  File "/Users/nripeshpradhan/Documents/Github/i-test-season/fpl_edge/interfaces/telegram.py", line 338, in poll_once
    body = self.transport.call(
           ^^^^^^^^^^^^^^^^^^^^
  File "/Users/nripeshpradhan/Documents/Github/i-test-season/fpl_edge/interfaces/telegram.py", line 102, in call
    resp = self._client.post(f"/{method}", json=payload, timeout=timeout)
           ^^^^^^^^^^^^^^^^^^^^^^^^^^^^^^^^^^^^^^^^^^^^^^^^^^^^^^^^^^^^^^
  File "/Users/nripeshpradhan/Documents/Github/i-test-season/.venv/lib/python3.11/site-packages/httpx/_client.py", line 1144, in post
    return self.request(
           ^^^^^^^^^^^^^
  File "/Users/nripeshpradhan/Documents/Github/i-test-season/.venv/lib/python3.11/site-packages/httpx/_client.py", line 825, in request
    return self.send(request, auth=auth, follow_redirects=follow_redirects)
           ^^^^^^^^^^^^^^^^^^^^^^^^^^^^^^^^^^^^^^^^^^^^^^^^^^^^^^^^^^^^^^^^
  File "/Users/nripeshpradhan/Documents/Github/i-test-season/.venv/lib/python3.11/site-packages/httpx/_client.py", line 914, in send
    response = self._send_handling_auth(
               ^^^^^^^^^^^^^^^^^^^^^^^^^
  File "/Users/nripeshpradhan/Documents/Github/i-test-season/.venv/lib/python3.11/site-packages/httpx/_client.py", line 942, in _send_handling_auth
    response = self._send_handling_redirects(
               ^^^^^^^^^^^^^^^^^^^^^^^^^^^^^^
  File "/Users/nripeshpradhan/Documents/Github/i-test-season/.venv/lib/python3.11/site-packages/httpx/_client.py", line 979, in _send_handling_redirects
    response = self._send_single_request(request)
               ^^^^^^^^^^^^^^^^^^^^^^^^^^^^^^^^^^
  File "/Users/nripeshpradhan/Documents/Github/i-test-season/.venv/lib/python3.11/site-packages/httpx/_client.py", line 1014, in _send_single_request
    response = transport.handle_request(request)
               ^^^^^^^^^^^^^^^^^^^^^^^^^^^^^^^^^
  File "/Users/nripeshpradhan/Documents/Github/i-test-season/.venv/lib/python3.11/site-packages/httpx/_transports/default.py", line 249, in handle_request
    with map_httpcore_exceptions():
  File "/Users/nripeshpradhan/.local/share/uv/python/cpython-3.11.15-macos-aarch64-none/lib/python3.11/contextlib.py", line 158, in __exit__
    self.gen.throw(typ, value, traceback)
  File "/Users/nripeshpradhan/Documents/Github/i-test-season/.venv/lib/python3.11/site-packages/httpx/_transports/default.py", line 118, in map_httpcore_exceptions
    raise mapped_exc(message) from exc
httpx.ReadTimeout: The read operation timed out
2026-08-20 20:47:14,799 ERROR poll cycle failed; backing off
Traceback (most recent call last):
  File "/Users/nripeshpradhan/Documents/Github/i-test-season/.venv/lib/python3.11/site-packages/httpx/_transports/default.py", line 101, in map_httpcore_exceptions
    yield
  File "/Users/nripeshpradhan/Documents/Github/i-test-season/.venv/lib/python3.11/site-packages/httpx/_transports/default.py", line 250, in handle_request
    resp = self._pool.handle_request(req)
           ^^^^^^^^^^^^^^^^^^^^^^^^^^^^^^
  File "/Users/nripeshpradhan/Documents/Github/i-test-season/.venv/lib/python3.11/site-packages/httpcore/_sync/connection_pool.py", line 256, in handle_request
    raise exc from None
  File "/Users/nripeshpradhan/Documents/Github/i-test-season/.venv/lib/python3.11/site-packages/httpcore/_sync/connection_pool.py", line 236, in handle_request
    response = connection.handle_request(
               ^^^^^^^^^^^^^^^^^^^^^^^^^^
  File "/Users/nripeshpradhan/Documents/Github/i-test-season/.venv/lib/python3.11/site-packages/httpcore/_sync/connection.py", line 103, in handle_request
    return self._connection.handle_request(request)
           ^^^^^^^^^^^^^^^^^^^^^^^^^^^^^^^^^^^^^^^^
  File "/Users/nripeshpradhan/Documents/Github/i-test-season/.venv/lib/python3.11/site-packages/httpcore/_sync/http11.py", line 136, in handle_request
    raise exc
  File "/Users/nripeshpradhan/Documents/Github/i-test-season/.venv/lib/python3.11/site-packages/httpcore/_sync/http11.py", line 106, in handle_request
    ) = self._receive_response_headers(**kwargs)
        ^^^^^^^^^^^^^^^^^^^^^^^^^^^^^^^^^^^^^^^^
  File "/Users/nripeshpradhan/Documents/Github/i-test-season/.venv/lib/python3.11/site-packages/httpcore/_sync/http11.py", line 177, in _receive_response_headers
    event = self._receive_event(timeout=timeout)
            ^^^^^^^^^^^^^^^^^^^^^^^^^^^^^^^^^^^^
  File "/Users/nripeshpradhan/Documents/Github/i-test-season/.venv/lib/python3.11/site-packages/httpcore/_sync/http11.py", line 217, in _receive_event
    data = self._network_stream.read(
           ^^^^^^^^^^^^^^^^^^^^^^^^^^
  File "/Users/nripeshpradhan/Documents/Github/i-test-season/.venv/lib/python3.11/site-packages/httpcore/_backends/sync.py", line 126, in read
    with map_exceptions(exc_map):
  File "/Users/nripeshpradhan/.local/share/uv/python/cpython-3.11.15-macos-aarch64-none/lib/python3.11/contextlib.py", line 158, in __exit__
    self.gen.throw(typ, value, traceback)
  File "/Users/nripeshpradhan/Documents/Github/i-test-season/.venv/lib/python3.11/site-packages/httpcore/_exceptions.py", line 14, in map_exceptions
    raise to_exc(exc) from exc
httpcore.ReadTimeout: The read operation timed out

The above exception was the direct cause of the following exception:

Traceback (most recent call last):
  File "/Users/nripeshpradhan/Documents/Github/i-test-season/fpl_edge/interfaces/telegram.py", line 503, in run_forever
    self.poll_once(timeout=timeout)
  File "/Users/nripeshpradhan/Documents/Github/i-test-season/fpl_edge/interfaces/telegram.py", line 338, in poll_once
    body = self.transport.call(
           ^^^^^^^^^^^^^^^^^^^^
  File "/Users/nripeshpradhan/Documents/Github/i-test-season/fpl_edge/interfaces/telegram.py", line 102, in call
    resp = self._client.post(f"/{method}", json=payload, timeout=timeout)
           ^^^^^^^^^^^^^^^^^^^^^^^^^^^^^^^^^^^^^^^^^^^^^^^^^^^^^^^^^^^^^^
  File "/Users/nripeshpradhan/Documents/Github/i-test-season/.venv/lib/python3.11/site-packages/httpx/_client.py", line 1144, in post
    return self.request(
           ^^^^^^^^^^^^^
  File "/Users/nripeshpradhan/Documents/Github/i-test-season/.venv/lib/python3.11/site-packages/httpx/_client.py", line 825, in request
    return self.send(request, auth=auth, follow_redirects=follow_redirects)
           ^^^^^^^^^^^^^^^^^^^^^^^^^^^^^^^^^^^^^^^^^^^^^^^^^^^^^^^^^^^^^^^^
  File "/Users/nripeshpradhan/Documents/Github/i-test-season/.venv/lib/python3.11/site-packages/httpx/_client.py", line 914, in send
    response = self._send_handling_auth(
               ^^^^^^^^^^^^^^^^^^^^^^^^^
  File "/Users/nripeshpradhan/Documents/Github/i-test-season/.venv/lib/python3.11/site-packages/httpx/_client.py", line 942, in _send_handling_auth
    response = self._send_handling_redirects(
               ^^^^^^^^^^^^^^^^^^^^^^^^^^^^^^
  File "/Users/nripeshpradhan/Documents/Github/i-test-season/.venv/lib/python3.11/site-packages/httpx/_client.py", line 979, in _send_handling_redirects
    response = self._send_single_request(request)
               ^^^^^^^^^^^^^^^^^^^^^^^^^^^^^^^^^^
  File "/Users/nripeshpradhan/Documents/Github/i-test-season/.venv/lib/python3.11/site-packages/httpx/_client.py", line 1014, in _send_single_request
    response = transport.handle_request(request)
               ^^^^^^^^^^^^^^^^^^^^^^^^^^^^^^^^^
  File "/Users/nripeshpradhan/Documents/Github/i-test-season/.venv/lib/python3.11/site-packages/httpx/_transports/default.py", line 249, in handle_request
    with map_httpcore_exceptions():
  File "/Users/nripeshpradhan/.local/share/uv/python/cpython-3.11.15-macos-aarch64-none/lib/python3.11/contextlib.py", line 158, in __exit__
    self.gen.throw(typ, value, traceback)
  File "/Users/nripeshpradhan/Documents/Github/i-test-season/.venv/lib/python3.11/site-packages/httpx/_transports/default.py", line 118, in map_httpcore_exceptions
    raise mapped_exc(message) from exc
httpx.ReadTimeout: The read operation timed out
2026-08-20 20:49:45,809 ERROR poll cycle failed; backing off
Traceback (most recent call last):
  File "/Users/nripeshpradhan/Documents/Github/i-test-season/.venv/lib/python3.11/site-packages/httpx/_transports/default.py", line 101, in map_httpcore_exceptions
    yield
  File "/Users/nripeshpradhan/Documents/Github/i-test-season/.venv/lib/python3.11/site-packages/httpx/_transports/default.py", line 250, in handle_request
    resp = self._pool.handle_request(req)
           ^^^^^^^^^^^^^^^^^^^^^^^^^^^^^^
  File "/Users/nripeshpradhan/Documents/Github/i-test-season/.venv/lib/python3.11/site-packages/httpcore/_sync/connection_pool.py", line 256, in handle_request
    raise exc from None
  File "/Users/nripeshpradhan/Documents/Github/i-test-season/.venv/lib/python3.11/site-packages/httpcore/_sync/connection_pool.py", line 236, in handle_request
    response = connection.handle_request(
               ^^^^^^^^^^^^^^^^^^^^^^^^^^
  File "/Users/nripeshpradhan/Documents/Github/i-test-season/.venv/lib/python3.11/site-packages/httpcore/_sync/connection.py", line 103, in handle_request
    return self._connection.handle_request(request)
           ^^^^^^^^^^^^^^^^^^^^^^^^^^^^^^^^^^^^^^^^
  File "/Users/nripeshpradhan/Documents/Github/i-test-season/.venv/lib/python3.11/site-packages/httpcore/_sync/http11.py", line 136, in handle_request
    raise exc
  File "/Users/nripeshpradhan/Documents/Github/i-test-season/.venv/lib/python3.11/site-packages/httpcore/_sync/http11.py", line 106, in handle_request
    ) = self._receive_response_headers(**kwargs)
        ^^^^^^^^^^^^^^^^^^^^^^^^^^^^^^^^^^^^^^^^
  File "/Users/nripeshpradhan/Documents/Github/i-test-season/.venv/lib/python3.11/site-packages/httpcore/_sync/http11.py", line 177, in _receive_response_headers
    event = self._receive_event(timeout=timeout)
            ^^^^^^^^^^^^^^^^^^^^^^^^^^^^^^^^^^^^
  File "/Users/nripeshpradhan/Documents/Github/i-test-season/.venv/lib/python3.11/site-packages/httpcore/_sync/http11.py", line 217, in _receive_event
    data = self._network_stream.read(
           ^^^^^^^^^^^^^^^^^^^^^^^^^^
  File "/Users/nripeshpradhan/Documents/Github/i-test-season/.venv/lib/python3.11/site-packages/httpcore/_backends/sync.py", line 126, in read
    with map_exceptions(exc_map):
  File "/Users/nripeshpradhan/.local/share/uv/python/cpython-3.11.15-macos-aarch64-none/lib/python3.11/contextlib.py", line 158, in __exit__
    self.gen.throw(typ, value, traceback)
  File "/Users/nripeshpradhan/Documents/Github/i-test-season/.venv/lib/python3.11/site-packages/httpcore/_exceptions.py", line 14, in map_exceptions
    raise to_exc(exc) from exc
httpcore.ReadTimeout: The read operation timed out

The above exception was the direct cause of the following exception:

Traceback (most recent call last):
  File "/Users/nripeshpradhan/Documents/Github/i-test-season/fpl_edge/interfaces/telegram.py", line 503, in run_forever
    self.poll_once(timeout=timeout)
  File "/Users/nripeshpradhan/Documents/Github/i-test-season/fpl_edge/interfaces/telegram.py", line 338, in poll_once
    body = self.transport.call(
           ^^^^^^^^^^^^^^^^^^^^
  File "/Users/nripeshpradhan/Documents/Github/i-test-season/fpl_edge/interfaces/telegram.py", line 102, in call
    resp = self._client.post(f"/{method}", json=payload, timeout=timeout)
           ^^^^^^^^^^^^^^^^^^^^^^^^^^^^^^^^^^^^^^^^^^^^^^^^^^^^^^^^^^^^^^
  File "/Users/nripeshpradhan/Documents/Github/i-test-season/.venv/lib/python3.11/site-packages/httpx/_client.py", line 1144, in post
    return self.request(
           ^^^^^^^^^^^^^
  File "/Users/nripeshpradhan/Documents/Github/i-test-season/.venv/lib/python3.11/site-packages/httpx/_client.py", line 825, in request
    return self.send(request, auth=auth, follow_redirects=follow_redirects)
           ^^^^^^^^^^^^^^^^^^^^^^^^^^^^^^^^^^^^^^^^^^^^^^^^^^^^^^^^^^^^^^^^
  File "/Users/nripeshpradhan/Documents/Github/i-test-season/.venv/lib/python3.11/site-packages/httpx/_client.py", line 914, in send
    response = self._send_handling_auth(
               ^^^^^^^^^^^^^^^^^^^^^^^^^
  File "/Users/nripeshpradhan/Documents/Github/i-test-season/.venv/lib/python3.11/site-packages/httpx/_client.py", line 942, in _send_handling_auth
    response = self._send_handling_redirects(
               ^^^^^^^^^^^^^^^^^^^^^^^^^^^^^^
  File "/Users/nripeshpradhan/Documents/Github/i-test-season/.venv/lib/python3.11/site-packages/httpx/_client.py", line 979, in _send_handling_redirects
    response = self._send_single_request(request)
               ^^^^^^^^^^^^^^^^^^^^^^^^^^^^^^^^^^
  File "/Users/nripeshpradhan/Documents/Github/i-test-season/.venv/lib/python3.11/site-packages/httpx/_client.py", line 1014, in _send_single_request
    response = transport.handle_request(request)
               ^^^^^^^^^^^^^^^^^^^^^^^^^^^^^^^^^
  File "/Users/nripeshpradhan/Documents/Github/i-test-season/.venv/lib/python3.11/site-packages/httpx/_transports/default.py", line 249, in handle_request
    with map_httpcore_exceptions():
  File "/Users/nripeshpradhan/.local/share/uv/python/cpython-3.11.15-macos-aarch64-none/lib/python3.11/contextlib.py", line 158, in __exit__
    self.gen.throw(typ, value, traceback)
  File "/Users/nripeshpradhan/Documents/Github/i-test-season/.venv/lib/python3.11/site-packages/httpx/_transports/default.py", line 118, in map_httpcore_exceptions
    raise mapped_exc(message) from exc
httpx.ReadTimeout: The read operation timed out
2026-08-20 21:04:03,393 ERROR poll cycle failed; backing off
Traceback (most recent call last):
  File "/Users/nripeshpradhan/Documents/Github/i-test-season/.venv/lib/python3.11/site-packages/httpx/_transports/default.py", line 101, in map_httpcore_exceptions
    yield
  File "/Users/nripeshpradhan/Documents/Github/i-test-season/.venv/lib/python3.11/site-packages/httpx/_transports/default.py", line 250, in handle_request
    resp = self._pool.handle_request(req)
           ^^^^^^^^^^^^^^^^^^^^^^^^^^^^^^
  File "/Users/nripeshpradhan/Documents/Github/i-test-season/.venv/lib/python3.11/site-packages/httpcore/_sync/connection_pool.py", line 256, in handle_request
    raise exc from None
  File "/Users/nripeshpradhan/Documents/Github/i-test-season/.venv/lib/python3.11/site-packages/httpcore/_sync/connection_pool.py", line 236, in handle_request
    response = connection.handle_request(
               ^^^^^^^^^^^^^^^^^^^^^^^^^^
  File "/Users/nripeshpradhan/Documents/Github/i-test-season/.venv/lib/python3.11/site-packages/httpcore/_sync/connection.py", line 103, in handle_request
    return self._connection.handle_request(request)
           ^^^^^^^^^^^^^^^^^^^^^^^^^^^^^^^^^^^^^^^^
  File "/Users/nripeshpradhan/Documents/Github/i-test-season/.venv/lib/python3.11/site-packages/httpcore/_sync/http11.py", line 136, in handle_request
    raise exc
  File "/Users/nripeshpradhan/Documents/Github/i-test-season/.venv/lib/python3.11/site-packages/httpcore/_sync/http11.py", line 106, in handle_request
    ) = self._receive_response_headers(**kwargs)
        ^^^^^^^^^^^^^^^^^^^^^^^^^^^^^^^^^^^^^^^^
  File "/Users/nripeshpradhan/Documents/Github/i-test-season/.venv/lib/python3.11/site-packages/httpcore/_sync/http11.py", line 177, in _receive_response_headers
    event = self._receive_event(timeout=timeout)
            ^^^^^^^^^^^^^^^^^^^^^^^^^^^^^^^^^^^^
  File "/Users/nripeshpradhan/Documents/Github/i-test-season/.venv/lib/python3.11/site-packages/httpcore/_sync/http11.py", line 217, in _receive_event
    data = self._network_stream.read(
           ^^^^^^^^^^^^^^^^^^^^^^^^^^
  File "/Users/nripeshpradhan/Documents/Github/i-test-season/.venv/lib/python3.11/site-packages/httpcore/_backends/sync.py", line 126, in read
    with map_exceptions(exc_map):
  File "/Users/nripeshpradhan/.local/share/uv/python/cpython-3.11.15-macos-aarch64-none/lib/python3.11/contextlib.py", line 158, in __exit__
    self.gen.throw(typ, value, traceback)
  File "/Users/nripeshpradhan/Documents/Github/i-test-season/.venv/lib/python3.11/site-packages/httpcore/_exceptions.py", line 14, in map_exceptions
    raise to_exc(exc) from exc
httpcore.ReadTimeout: The read operation timed out

The above exception was the direct cause of the following exception:

Traceback (most recent call last):
  File "/Users/nripeshpradhan/Documents/Github/i-test-season/fpl_edge/interfaces/telegram.py", line 503, in run_forever
    self.poll_once(timeout=timeout)
  File "/Users/nripeshpradhan/Documents/Github/i-test-season/fpl_edge/interfaces/telegram.py", line 338, in poll_once
    body = self.transport.call(
           ^^^^^^^^^^^^^^^^^^^^
  File "/Users/nripeshpradhan/Documents/Github/i-test-season/fpl_edge/interfaces/telegram.py", line 102, in call
    resp = self._client.post(f"/{method}", json=payload, timeout=timeout)
           ^^^^^^^^^^^^^^^^^^^^^^^^^^^^^^^^^^^^^^^^^^^^^^^^^^^^^^^^^^^^^^
  File "/Users/nripeshpradhan/Documents/Github/i-test-season/.venv/lib/python3.11/site-packages/httpx/_client.py", line 1144, in post
    return self.request(
           ^^^^^^^^^^^^^
  File "/Users/nripeshpradhan/Documents/Github/i-test-season/.venv/lib/python3.11/site-packages/httpx/_client.py", line 825, in request
    return self.send(request, auth=auth, follow_redirects=follow_redirects)
           ^^^^^^^^^^^^^^^^^^^^^^^^^^^^^^^^^^^^^^^^^^^^^^^^^^^^^^^^^^^^^^^^
  File "/Users/nripeshpradhan/Documents/Github/i-test-season/.venv/lib/python3.11/site-packages/httpx/_client.py", line 914, in send
    response = self._send_handling_auth(
               ^^^^^^^^^^^^^^^^^^^^^^^^^
  File "/Users/nripeshpradhan/Documents/Github/i-test-season/.venv/lib/python3.11/site-packages/httpx/_client.py", line 942, in _send_handling_auth
    response = self._send_handling_redirects(
               ^^^^^^^^^^^^^^^^^^^^^^^^^^^^^^
  File "/Users/nripeshpradhan/Documents/Github/i-test-season/.venv/lib/python3.11/site-packages/httpx/_client.py", line 979, in _send_handling_redirects
    response = self._send_single_request(request)
               ^^^^^^^^^^^^^^^^^^^^^^^^^^^^^^^^^^
  File "/Users/nripeshpradhan/Documents/Github/i-test-season/.venv/lib/python3.11/site-packages/httpx/_client.py", line 1014, in _send_single_request
    response = transport.handle_request(request)
               ^^^^^^^^^^^^^^^^^^^^^^^^^^^^^^^^^
  File "/Users/nripeshpradhan/Documents/Github/i-test-season/.venv/lib/python3.11/site-packages/httpx/_transports/default.py", line 249, in handle_request
    with map_httpcore_exceptions():
  File "/Users/nripeshpradhan/.local/share/uv/python/cpython-3.11.15-macos-aarch64-none/lib/python3.11/contextlib.py", line 158, in __exit__
    self.gen.throw(typ, value, traceback)
  File "/Users/nripeshpradhan/Documents/Github/i-test-season/.venv/lib/python3.11/site-packages/httpx/_transports/default.py", line 118, in map_httpcore_exceptions
    raise mapped_exc(message) from exc
httpx.ReadTimeout: The read operation timed out
2026-08-20 21:31:20,209 ERROR poll cycle failed; backing off
Traceback (most recent call last):
  File "/Users/nripeshpradhan/Documents/Github/i-test-season/.venv/lib/python3.11/site-packages/httpx/_transports/default.py", line 101, in map_httpcore_exceptions
    yield
  File "/Users/nripeshpradhan/Documents/Github/i-test-season/.venv/lib/python3.11/site-packages/httpx/_transports/default.py", line 250, in handle_request
    resp = self._pool.handle_request(req)
           ^^^^^^^^^^^^^^^^^^^^^^^^^^^^^^
  File "/Users/nripeshpradhan/Documents/Github/i-test-season/.venv/lib/python3.11/site-packages/httpcore/_sync/connection_pool.py", line 256, in handle_request
    raise exc from None
  File "/Users/nripeshpradhan/Documents/Github/i-test-season/.venv/lib/python3.11/site-packages/httpcore/_sync/connection_pool.py", line 236, in handle_request
    response = connection.handle_request(
               ^^^^^^^^^^^^^^^^^^^^^^^^^^
  File "/Users/nripeshpradhan/Documents/Github/i-test-season/.venv/lib/python3.11/site-packages/httpcore/_sync/connection.py", line 103, in handle_request
    return self._connection.handle_request(request)
           ^^^^^^^^^^^^^^^^^^^^^^^^^^^^^^^^^^^^^^^^
  File "/Users/nripeshpradhan/Documents/Github/i-test-season/.venv/lib/python3.11/site-packages/httpcore/_sync/http11.py", line 136, in handle_request
    raise exc
  File "/Users/nripeshpradhan/Documents/Github/i-test-season/.venv/lib/python3.11/site-packages/httpcore/_sync/http11.py", line 106, in handle_request
    ) = self._receive_response_headers(**kwargs)
        ^^^^^^^^^^^^^^^^^^^^^^^^^^^^^^^^^^^^^^^^
  File "/Users/nripeshpradhan/Documents/Github/i-test-season/.venv/lib/python3.11/site-packages/httpcore/_sync/http11.py", line 177, in _receive_response_headers
    event = self._receive_event(timeout=timeout)
            ^^^^^^^^^^^^^^^^^^^^^^^^^^^^^^^^^^^^
  File "/Users/nripeshpradhan/Documents/Github/i-test-season/.venv/lib/python3.11/site-packages/httpcore/_sync/http11.py", line 217, in _receive_event
    data = self._network_stream.read(
           ^^^^^^^^^^^^^^^^^^^^^^^^^^
  File "/Users/nripeshpradhan/Documents/Github/i-test-season/.venv/lib/python3.11/site-packages/httpcore/_backends/sync.py", line 126, in read
    with map_exceptions(exc_map):
  File "/Users/nripeshpradhan/.local/share/uv/python/cpython-3.11.15-macos-aarch64-none/lib/python3.11/contextlib.py", line 158, in __exit__
    self.gen.throw(typ, value, traceback)
  File "/Users/nripeshpradhan/Documents/Github/i-test-season/.venv/lib/python3.11/site-packages/httpcore/_exceptions.py", line 14, in map_exceptions
    raise to_exc(exc) from exc
httpcore.ReadTimeout: The read operation timed out

The above exception was the direct cause of the following exception:

Traceback (most recent call last):
  File "/Users/nripeshpradhan/Documents/Github/i-test-season/fpl_edge/interfaces/telegram.py", line 503, in run_forever
    self.poll_once(timeout=timeout)
  File "/Users/nripeshpradhan/Documents/Github/i-test-season/fpl_edge/interfaces/telegram.py", line 338, in poll_once
    body = self.transport.call(
           ^^^^^^^^^^^^^^^^^^^^
  File "/Users/nripeshpradhan/Documents/Github/i-test-season/fpl_edge/interfaces/telegram.py", line 102, in call
    resp = self._client.post(f"/{method}", json=payload, timeout=timeout)
           ^^^^^^^^^^^^^^^^^^^^^^^^^^^^^^^^^^^^^^^^^^^^^^^^^^^^^^^^^^^^^^
  File "/Users/nripeshpradhan/Documents/Github/i-test-season/.venv/lib/python3.11/site-packages/httpx/_client.py", line 1144, in post
    return self.request(
           ^^^^^^^^^^^^^
  File "/Users/nripeshpradhan/Documents/Github/i-test-season/.venv/lib/python3.11/site-packages/httpx/_client.py", line 825, in request
    return self.send(request, auth=auth, follow_redirects=follow_redirects)
           ^^^^^^^^^^^^^^^^^^^^^^^^^^^^^^^^^^^^^^^^^^^^^^^^^^^^^^^^^^^^^^^^
  File "/Users/nripeshpradhan/Documents/Github/i-test-season/.venv/lib/python3.11/site-packages/httpx/_client.py", line 914, in send
    response = self._send_handling_auth(
               ^^^^^^^^^^^^^^^^^^^^^^^^^
  File "/Users/nripeshpradhan/Documents/Github/i-test-season/.venv/lib/python3.11/site-packages/httpx/_client.py", line 942, in _send_handling_auth
    response = self._send_handling_redirects(
               ^^^^^^^^^^^^^^^^^^^^^^^^^^^^^^
  File "/Users/nripeshpradhan/Documents/Github/i-test-season/.venv/lib/python3.11/site-packages/httpx/_client.py", line 979, in _send_handling_redirects
    response = self._send_single_request(request)
               ^^^^^^^^^^^^^^^^^^^^^^^^^^^^^^^^^^
  File "/Users/nripeshpradhan/Documents/Github/i-test-season/.venv/lib/python3.11/site-packages/httpx/_client.py", line 1014, in _send_single_request
    response = transport.handle_request(request)
               ^^^^^^^^^^^^^^^^^^^^^^^^^^^^^^^^^
  File "/Users/nripeshpradhan/Documents/Github/i-test-season/.venv/lib/python3.11/site-packages/httpx/_transports/default.py", line 249, in handle_request
    with map_httpcore_exceptions():
  File "/Users/nripeshpradhan/.local/share/uv/python/cpython-3.11.15-macos-aarch64-none/lib/python3.11/contextlib.py", line 158, in __exit__
    self.gen.throw(typ, value, traceback)
  File "/Users/nripeshpradhan/Documents/Github/i-test-season/.venv/lib/python3.11/site-packages/httpx/_transports/default.py", line 118, in map_httpcore_exceptions
    raise mapped_exc(message) from exc
httpx.ReadTimeout: The read operation timed out
2026-08-20 21:42:47,903 ERROR poll cycle failed; backing off
Traceback (most recent call last):
  File "/Users/nripeshpradhan/Documents/Github/i-test-season/.venv/lib/python3.11/site-packages/httpx/_transports/default.py", line 101, in map_httpcore_exceptions
    yield
  File "/Users/nripeshpradhan/Documents/Github/i-test-season/.venv/lib/python3.11/site-packages/httpx/_transports/default.py", line 250, in handle_request
    resp = self._pool.handle_request(req)
           ^^^^^^^^^^^^^^^^^^^^^^^^^^^^^^
  File "/Users/nripeshpradhan/Documents/Github/i-test-season/.venv/lib/python3.11/site-packages/httpcore/_sync/connection_pool.py", line 256, in handle_request
    raise exc from None
  File "/Users/nripeshpradhan/Documents/Github/i-test-season/.venv/lib/python3.11/site-packages/httpcore/_sync/connection_pool.py", line 236, in handle_request
    response = connection.handle_request(
               ^^^^^^^^^^^^^^^^^^^^^^^^^^
  File "/Users/nripeshpradhan/Documents/Github/i-test-season/.venv/lib/python3.11/site-packages/httpcore/_sync/connection.py", line 103, in handle_request
    return self._connection.handle_request(request)
           ^^^^^^^^^^^^^^^^^^^^^^^^^^^^^^^^^^^^^^^^
  File "/Users/nripeshpradhan/Documents/Github/i-test-season/.venv/lib/python3.11/site-packages/httpcore/_sync/http11.py", line 136, in handle_request
    raise exc
  File "/Users/nripeshpradhan/Documents/Github/i-test-season/.venv/lib/python3.11/site-packages/httpcore/_sync/http11.py", line 106, in handle_request
    ) = self._receive_response_headers(**kwargs)
        ^^^^^^^^^^^^^^^^^^^^^^^^^^^^^^^^^^^^^^^^
  File "/Users/nripeshpradhan/Documents/Github/i-test-season/.venv/lib/python3.11/site-packages/httpcore/_sync/http11.py", line 177, in _receive_response_headers
    event = self._receive_event(timeout=timeout)
            ^^^^^^^^^^^^^^^^^^^^^^^^^^^^^^^^^^^^
  File "/Users/nripeshpradhan/Documents/Github/i-test-season/.venv/lib/python3.11/site-packages/httpcore/_sync/http11.py", line 217, in _receive_event
    data = self._network_stream.read(
           ^^^^^^^^^^^^^^^^^^^^^^^^^^
  File "/Users/nripeshpradhan/Documents/Github/i-test-season/.venv/lib/python3.11/site-packages/httpcore/_backends/sync.py", line 126, in read
    with map_exceptions(exc_map):
  File "/Users/nripeshpradhan/.local/share/uv/python/cpython-3.11.15-macos-aarch64-none/lib/python3.11/contextlib.py", line 158, in __exit__
    self.gen.throw(typ, value, traceback)
  File "/Users/nripeshpradhan/Documents/Github/i-test-season/.venv/lib/python3.11/site-packages/httpcore/_exceptions.py", line 14, in map_exceptions
    raise to_exc(exc) from exc
httpcore.ReadTimeout: The read operation timed out

The above exception was the direct cause of the following exception:

Traceback (most recent call last):
  File "/Users/nripeshpradhan/Documents/Github/i-test-season/fpl_edge/interfaces/telegram.py", line 503, in run_forever
    self.poll_once(timeout=timeout)
  File "/Users/nripeshpradhan/Documents/Github/i-test-season/fpl_edge/interfaces/telegram.py", line 338, in poll_once
    body = self.transport.call(
           ^^^^^^^^^^^^^^^^^^^^
  File "/Users/nripeshpradhan/Documents/Github/i-test-season/fpl_edge/interfaces/telegram.py", line 102, in call
    resp = self._client.post(f"/{method}", json=payload, timeout=timeout)
           ^^^^^^^^^^^^^^^^^^^^^^^^^^^^^^^^^^^^^^^^^^^^^^^^^^^^^^^^^^^^^^
  File "/Users/nripeshpradhan/Documents/Github/i-test-season/.venv/lib/python3.11/site-packages/httpx/_client.py", line 1144, in post
    return self.request(
           ^^^^^^^^^^^^^
  File "/Users/nripeshpradhan/Documents/Github/i-test-season/.venv/lib/python3.11/site-packages/httpx/_client.py", line 825, in request
    return self.send(request, auth=auth, follow_redirects=follow_redirects)
           ^^^^^^^^^^^^^^^^^^^^^^^^^^^^^^^^^^^^^^^^^^^^^^^^^^^^^^^^^^^^^^^^
  File "/Users/nripeshpradhan/Documents/Github/i-test-season/.venv/lib/python3.11/site-packages/httpx/_client.py", line 914, in send
    response = self._send_handling_auth(
               ^^^^^^^^^^^^^^^^^^^^^^^^^
  File "/Users/nripeshpradhan/Documents/Github/i-test-season/.venv/lib/python3.11/site-packages/httpx/_client.py", line 942, in _send_handling_auth
    response = self._send_handling_redirects(
               ^^^^^^^^^^^^^^^^^^^^^^^^^^^^^^
  File "/Users/nripeshpradhan/Documents/Github/i-test-season/.venv/lib/python3.11/site-packages/httpx/_client.py", line 979, in _send_handling_redirects
    response = self._send_single_request(request)
               ^^^^^^^^^^^^^^^^^^^^^^^^^^^^^^^^^^
  File "/Users/nripeshpradhan/Documents/Github/i-test-season/.venv/lib/python3.11/site-packages/httpx/_client.py", line 1014, in _send_single_request
    response = transport.handle_request(request)
               ^^^^^^^^^^^^^^^^^^^^^^^^^^^^^^^^^
  File "/Users/nripeshpradhan/Documents/Github/i-test-season/.venv/lib/python3.11/site-packages/httpx/_transports/default.py", line 249, in handle_request
    with map_httpcore_exceptions():
  File "/Users/nripeshpradhan/.local/share/uv/python/cpython-3.11.15-macos-aarch64-none/lib/python3.11/contextlib.py", line 158, in __exit__
    self.gen.throw(typ, value, traceback)
  File "/Users/nripeshpradhan/Documents/Github/i-test-season/.venv/lib/python3.11/site-packages/httpx/_transports/default.py", line 118, in map_httpcore_exceptions
    raise mapped_exc(message) from exc
httpx.ReadTimeout: The read operation timed out
2026-08-20 21:57:31,646 ERROR poll cycle failed; backing off
Traceback (most recent call last):
  File "/Users/nripeshpradhan/Documents/Github/i-test-season/.venv/lib/python3.11/site-packages/httpx/_transports/default.py", line 101, in map_httpcore_exceptions
    yield
  File "/Users/nripeshpradhan/Documents/Github/i-test-season/.venv/lib/python3.11/site-packages/httpx/_transports/default.py", line 250, in handle_request
    resp = self._pool.handle_request(req)
           ^^^^^^^^^^^^^^^^^^^^^^^^^^^^^^
  File "/Users/nripeshpradhan/Documents/Github/i-test-season/.venv/lib/python3.11/site-packages/httpcore/_sync/connection_pool.py", line 256, in handle_request
    raise exc from None
  File "/Users/nripeshpradhan/Documents/Github/i-test-season/.venv/lib/python3.11/site-packages/httpcore/_sync/connection_pool.py", line 236, in handle_request
    response = connection.handle_request(
               ^^^^^^^^^^^^^^^^^^^^^^^^^^
  File "/Users/nripeshpradhan/Documents/Github/i-test-season/.venv/lib/python3.11/site-packages/httpcore/_sync/connection.py", line 103, in handle_request
    return self._connection.handle_request(request)
           ^^^^^^^^^^^^^^^^^^^^^^^^^^^^^^^^^^^^^^^^
  File "/Users/nripeshpradhan/Documents/Github/i-test-season/.venv/lib/python3.11/site-packages/httpcore/_sync/http11.py", line 136, in handle_request
    raise exc
  File "/Users/nripeshpradhan/Documents/Github/i-test-season/.venv/lib/python3.11/site-packages/httpcore/_sync/http11.py", line 106, in handle_request
    ) = self._receive_response_headers(**kwargs)
        ^^^^^^^^^^^^^^^^^^^^^^^^^^^^^^^^^^^^^^^^
  File "/Users/nripeshpradhan/Documents/Github/i-test-season/.venv/lib/python3.11/site-packages/httpcore/_sync/http11.py", line 177, in _receive_response_headers
    event = self._receive_event(timeout=timeout)
            ^^^^^^^^^^^^^^^^^^^^^^^^^^^^^^^^^^^^
  File "/Users/nripeshpradhan/Documents/Github/i-test-season/.venv/lib/python3.11/site-packages/httpcore/_sync/http11.py", line 217, in _receive_event
    data = self._network_stream.read(
           ^^^^^^^^^^^^^^^^^^^^^^^^^^
  File "/Users/nripeshpradhan/Documents/Github/i-test-season/.venv/lib/python3.11/site-packages/httpcore/_backends/sync.py", line 126, in read
    with map_exceptions(exc_map):
  File "/Users/nripeshpradhan/.local/share/uv/python/cpython-3.11.15-macos-aarch64-none/lib/python3.11/contextlib.py", line 158, in __exit__
    self.gen.throw(typ, value, traceback)
  File "/Users/nripeshpradhan/Documents/Github/i-test-season/.venv/lib/python3.11/site-packages/httpcore/_exceptions.py", line 14, in map_exceptions
    raise to_exc(exc) from exc
httpcore.ReadTimeout: The read operation timed out

The above exception was the direct cause of the following exception:

Traceback (most recent call last):
  File "/Users/nripeshpradhan/Documents/Github/i-test-season/fpl_edge/interfaces/telegram.py", line 503, in run_forever
    self.poll_once(timeout=timeout)
  File "/Users/nripeshpradhan/Documents/Github/i-test-season/fpl_edge/interfaces/telegram.py", line 338, in poll_once
    body = self.transport.call(
           ^^^^^^^^^^^^^^^^^^^^
  File "/Users/nripeshpradhan/Documents/Github/i-test-season/fpl_edge/interfaces/telegram.py", line 102, in call
    resp = self._client.post(f"/{method}", json=payload, timeout=timeout)
           ^^^^^^^^^^^^^^^^^^^^^^^^^^^^^^^^^^^^^^^^^^^^^^^^^^^^^^^^^^^^^^
  File "/Users/nripeshpradhan/Documents/Github/i-test-season/.venv/lib/python3.11/site-packages/httpx/_client.py", line 1144, in post
    return self.request(
           ^^^^^^^^^^^^^
  File "/Users/nripeshpradhan/Documents/Github/i-test-season/.venv/lib/python3.11/site-packages/httpx/_client.py", line 825, in request
    return self.send(request, auth=auth, follow_redirects=follow_redirects)
           ^^^^^^^^^^^^^^^^^^^^^^^^^^^^^^^^^^^^^^^^^^^^^^^^^^^^^^^^^^^^^^^^
  File "/Users/nripeshpradhan/Documents/Github/i-test-season/.venv/lib/python3.11/site-packages/httpx/_client.py", line 914, in send
    response = self._send_handling_auth(
               ^^^^^^^^^^^^^^^^^^^^^^^^^
  File "/Users/nripeshpradhan/Documents/Github/i-test-season/.venv/lib/python3.11/site-packages/httpx/_client.py", line 942, in _send_handling_auth
    response = self._send_handling_redirects(
               ^^^^^^^^^^^^^^^^^^^^^^^^^^^^^^
  File "/Users/nripeshpradhan/Documents/Github/i-test-season/.venv/lib/python3.11/site-packages/httpx/_client.py", line 979, in _send_handling_redirects
    response = self._send_single_request(request)
               ^^^^^^^^^^^^^^^^^^^^^^^^^^^^^^^^^^
  File "/Users/nripeshpradhan/Documents/Github/i-test-season/.venv/lib/python3.11/site-packages/httpx/_client.py", line 1014, in _send_single_request
    response = transport.handle_request(request)
               ^^^^^^^^^^^^^^^^^^^^^^^^^^^^^^^^^
  File "/Users/nripeshpradhan/Documents/Github/i-test-season/.venv/lib/python3.11/site-packages/httpx/_transports/default.py", line 249, in handle_request
    with map_httpcore_exceptions():
  File "/Users/nripeshpradhan/.local/share/uv/python/cpython-3.11.15-macos-aarch64-none/lib/python3.11/contextlib.py", line 158, in __exit__
    self.gen.throw(typ, value, traceback)
  File "/Users/nripeshpradhan/Documents/Github/i-test-season/.venv/lib/python3.11/site-packages/httpx/_transports/default.py", line 118, in map_httpcore_exceptions
    raise mapped_exc(message) from exc
httpx.ReadTimeout: The read operation timed out
2026-08-20 22:09:27,533 ERROR poll cycle failed; backing off
Traceback (most recent call last):
  File "/Users/nripeshpradhan/Documents/Github/i-test-season/.venv/lib/python3.11/site-packages/httpx/_transports/default.py", line 101, in map_httpcore_exceptions
    yield
  File "/Users/nripeshpradhan/Documents/Github/i-test-season/.venv/lib/python3.11/site-packages/httpx/_transports/default.py", line 250, in handle_request
    resp = self._pool.handle_request(req)
           ^^^^^^^^^^^^^^^^^^^^^^^^^^^^^^
  File "/Users/nripeshpradhan/Documents/Github/i-test-season/.venv/lib/python3.11/site-packages/httpcore/_sync/connection_pool.py", line 256, in handle_request
    raise exc from None
  File "/Users/nripeshpradhan/Documents/Github/i-test-season/.venv/lib/python3.11/site-packages/httpcore/_sync/connection_pool.py", line 236, in handle_request
    response = connection.handle_request(
               ^^^^^^^^^^^^^^^^^^^^^^^^^^
  File "/Users/nripeshpradhan/Documents/Github/i-test-season/.venv/lib/python3.11/site-packages/httpcore/_sync/connection.py", line 103, in handle_request
    return self._connection.handle_request(request)
           ^^^^^^^^^^^^^^^^^^^^^^^^^^^^^^^^^^^^^^^^
  File "/Users/nripeshpradhan/Documents/Github/i-test-season/.venv/lib/python3.11/site-packages/httpcore/_sync/http11.py", line 136, in handle_request
    raise exc
  File "/Users/nripeshpradhan/Documents/Github/i-test-season/.venv/lib/python3.11/site-packages/httpcore/_sync/http11.py", line 106, in handle_request
    ) = self._receive_response_headers(**kwargs)
        ^^^^^^^^^^^^^^^^^^^^^^^^^^^^^^^^^^^^^^^^
  File "/Users/nripeshpradhan/Documents/Github/i-test-season/.venv/lib/python3.11/site-packages/httpcore/_sync/http11.py", line 177, in _receive_response_headers
    event = self._receive_event(timeout=timeout)
            ^^^^^^^^^^^^^^^^^^^^^^^^^^^^^^^^^^^^
  File "/Users/nripeshpradhan/Documents/Github/i-test-season/.venv/lib/python3.11/site-packages/httpcore/_sync/http11.py", line 217, in _receive_event
    data = self._network_stream.read(
           ^^^^^^^^^^^^^^^^^^^^^^^^^^
  File "/Users/nripeshpradhan/Documents/Github/i-test-season/.venv/lib/python3.11/site-packages/httpcore/_backends/sync.py", line 126, in read
    with map_exceptions(exc_map):
  File "/Users/nripeshpradhan/.local/share/uv/python/cpython-3.11.15-macos-aarch64-none/lib/python3.11/contextlib.py", line 158, in __exit__
    self.gen.throw(typ, value, traceback)
  File "/Users/nripeshpradhan/Documents/Github/i-test-season/.venv/lib/python3.11/site-packages/httpcore/_exceptions.py", line 14, in map_exceptions
    raise to_exc(exc) from exc
httpcore.ReadTimeout: The read operation timed out

The above exception was the direct cause of the following exception:

Traceback (most recent call last):
  File "/Users/nripeshpradhan/Documents/Github/i-test-season/fpl_edge/interfaces/telegram.py", line 503, in run_forever
    self.poll_once(timeout=timeout)
  File "/Users/nripeshpradhan/Documents/Github/i-test-season/fpl_edge/interfaces/telegram.py", line 338, in poll_once
    body = self.transport.call(
           ^^^^^^^^^^^^^^^^^^^^
  File "/Users/nripeshpradhan/Documents/Github/i-test-season/fpl_edge/interfaces/telegram.py", line 102, in call
    resp = self._client.post(f"/{method}", json=payload, timeout=timeout)
           ^^^^^^^^^^^^^^^^^^^^^^^^^^^^^^^^^^^^^^^^^^^^^^^^^^^^^^^^^^^^^^
  File "/Users/nripeshpradhan/Documents/Github/i-test-season/.venv/lib/python3.11/site-packages/httpx/_client.py", line 1144, in post
    return self.request(
           ^^^^^^^^^^^^^
  File "/Users/nripeshpradhan/Documents/Github/i-test-season/.venv/lib/python3.11/site-packages/httpx/_client.py", line 825, in request
    return self.send(request, auth=auth, follow_redirects=follow_redirects)
           ^^^^^^^^^^^^^^^^^^^^^^^^^^^^^^^^^^^^^^^^^^^^^^^^^^^^^^^^^^^^^^^^
  File "/Users/nripeshpradhan/Documents/Github/i-test-season/.venv/lib/python3.11/site-packages/httpx/_client.py", line 914, in send
    response = self._send_handling_auth(
               ^^^^^^^^^^^^^^^^^^^^^^^^^
  File "/Users/nripeshpradhan/Documents/Github/i-test-season/.venv/lib/python3.11/site-packages/httpx/_client.py", line 942, in _send_handling_auth
    response = self._send_handling_redirects(
               ^^^^^^^^^^^^^^^^^^^^^^^^^^^^^^
  File "/Users/nripeshpradhan/Documents/Github/i-test-season/.venv/lib/python3.11/site-packages/httpx/_client.py", line 979, in _send_handling_redirects
    response = self._send_single_request(request)
               ^^^^^^^^^^^^^^^^^^^^^^^^^^^^^^^^^^
  File "/Users/nripeshpradhan/Documents/Github/i-test-season/.venv/lib/python3.11/site-packages/httpx/_client.py", line 1014, in _send_single_request
    response = transport.handle_request(request)
               ^^^^^^^^^^^^^^^^^^^^^^^^^^^^^^^^^
  File "/Users/nripeshpradhan/Documents/Github/i-test-season/.venv/lib/python3.11/site-packages/httpx/_transports/default.py", line 249, in handle_request
    with map_httpcore_exceptions():
  File "/Users/nripeshpradhan/.local/share/uv/python/cpython-3.11.15-macos-aarch64-none/lib/python3.11/contextlib.py", line 158, in __exit__
    self.gen.throw(typ, value, traceback)
  File "/Users/nripeshpradhan/Documents/Github/i-test-season/.venv/lib/python3.11/site-packages/httpx/_transports/default.py", line 118, in map_httpcore_exceptions
    raise mapped_exc(message) from exc
httpx.ReadTimeout: The read operation timed out
2026-08-20 22:31:17,418 ERROR poll cycle failed; backing off
Traceback (most recent call last):
  File "/Users/nripeshpradhan/Documents/Github/i-test-season/.venv/lib/python3.11/site-packages/httpx/_transports/default.py", line 101, in map_httpcore_exceptions
    yield
  File "/Users/nripeshpradhan/Documents/Github/i-test-season/.venv/lib/python3.11/site-packages/httpx/_transports/default.py", line 250, in handle_request
    resp = self._pool.handle_request(req)
           ^^^^^^^^^^^^^^^^^^^^^^^^^^^^^^
  File "/Users/nripeshpradhan/Documents/Github/i-test-season/.venv/lib/python3.11/site-packages/httpcore/_sync/connection_pool.py", line 256, in handle_request
    raise exc from None
  File "/Users/nripeshpradhan/Documents/Github/i-test-season/.venv/lib/python3.11/site-packages/httpcore/_sync/connection_pool.py", line 236, in handle_request
    response = connection.handle_request(
               ^^^^^^^^^^^^^^^^^^^^^^^^^^
  File "/Users/nripeshpradhan/Documents/Github/i-test-season/.venv/lib/python3.11/site-packages/httpcore/_sync/connection.py", line 103, in handle_request
    return self._connection.handle_request(request)
           ^^^^^^^^^^^^^^^^^^^^^^^^^^^^^^^^^^^^^^^^
  File "/Users/nripeshpradhan/Documents/Github/i-test-season/.venv/lib/python3.11/site-packages/httpcore/_sync/http11.py", line 136, in handle_request
    raise exc
  File "/Users/nripeshpradhan/Documents/Github/i-test-season/.venv/lib/python3.11/site-packages/httpcore/_sync/http11.py", line 106, in handle_request
    ) = self._receive_response_headers(**kwargs)
        ^^^^^^^^^^^^^^^^^^^^^^^^^^^^^^^^^^^^^^^^
  File "/Users/nripeshpradhan/Documents/Github/i-test-season/.venv/lib/python3.11/site-packages/httpcore/_sync/http11.py", line 177, in _receive_response_headers
    event = self._receive_event(timeout=timeout)
            ^^^^^^^^^^^^^^^^^^^^^^^^^^^^^^^^^^^^
  File "/Users/nripeshpradhan/Documents/Github/i-test-season/.venv/lib/python3.11/site-packages/httpcore/_sync/http11.py", line 217, in _receive_event
    data = self._network_stream.read(
           ^^^^^^^^^^^^^^^^^^^^^^^^^^
  File "/Users/nripeshpradhan/Documents/Github/i-test-season/.venv/lib/python3.11/site-packages/httpcore/_backends/sync.py", line 126, in read
    with map_exceptions(exc_map):
  File "/Users/nripeshpradhan/.local/share/uv/python/cpython-3.11.15-macos-aarch64-none/lib/python3.11/contextlib.py", line 158, in __exit__
    self.gen.throw(typ, value, traceback)
  File "/Users/nripeshpradhan/Documents/Github/i-test-season/.venv/lib/python3.11/site-packages/httpcore/_exceptions.py", line 14, in map_exceptions
    raise to_exc(exc) from exc
httpcore.ReadTimeout: The read operation timed out

The above exception was the direct cause of the following exception:

Traceback (most recent call last):
  File "/Users/nripeshpradhan/Documents/Github/i-test-season/fpl_edge/interfaces/telegram.py", line 503, in run_forever
    self.poll_once(timeout=timeout)
  File "/Users/nripeshpradhan/Documents/Github/i-test-season/fpl_edge/interfaces/telegram.py", line 338, in poll_once
    body = self.transport.call(
           ^^^^^^^^^^^^^^^^^^^^
  File "/Users/nripeshpradhan/Documents/Github/i-test-season/fpl_edge/interfaces/telegram.py", line 102, in call
    resp = self._client.post(f"/{method}", json=payload, timeout=timeout)
           ^^^^^^^^^^^^^^^^^^^^^^^^^^^^^^^^^^^^^^^^^^^^^^^^^^^^^^^^^^^^^^
  File "/Users/nripeshpradhan/Documents/Github/i-test-season/.venv/lib/python3.11/site-packages/httpx/_client.py", line 1144, in post
    return self.request(
           ^^^^^^^^^^^^^
  File "/Users/nripeshpradhan/Documents/Github/i-test-season/.venv/lib/python3.11/site-packages/httpx/_client.py", line 825, in request
    return self.send(request, auth=auth, follow_redirects=follow_redirects)
           ^^^^^^^^^^^^^^^^^^^^^^^^^^^^^^^^^^^^^^^^^^^^^^^^^^^^^^^^^^^^^^^^
  File "/Users/nripeshpradhan/Documents/Github/i-test-season/.venv/lib/python3.11/site-packages/httpx/_client.py", line 914, in send
    response = self._send_handling_auth(
               ^^^^^^^^^^^^^^^^^^^^^^^^^
  File "/Users/nripeshpradhan/Documents/Github/i-test-season/.venv/lib/python3.11/site-packages/httpx/_client.py", line 942, in _send_handling_auth
    response = self._send_handling_redirects(
               ^^^^^^^^^^^^^^^^^^^^^^^^^^^^^^
  File "/Users/nripeshpradhan/Documents/Github/i-test-season/.venv/lib/python3.11/site-packages/httpx/_client.py", line 979, in _send_handling_redirects
    response = self._send_single_request(request)
               ^^^^^^^^^^^^^^^^^^^^^^^^^^^^^^^^^^
  File "/Users/nripeshpradhan/Documents/Github/i-test-season/.venv/lib/python3.11/site-packages/httpx/_client.py", line 1014, in _send_single_request
    response = transport.handle_request(request)
               ^^^^^^^^^^^^^^^^^^^^^^^^^^^^^^^^^
  File "/Users/nripeshpradhan/Documents/Github/i-test-season/.venv/lib/python3.11/site-packages/httpx/_transports/default.py", line 249, in handle_request
    with map_httpcore_exceptions():
  File "/Users/nripeshpradhan/.local/share/uv/python/cpython-3.11.15-macos-aarch64-none/lib/python3.11/contextlib.py", line 158, in __exit__
    self.gen.throw(typ, value, traceback)
  File "/Users/nripeshpradhan/Documents/Github/i-test-season/.venv/lib/python3.11/site-packages/httpx/_transports/default.py", line 118, in map_httpcore_exceptions
    raise mapped_exc(message) from exc
httpx.ReadTimeout: The read operation timed out
2026-08-20 22:46:08,649 ERROR poll cycle failed; backing off
Traceback (most recent call last):
  File "/Users/nripeshpradhan/Documents/Github/i-test-season/.venv/lib/python3.11/site-packages/httpx/_transports/default.py", line 101, in map_httpcore_exceptions
    yield
  File "/Users/nripeshpradhan/Documents/Github/i-test-season/.venv/lib/python3.11/site-packages/httpx/_transports/default.py", line 250, in handle_request
    resp = self._pool.handle_request(req)
           ^^^^^^^^^^^^^^^^^^^^^^^^^^^^^^
  File "/Users/nripeshpradhan/Documents/Github/i-test-season/.venv/lib/python3.11/site-packages/httpcore/_sync/connection_pool.py", line 256, in handle_request
    raise exc from None
  File "/Users/nripeshpradhan/Documents/Github/i-test-season/.venv/lib/python3.11/site-packages/httpcore/_sync/connection_pool.py", line 236, in handle_request
    response = connection.handle_request(
               ^^^^^^^^^^^^^^^^^^^^^^^^^^
  File "/Users/nripeshpradhan/Documents/Github/i-test-season/.venv/lib/python3.11/site-packages/httpcore/_sync/connection.py", line 103, in handle_request
    return self._connection.handle_request(request)
           ^^^^^^^^^^^^^^^^^^^^^^^^^^^^^^^^^^^^^^^^
  File "/Users/nripeshpradhan/Documents/Github/i-test-season/.venv/lib/python3.11/site-packages/httpcore/_sync/http11.py", line 136, in handle_request
    raise exc
  File "/Users/nripeshpradhan/Documents/Github/i-test-season/.venv/lib/python3.11/site-packages/httpcore/_sync/http11.py", line 106, in handle_request
    ) = self._receive_response_headers(**kwargs)
        ^^^^^^^^^^^^^^^^^^^^^^^^^^^^^^^^^^^^^^^^
  File "/Users/nripeshpradhan/Documents/Github/i-test-season/.venv/lib/python3.11/site-packages/httpcore/_sync/http11.py", line 177, in _receive_response_headers
    event = self._receive_event(timeout=timeout)
            ^^^^^^^^^^^^^^^^^^^^^^^^^^^^^^^^^^^^
  File "/Users/nripeshpradhan/Documents/Github/i-test-season/.venv/lib/python3.11/site-packages/httpcore/_sync/http11.py", line 217, in _receive_event
    data = self._network_stream.read(
           ^^^^^^^^^^^^^^^^^^^^^^^^^^
  File "/Users/nripeshpradhan/Documents/Github/i-test-season/.venv/lib/python3.11/site-packages/httpcore/_backends/sync.py", line 126, in read
    with map_exceptions(exc_map):
  File "/Users/nripeshpradhan/.local/share/uv/python/cpython-3.11.15-macos-aarch64-none/lib/python3.11/contextlib.py", line 158, in __exit__
    self.gen.throw(typ, value, traceback)
  File "/Users/nripeshpradhan/Documents/Github/i-test-season/.venv/lib/python3.11/site-packages/httpcore/_exceptions.py", line 14, in map_exceptions
    raise to_exc(exc) from exc
httpcore.ReadTimeout: The read operation timed out

The above exception was the direct cause of the following exception:

Traceback (most recent call last):
  File "/Users/nripeshpradhan/Documents/Github/i-test-season/fpl_edge/interfaces/telegram.py", line 503, in run_forever
    self.poll_once(timeout=timeout)
  File "/Users/nripeshpradhan/Documents/Github/i-test-season/fpl_edge/interfaces/telegram.py", line 338, in poll_once
    body = self.transport.call(
           ^^^^^^^^^^^^^^^^^^^^
  File "/Users/nripeshpradhan/Documents/Github/i-test-season/fpl_edge/interfaces/telegram.py", line 102, in call
    resp = self._client.post(f"/{method}", json=payload, timeout=timeout)
           ^^^^^^^^^^^^^^^^^^^^^^^^^^^^^^^^^^^^^^^^^^^^^^^^^^^^^^^^^^^^^^
  File "/Users/nripeshpradhan/Documents/Github/i-test-season/.venv/lib/python3.11/site-packages/httpx/_client.py", line 1144, in post
    return self.request(
           ^^^^^^^^^^^^^
  File "/Users/nripeshpradhan/Documents/Github/i-test-season/.venv/lib/python3.11/site-packages/httpx/_client.py", line 825, in request
    return self.send(request, auth=auth, follow_redirects=follow_redirects)
           ^^^^^^^^^^^^^^^^^^^^^^^^^^^^^^^^^^^^^^^^^^^^^^^^^^^^^^^^^^^^^^^^
  File "/Users/nripeshpradhan/Documents/Github/i-test-season/.venv/lib/python3.11/site-packages/httpx/_client.py", line 914, in send
    response = self._send_handling_auth(
               ^^^^^^^^^^^^^^^^^^^^^^^^^
  File "/Users/nripeshpradhan/Documents/Github/i-test-season/.venv/lib/python3.11/site-packages/httpx/_client.py", line 942, in _send_handling_auth
    response = self._send_handling_redirects(
               ^^^^^^^^^^^^^^^^^^^^^^^^^^^^^^
  File "/Users/nripeshpradhan/Documents/Github/i-test-season/.venv/lib/python3.11/site-packages/httpx/_client.py", line 979, in _send_handling_redirects
    response = self._send_single_request(request)
               ^^^^^^^^^^^^^^^^^^^^^^^^^^^^^^^^^^
  File "/Users/nripeshpradhan/Documents/Github/i-test-season/.venv/lib/python3.11/site-packages/httpx/_client.py", line 1014, in _send_single_request
    response = transport.handle_request(request)
               ^^^^^^^^^^^^^^^^^^^^^^^^^^^^^^^^^
  File "/Users/nripeshpradhan/Documents/Github/i-test-season/.venv/lib/python3.11/site-packages/httpx/_transports/default.py", line 249, in handle_request
    with map_httpcore_exceptions():
  File "/Users/nripeshpradhan/.local/share/uv/python/cpython-3.11.15-macos-aarch64-none/lib/python3.11/contextlib.py", line 158, in __exit__
    self.gen.throw(typ, value, traceback)
  File "/Users/nripeshpradhan/Documents/Github/i-test-season/.venv/lib/python3.11/site-packages/httpx/_transports/default.py", line 118, in map_httpcore_exceptions
    raise mapped_exc(message) from exc
httpx.ReadTimeout: The read operation timed out
2026-08-20 23:25:48,086 ERROR poll cycle failed; backing off
Traceback (most recent call last):
  File "/Users/nripeshpradhan/Documents/Github/i-test-season/.venv/lib/python3.11/site-packages/httpx/_transports/default.py", line 101, in map_httpcore_exceptions
    yield
  File "/Users/nripeshpradhan/Documents/Github/i-test-season/.venv/lib/python3.11/site-packages/httpx/_transports/default.py", line 250, in handle_request
    resp = self._pool.handle_request(req)
           ^^^^^^^^^^^^^^^^^^^^^^^^^^^^^^
  File "/Users/nripeshpradhan/Documents/Github/i-test-season/.venv/lib/python3.11/site-packages/httpcore/_sync/connection_pool.py", line 256, in handle_request
    raise exc from None
  File "/Users/nripeshpradhan/Documents/Github/i-test-season/.venv/lib/python3.11/site-packages/httpcore/_sync/connection_pool.py", line 236, in handle_request
    response = connection.handle_request(
               ^^^^^^^^^^^^^^^^^^^^^^^^^^
  File "/Users/nripeshpradhan/Documents/Github/i-test-season/.venv/lib/python3.11/site-packages/httpcore/_sync/connection.py", line 103, in handle_request
    return self._connection.handle_request(request)
           ^^^^^^^^^^^^^^^^^^^^^^^^^^^^^^^^^^^^^^^^
  File "/Users/nripeshpradhan/Documents/Github/i-test-season/.venv/lib/python3.11/site-packages/httpcore/_sync/http11.py", line 136, in handle_request
    raise exc
  File "/Users/nripeshpradhan/Documents/Github/i-test-season/.venv/lib/python3.11/site-packages/httpcore/_sync/http11.py", line 106, in handle_request
    ) = self._receive_response_headers(**kwargs)
        ^^^^^^^^^^^^^^^^^^^^^^^^^^^^^^^^^^^^^^^^
  File "/Users/nripeshpradhan/Documents/Github/i-test-season/.venv/lib/python3.11/site-packages/httpcore/_sync/http11.py", line 177, in _receive_response_headers
    event = self._receive_event(timeout=timeout)
            ^^^^^^^^^^^^^^^^^^^^^^^^^^^^^^^^^^^^
  File "/Users/nripeshpradhan/Documents/Github/i-test-season/.venv/lib/python3.11/site-packages/httpcore/_sync/http11.py", line 217, in _receive_event
    data = self._network_stream.read(
           ^^^^^^^^^^^^^^^^^^^^^^^^^^
  File "/Users/nripeshpradhan/Documents/Github/i-test-season/.venv/lib/python3.11/site-packages/httpcore/_backends/sync.py", line 126, in read
    with map_exceptions(exc_map):
  File "/Users/nripeshpradhan/.local/share/uv/python/cpython-3.11.15-macos-aarch64-none/lib/python3.11/contextlib.py", line 158, in __exit__
    self.gen.throw(typ, value, traceback)
  File "/Users/nripeshpradhan/Documents/Github/i-test-season/.venv/lib/python3.11/site-packages/httpcore/_exceptions.py", line 14, in map_exceptions
    raise to_exc(exc) from exc
httpcore.ReadTimeout: The read operation timed out

The above exception was the direct cause of the following exception:

Traceback (most recent call last):
  File "/Users/nripeshpradhan/Documents/Github/i-test-season/fpl_edge/interfaces/telegram.py", line 503, in run_forever
    self.poll_once(timeout=timeout)
  File "/Users/nripeshpradhan/Documents/Github/i-test-season/fpl_edge/interfaces/telegram.py", line 338, in poll_once
    body = self.transport.call(
           ^^^^^^^^^^^^^^^^^^^^
  File "/Users/nripeshpradhan/Documents/Github/i-test-season/fpl_edge/interfaces/telegram.py", line 102, in call
    resp = self._client.post(f"/{method}", json=payload, timeout=timeout)
           ^^^^^^^^^^^^^^^^^^^^^^^^^^^^^^^^^^^^^^^^^^^^^^^^^^^^^^^^^^^^^^
  File "/Users/nripeshpradhan/Documents/Github/i-test-season/.venv/lib/python3.11/site-packages/httpx/_client.py", line 1144, in post
    return self.request(
           ^^^^^^^^^^^^^
  File "/Users/nripeshpradhan/Documents/Github/i-test-season/.venv/lib/python3.11/site-packages/httpx/_client.py", line 825, in request
    return self.send(request, auth=auth, follow_redirects=follow_redirects)
           ^^^^^^^^^^^^^^^^^^^^^^^^^^^^^^^^^^^^^^^^^^^^^^^^^^^^^^^^^^^^^^^^
  File "/Users/nripeshpradhan/Documents/Github/i-test-season/.venv/lib/python3.11/site-packages/httpx/_client.py", line 914, in send
    response = self._send_handling_auth(
               ^^^^^^^^^^^^^^^^^^^^^^^^^
  File "/Users/nripeshpradhan/Documents/Github/i-test-season/.venv/lib/python3.11/site-packages/httpx/_client.py", line 942, in _send_handling_auth
    response = self._send_handling_redirects(
               ^^^^^^^^^^^^^^^^^^^^^^^^^^^^^^
  File "/Users/nripeshpradhan/Documents/Github/i-test-season/.venv/lib/python3.11/site-packages/httpx/_client.py", line 979, in _send_handling_redirects
    response = self._send_single_request(request)
               ^^^^^^^^^^^^^^^^^^^^^^^^^^^^^^^^^^
  File "/Users/nripeshpradhan/Documents/Github/i-test-season/.venv/lib/python3.11/site-packages/httpx/_client.py", line 1014, in _send_single_request
    response = transport.handle_request(request)
               ^^^^^^^^^^^^^^^^^^^^^^^^^^^^^^^^^
  File "/Users/nripeshpradhan/Documents/Github/i-test-season/.venv/lib/python3.11/site-packages/httpx/_transports/default.py", line 249, in handle_request
    with map_httpcore_exceptions():
  File "/Users/nripeshpradhan/.local/share/uv/python/cpython-3.11.15-macos-aarch64-none/lib/python3.11/contextlib.py", line 158, in __exit__
    self.gen.throw(typ, value, traceback)
  File "/Users/nripeshpradhan/Documents/Github/i-test-season/.venv/lib/python3.11/site-packages/httpx/_transports/default.py", line 118, in map_httpcore_exceptions
    raise mapped_exc(message) from exc
httpx.ReadTimeout: The read operation timed out
2026-08-20 23:55:26,137 ERROR poll cycle failed; backing off
Traceback (most recent call last):
  File "/Users/nripeshpradhan/Documents/Github/i-test-season/.venv/lib/python3.11/site-packages/httpx/_transports/default.py", line 101, in map_httpcore_exceptions
    yield
  File "/Users/nripeshpradhan/Documents/Github/i-test-season/.venv/lib/python3.11/site-packages/httpx/_transports/default.py", line 250, in handle_request
    resp = self._pool.handle_request(req)
           ^^^^^^^^^^^^^^^^^^^^^^^^^^^^^^
  File "/Users/nripeshpradhan/Documents/Github/i-test-season/.venv/lib/python3.11/site-packages/httpcore/_sync/connection_pool.py", line 256, in handle_request
    raise exc from None
  File "/Users/nripeshpradhan/Documents/Github/i-test-season/.venv/lib/python3.11/site-packages/httpcore/_sync/connection_pool.py", line 236, in handle_request
    response = connection.handle_request(
               ^^^^^^^^^^^^^^^^^^^^^^^^^^
  File "/Users/nripeshpradhan/Documents/Github/i-test-season/.venv/lib/python3.11/site-packages/httpcore/_sync/connection.py", line 103, in handle_request
    return self._connection.handle_request(request)
           ^^^^^^^^^^^^^^^^^^^^^^^^^^^^^^^^^^^^^^^^
  File "/Users/nripeshpradhan/Documents/Github/i-test-season/.venv/lib/python3.11/site-packages/httpcore/_sync/http11.py", line 136, in handle_request
    raise exc
  File "/Users/nripeshpradhan/Documents/Github/i-test-season/.venv/lib/python3.11/site-packages/httpcore/_sync/http11.py", line 106, in handle_request
    ) = self._receive_response_headers(**kwargs)
        ^^^^^^^^^^^^^^^^^^^^^^^^^^^^^^^^^^^^^^^^
  File "/Users/nripeshpradhan/Documents/Github/i-test-season/.venv/lib/python3.11/site-packages/httpcore/_sync/http11.py", line 177, in _receive_response_headers
    event = self._receive_event(timeout=timeout)
            ^^^^^^^^^^^^^^^^^^^^^^^^^^^^^^^^^^^^
  File "/Users/nripeshpradhan/Documents/Github/i-test-season/.venv/lib/python3.11/site-packages/httpcore/_sync/http11.py", line 217, in _receive_event
    data = self._network_stream.read(
           ^^^^^^^^^^^^^^^^^^^^^^^^^^
  File "/Users/nripeshpradhan/Documents/Github/i-test-season/.venv/lib/python3.11/site-packages/httpcore/_backends/sync.py", line 126, in read
    with map_exceptions(exc_map):
  File "/Users/nripeshpradhan/.local/share/uv/python/cpython-3.11.15-macos-aarch64-none/lib/python3.11/contextlib.py", line 158, in __exit__
    self.gen.throw(typ, value, traceback)
  File "/Users/nripeshpradhan/Documents/Github/i-test-season/.venv/lib/python3.11/site-packages/httpcore/_exceptions.py", line 14, in map_exceptions
    raise to_exc(exc) from exc
httpcore.ReadTimeout: The read operation timed out

The above exception was the direct cause of the following exception:

Traceback (most recent call last):
  File "/Users/nripeshpradhan/Documents/Github/i-test-season/fpl_edge/interfaces/telegram.py", line 503, in run_forever
    self.poll_once(timeout=timeout)
  File "/Users/nripeshpradhan/Documents/Github/i-test-season/fpl_edge/interfaces/telegram.py", line 338, in poll_once
    body = self.transport.call(
           ^^^^^^^^^^^^^^^^^^^^
  File "/Users/nripeshpradhan/Documents/Github/i-test-season/fpl_edge/interfaces/telegram.py", line 102, in call
    resp = self._client.post(f"/{method}", json=payload, timeout=timeout)
           ^^^^^^^^^^^^^^^^^^^^^^^^^^^^^^^^^^^^^^^^^^^^^^^^^^^^^^^^^^^^^^
  File "/Users/nripeshpradhan/Documents/Github/i-test-season/.venv/lib/python3.11/site-packages/httpx/_client.py", line 1144, in post
    return self.request(
           ^^^^^^^^^^^^^
  File "/Users/nripeshpradhan/Documents/Github/i-test-season/.venv/lib/python3.11/site-packages/httpx/_client.py", line 825, in request
    return self.send(request, auth=auth, follow_redirects=follow_redirects)
           ^^^^^^^^^^^^^^^^^^^^^^^^^^^^^^^^^^^^^^^^^^^^^^^^^^^^^^^^^^^^^^^^
  File "/Users/nripeshpradhan/Documents/Github/i-test-season/.venv/lib/python3.11/site-packages/httpx/_client.py", line 914, in send
    response = self._send_handling_auth(
               ^^^^^^^^^^^^^^^^^^^^^^^^^
  File "/Users/nripeshpradhan/Documents/Github/i-test-season/.venv/lib/python3.11/site-packages/httpx/_client.py", line 942, in _send_handling_auth
    response = self._send_handling_redirects(
               ^^^^^^^^^^^^^^^^^^^^^^^^^^^^^^
  File "/Users/nripeshpradhan/Documents/Github/i-test-season/.venv/lib/python3.11/site-packages/httpx/_client.py", line 979, in _send_handling_redirects
    response = self._send_single_request(request)
               ^^^^^^^^^^^^^^^^^^^^^^^^^^^^^^^^^^
  File "/Users/nripeshpradhan/Documents/Github/i-test-season/.venv/lib/python3.11/site-packages/httpx/_client.py", line 1014, in _send_single_request
    response = transport.handle_request(request)
               ^^^^^^^^^^^^^^^^^^^^^^^^^^^^^^^^^
  File "/Users/nripeshpradhan/Documents/Github/i-test-season/.venv/lib/python3.11/site-packages/httpx/_transports/default.py", line 249, in handle_request
    with map_httpcore_exceptions():
  File "/Users/nripeshpradhan/.local/share/uv/python/cpython-3.11.15-macos-aarch64-none/lib/python3.11/contextlib.py", line 158, in __exit__
    self.gen.throw(typ, value, traceback)
  File "/Users/nripeshpradhan/Documents/Github/i-test-season/.venv/lib/python3.11/site-packages/httpx/_transports/default.py", line 118, in map_httpcore_exceptions
    raise mapped_exc(message) from exc
httpx.ReadTimeout: The read operation timed out
2026-08-21 00:23:32,884 ERROR poll cycle failed; backing off
Traceback (most recent call last):
  File "/Users/nripeshpradhan/Documents/Github/i-test-season/.venv/lib/python3.11/site-packages/httpx/_transports/default.py", line 101, in map_httpcore_exceptions
    yield
  File "/Users/nripeshpradhan/Documents/Github/i-test-season/.venv/lib/python3.11/site-packages/httpx/_transports/default.py", line 250, in handle_request
    resp = self._pool.handle_request(req)
           ^^^^^^^^^^^^^^^^^^^^^^^^^^^^^^
  File "/Users/nripeshpradhan/Documents/Github/i-test-season/.venv/lib/python3.11/site-packages/httpcore/_sync/connection_pool.py", line 256, in handle_request
    raise exc from None
  File "/Users/nripeshpradhan/Documents/Github/i-test-season/.venv/lib/python3.11/site-packages/httpcore/_sync/connection_pool.py", line 236, in handle_request
    response = connection.handle_request(
               ^^^^^^^^^^^^^^^^^^^^^^^^^^
  File "/Users/nripeshpradhan/Documents/Github/i-test-season/.venv/lib/python3.11/site-packages/httpcore/_sync/connection.py", line 103, in handle_request
    return self._connection.handle_request(request)
           ^^^^^^^^^^^^^^^^^^^^^^^^^^^^^^^^^^^^^^^^
  File "/Users/nripeshpradhan/Documents/Github/i-test-season/.venv/lib/python3.11/site-packages/httpcore/_sync/http11.py", line 136, in handle_request
    raise exc
  File "/Users/nripeshpradhan/Documents/Github/i-test-season/.venv/lib/python3.11/site-packages/httpcore/_sync/http11.py", line 106, in handle_request
    ) = self._receive_response_headers(**kwargs)
        ^^^^^^^^^^^^^^^^^^^^^^^^^^^^^^^^^^^^^^^^
  File "/Users/nripeshpradhan/Documents/Github/i-test-season/.venv/lib/python3.11/site-packages/httpcore/_sync/http11.py", line 177, in _receive_response_headers
    event = self._receive_event(timeout=timeout)
            ^^^^^^^^^^^^^^^^^^^^^^^^^^^^^^^^^^^^
  File "/Users/nripeshpradhan/Documents/Github/i-test-season/.venv/lib/python3.11/site-packages/httpcore/_sync/http11.py", line 217, in _receive_event
    data = self._network_stream.read(
           ^^^^^^^^^^^^^^^^^^^^^^^^^^
  File "/Users/nripeshpradhan/Documents/Github/i-test-season/.venv/lib/python3.11/site-packages/httpcore/_backends/sync.py", line 126, in read
    with map_exceptions(exc_map):
  File "/Users/nripeshpradhan/.local/share/uv/python/cpython-3.11.15-macos-aarch64-none/lib/python3.11/contextlib.py", line 158, in __exit__
    self.gen.throw(typ, value, traceback)
  File "/Users/nripeshpradhan/Documents/Github/i-test-season/.venv/lib/python3.11/site-packages/httpcore/_exceptions.py", line 14, in map_exceptions
    raise to_exc(exc) from exc
httpcore.ReadTimeout: The read operation timed out

The above exception was the direct cause of the following exception:

Traceback (most recent call last):
  File "/Users/nripeshpradhan/Documents/Github/i-test-season/fpl_edge/interfaces/telegram.py", line 503, in run_forever
    self.poll_once(timeout=timeout)
  File "/Users/nripeshpradhan/Documents/Github/i-test-season/fpl_edge/interfaces/telegram.py", line 338, in poll_once
    body = self.transport.call(
           ^^^^^^^^^^^^^^^^^^^^
  File "/Users/nripeshpradhan/Documents/Github/i-test-season/fpl_edge/interfaces/telegram.py", line 102, in call
    resp = self._client.post(f"/{method}", json=payload, timeout=timeout)
           ^^^^^^^^^^^^^^^^^^^^^^^^^^^^^^^^^^^^^^^^^^^^^^^^^^^^^^^^^^^^^^
  File "/Users/nripeshpradhan/Documents/Github/i-test-season/.venv/lib/python3.11/site-packages/httpx/_client.py", line 1144, in post
    return self.request(
           ^^^^^^^^^^^^^
  File "/Users/nripeshpradhan/Documents/Github/i-test-season/.venv/lib/python3.11/site-packages/httpx/_client.py", line 825, in request
    return self.send(request, auth=auth, follow_redirects=follow_redirects)
           ^^^^^^^^^^^^^^^^^^^^^^^^^^^^^^^^^^^^^^^^^^^^^^^^^^^^^^^^^^^^^^^^
  File "/Users/nripeshpradhan/Documents/Github/i-test-season/.venv/lib/python3.11/site-packages/httpx/_client.py", line 914, in send
    response = self._send_handling_auth(
               ^^^^^^^^^^^^^^^^^^^^^^^^^
  File "/Users/nripeshpradhan/Documents/Github/i-test-season/.venv/lib/python3.11/site-packages/httpx/_client.py", line 942, in _send_handling_auth
    response = self._send_handling_redirects(
               ^^^^^^^^^^^^^^^^^^^^^^^^^^^^^^
  File "/Users/nripeshpradhan/Documents/Github/i-test-season/.venv/lib/python3.11/site-packages/httpx/_client.py", line 979, in _send_handling_redirects
    response = self._send_single_request(request)
               ^^^^^^^^^^^^^^^^^^^^^^^^^^^^^^^^^^
  File "/Users/nripeshpradhan/Documents/Github/i-test-season/.venv/lib/python3.11/site-packages/httpx/_client.py", line 1014, in _send_single_request
    response = transport.handle_request(request)
               ^^^^^^^^^^^^^^^^^^^^^^^^^^^^^^^^^
  File "/Users/nripeshpradhan/Documents/Github/i-test-season/.venv/lib/python3.11/site-packages/httpx/_transports/default.py", line 249, in handle_request
    with map_httpcore_exceptions():
  File "/Users/nripeshpradhan/.local/share/uv/python/cpython-3.11.15-macos-aarch64-none/lib/python3.11/contextlib.py", line 158, in __exit__
    self.gen.throw(typ, value, traceback)
  File "/Users/nripeshpradhan/Documents/Github/i-test-season/.venv/lib/python3.11/site-packages/httpx/_transports/default.py", line 118, in map_httpcore_exceptions
    raise mapped_exc(message) from exc
httpx.ReadTimeout: The read operation timed out
2026-08-21 00:26:36,686 ERROR poll cycle failed; backing off
Traceback (most recent call last):
  File "/Users/nripeshpradhan/Documents/Github/i-test-season/.venv/lib/python3.11/site-packages/httpx/_transports/default.py", line 101, in map_httpcore_exceptions
    yield
  File "/Users/nripeshpradhan/Documents/Github/i-test-season/.venv/lib/python3.11/site-packages/httpx/_transports/default.py", line 250, in handle_request
    resp = self._pool.handle_request(req)
           ^^^^^^^^^^^^^^^^^^^^^^^^^^^^^^
  File "/Users/nripeshpradhan/Documents/Github/i-test-season/.venv/lib/python3.11/site-packages/httpcore/_sync/connection_pool.py", line 256, in handle_request
    raise exc from None
  File "/Users/nripeshpradhan/Documents/Github/i-test-season/.venv/lib/python3.11/site-packages/httpcore/_sync/connection_pool.py", line 236, in handle_request
    response = connection.handle_request(
               ^^^^^^^^^^^^^^^^^^^^^^^^^^
  File "/Users/nripeshpradhan/Documents/Github/i-test-season/.venv/lib/python3.11/site-packages/httpcore/_sync/connection.py", line 103, in handle_request
    return self._connection.handle_request(request)
           ^^^^^^^^^^^^^^^^^^^^^^^^^^^^^^^^^^^^^^^^
  File "/Users/nripeshpradhan/Documents/Github/i-test-season/.venv/lib/python3.11/site-packages/httpcore/_sync/http11.py", line 136, in handle_request
    raise exc
  File "/Users/nripeshpradhan/Documents/Github/i-test-season/.venv/lib/python3.11/site-packages/httpcore/_sync/http11.py", line 106, in handle_request
    ) = self._receive_response_headers(**kwargs)
        ^^^^^^^^^^^^^^^^^^^^^^^^^^^^^^^^^^^^^^^^
  File "/Users/nripeshpradhan/Documents/Github/i-test-season/.venv/lib/python3.11/site-packages/httpcore/_sync/http11.py", line 177, in _receive_response_headers
    event = self._receive_event(timeout=timeout)
            ^^^^^^^^^^^^^^^^^^^^^^^^^^^^^^^^^^^^
  File "/Users/nripeshpradhan/Documents/Github/i-test-season/.venv/lib/python3.11/site-packages/httpcore/_sync/http11.py", line 217, in _receive_event
    data = self._network_stream.read(
           ^^^^^^^^^^^^^^^^^^^^^^^^^^
  File "/Users/nripeshpradhan/Documents/Github/i-test-season/.venv/lib/python3.11/site-packages/httpcore/_backends/sync.py", line 126, in read
    with map_exceptions(exc_map):
  File "/Users/nripeshpradhan/.local/share/uv/python/cpython-3.11.15-macos-aarch64-none/lib/python3.11/contextlib.py", line 158, in __exit__
    self.gen.throw(typ, value, traceback)
  File "/Users/nripeshpradhan/Documents/Github/i-test-season/.venv/lib/python3.11/site-packages/httpcore/_exceptions.py", line 14, in map_exceptions
    raise to_exc(exc) from exc
httpcore.ReadTimeout: The read operation timed out

The above exception was the direct cause of the following exception:

Traceback (most recent call last):
  File "/Users/nripeshpradhan/Documents/Github/i-test-season/fpl_edge/interfaces/telegram.py", line 503, in run_forever
    self.poll_once(timeout=timeout)
  File "/Users/nripeshpradhan/Documents/Github/i-test-season/fpl_edge/interfaces/telegram.py", line 338, in poll_once
    body = self.transport.call(
           ^^^^^^^^^^^^^^^^^^^^
  File "/Users/nripeshpradhan/Documents/Github/i-test-season/fpl_edge/interfaces/telegram.py", line 102, in call
    resp = self._client.post(f"/{method}", json=payload, timeout=timeout)
           ^^^^^^^^^^^^^^^^^^^^^^^^^^^^^^^^^^^^^^^^^^^^^^^^^^^^^^^^^^^^^^
  File "/Users/nripeshpradhan/Documents/Github/i-test-season/.venv/lib/python3.11/site-packages/httpx/_client.py", line 1144, in post
    return self.request(
           ^^^^^^^^^^^^^
  File "/Users/nripeshpradhan/Documents/Github/i-test-season/.venv/lib/python3.11/site-packages/httpx/_client.py", line 825, in request
    return self.send(request, auth=auth, follow_redirects=follow_redirects)
           ^^^^^^^^^^^^^^^^^^^^^^^^^^^^^^^^^^^^^^^^^^^^^^^^^^^^^^^^^^^^^^^^
  File "/Users/nripeshpradhan/Documents/Github/i-test-season/.venv/lib/python3.11/site-packages/httpx/_client.py", line 914, in send
    response = self._send_handling_auth(
               ^^^^^^^^^^^^^^^^^^^^^^^^^
  File "/Users/nripeshpradhan/Documents/Github/i-test-season/.venv/lib/python3.11/site-packages/httpx/_client.py", line 942, in _send_handling_auth
    response = self._send_handling_redirects(
               ^^^^^^^^^^^^^^^^^^^^^^^^^^^^^^
  File "/Users/nripeshpradhan/Documents/Github/i-test-season/.venv/lib/python3.11/site-packages/httpx/_client.py", line 979, in _send_handling_redirects
    response = self._send_single_request(request)
               ^^^^^^^^^^^^^^^^^^^^^^^^^^^^^^^^^^
  File "/Users/nripeshpradhan/Documents/Github/i-test-season/.venv/lib/python3.11/site-packages/httpx/_client.py", line 1014, in _send_single_request
    response = transport.handle_request(request)
               ^^^^^^^^^^^^^^^^^^^^^^^^^^^^^^^^^
  File "/Users/nripeshpradhan/Documents/Github/i-test-season/.venv/lib/python3.11/site-packages/httpx/_transports/default.py", line 249, in handle_request
    with map_httpcore_exceptions():
  File "/Users/nripeshpradhan/.local/share/uv/python/cpython-3.11.15-macos-aarch64-none/lib/python3.11/contextlib.py", line 158, in __exit__
    self.gen.throw(typ, value, traceback)
  File "/Users/nripeshpradhan/Documents/Github/i-test-season/.venv/lib/python3.11/site-packages/httpx/_transports/default.py", line 118, in map_httpcore_exceptions
    raise mapped_exc(message) from exc
httpx.ReadTimeout: The read operation timed out
2026-08-21 00:38:40,416 ERROR poll cycle failed; backing off
Traceback (most recent call last):
  File "/Users/nripeshpradhan/Documents/Github/i-test-season/.venv/lib/python3.11/site-packages/httpx/_transports/default.py", line 101, in map_httpcore_exceptions
    yield
  File "/Users/nripeshpradhan/Documents/Github/i-test-season/.venv/lib/python3.11/site-packages/httpx/_transports/default.py", line 250, in handle_request
    resp = self._pool.handle_request(req)
           ^^^^^^^^^^^^^^^^^^^^^^^^^^^^^^
  File "/Users/nripeshpradhan/Documents/Github/i-test-season/.venv/lib/python3.11/site-packages/httpcore/_sync/connection_pool.py", line 256, in handle_request
    raise exc from None
  File "/Users/nripeshpradhan/Documents/Github/i-test-season/.venv/lib/python3.11/site-packages/httpcore/_sync/connection_pool.py", line 236, in handle_request
    response = connection.handle_request(
               ^^^^^^^^^^^^^^^^^^^^^^^^^^
  File "/Users/nripeshpradhan/Documents/Github/i-test-season/.venv/lib/python3.11/site-packages/httpcore/_sync/connection.py", line 103, in handle_request
    return self._connection.handle_request(request)
           ^^^^^^^^^^^^^^^^^^^^^^^^^^^^^^^^^^^^^^^^
  File "/Users/nripeshpradhan/Documents/Github/i-test-season/.venv/lib/python3.11/site-packages/httpcore/_sync/http11.py", line 136, in handle_request
    raise exc
  File "/Users/nripeshpradhan/Documents/Github/i-test-season/.venv/lib/python3.11/site-packages/httpcore/_sync/http11.py", line 106, in handle_request
    ) = self._receive_response_headers(**kwargs)
        ^^^^^^^^^^^^^^^^^^^^^^^^^^^^^^^^^^^^^^^^
  File "/Users/nripeshpradhan/Documents/Github/i-test-season/.venv/lib/python3.11/site-packages/httpcore/_sync/http11.py", line 177, in _receive_response_headers
    event = self._receive_event(timeout=timeout)
            ^^^^^^^^^^^^^^^^^^^^^^^^^^^^^^^^^^^^
  File "/Users/nripeshpradhan/Documents/Github/i-test-season/.venv/lib/python3.11/site-packages/httpcore/_sync/http11.py", line 217, in _receive_event
    data = self._network_stream.read(
           ^^^^^^^^^^^^^^^^^^^^^^^^^^
  File "/Users/nripeshpradhan/Documents/Github/i-test-season/.venv/lib/python3.11/site-packages/httpcore/_backends/sync.py", line 126, in read
    with map_exceptions(exc_map):
  File "/Users/nripeshpradhan/.local/share/uv/python/cpython-3.11.15-macos-aarch64-none/lib/python3.11/contextlib.py", line 158, in __exit__
    self.gen.throw(typ, value, traceback)
  File "/Users/nripeshpradhan/Documents/Github/i-test-season/.venv/lib/python3.11/site-packages/httpcore/_exceptions.py", line 14, in map_exceptions
    raise to_exc(exc) from exc
httpcore.ReadTimeout: The read operation timed out

The above exception was the direct cause of the following exception:

Traceback (most recent call last):
  File "/Users/nripeshpradhan/Documents/Github/i-test-season/fpl_edge/interfaces/telegram.py", line 503, in run_forever
    self.poll_once(timeout=timeout)
  File "/Users/nripeshpradhan/Documents/Github/i-test-season/fpl_edge/interfaces/telegram.py", line 338, in poll_once
    body = self.transport.call(
           ^^^^^^^^^^^^^^^^^^^^
  File "/Users/nripeshpradhan/Documents/Github/i-test-season/fpl_edge/interfaces/telegram.py", line 102, in call
    resp = self._client.post(f"/{method}", json=payload, timeout=timeout)
           ^^^^^^^^^^^^^^^^^^^^^^^^^^^^^^^^^^^^^^^^^^^^^^^^^^^^^^^^^^^^^^
  File "/Users/nripeshpradhan/Documents/Github/i-test-season/.venv/lib/python3.11/site-packages/httpx/_client.py", line 1144, in post
    return self.request(
           ^^^^^^^^^^^^^
  File "/Users/nripeshpradhan/Documents/Github/i-test-season/.venv/lib/python3.11/site-packages/httpx/_client.py", line 825, in request
    return self.send(request, auth=auth, follow_redirects=follow_redirects)
           ^^^^^^^^^^^^^^^^^^^^^^^^^^^^^^^^^^^^^^^^^^^^^^^^^^^^^^^^^^^^^^^^
  File "/Users/nripeshpradhan/Documents/Github/i-test-season/.venv/lib/python3.11/site-packages/httpx/_client.py", line 914, in send
    response = self._send_handling_auth(
               ^^^^^^^^^^^^^^^^^^^^^^^^^
  File "/Users/nripeshpradhan/Documents/Github/i-test-season/.venv/lib/python3.11/site-packages/httpx/_client.py", line 942, in _send_handling_auth
    response = self._send_handling_redirects(
               ^^^^^^^^^^^^^^^^^^^^^^^^^^^^^^
  File "/Users/nripeshpradhan/Documents/Github/i-test-season/.venv/lib/python3.11/site-packages/httpx/_client.py", line 979, in _send_handling_redirects
    response = self._send_single_request(request)
               ^^^^^^^^^^^^^^^^^^^^^^^^^^^^^^^^^^
  File "/Users/nripeshpradhan/Documents/Github/i-test-season/.venv/lib/python3.11/site-packages/httpx/_client.py", line 1014, in _send_single_request
    response = transport.handle_request(request)
               ^^^^^^^^^^^^^^^^^^^^^^^^^^^^^^^^^
  File "/Users/nripeshpradhan/Documents/Github/i-test-season/.venv/lib/python3.11/site-packages/httpx/_transports/default.py", line 249, in handle_request
    with map_httpcore_exceptions():
  File "/Users/nripeshpradhan/.local/share/uv/python/cpython-3.11.15-macos-aarch64-none/lib/python3.11/contextlib.py", line 158, in __exit__
    self.gen.throw(typ, value, traceback)
  File "/Users/nripeshpradhan/Documents/Github/i-test-season/.venv/lib/python3.11/site-packages/httpx/_transports/default.py", line 118, in map_httpcore_exceptions
    raise mapped_exc(message) from exc
httpx.ReadTimeout: The read operation timed out
2026-08-21 00:52:52,152 ERROR poll cycle failed; backing off
Traceback (most recent call last):
  File "/Users/nripeshpradhan/Documents/Github/i-test-season/.venv/lib/python3.11/site-packages/httpx/_transports/default.py", line 101, in map_httpcore_exceptions
    yield
  File "/Users/nripeshpradhan/Documents/Github/i-test-season/.venv/lib/python3.11/site-packages/httpx/_transports/default.py", line 250, in handle_request
    resp = self._pool.handle_request(req)
           ^^^^^^^^^^^^^^^^^^^^^^^^^^^^^^
  File "/Users/nripeshpradhan/Documents/Github/i-test-season/.venv/lib/python3.11/site-packages/httpcore/_sync/connection_pool.py", line 256, in handle_request
    raise exc from None
  File "/Users/nripeshpradhan/Documents/Github/i-test-season/.venv/lib/python3.11/site-packages/httpcore/_sync/connection_pool.py", line 236, in handle_request
    response = connection.handle_request(
               ^^^^^^^^^^^^^^^^^^^^^^^^^^
  File "/Users/nripeshpradhan/Documents/Github/i-test-season/.venv/lib/python3.11/site-packages/httpcore/_sync/connection.py", line 103, in handle_request
    return self._connection.handle_request(request)
           ^^^^^^^^^^^^^^^^^^^^^^^^^^^^^^^^^^^^^^^^
  File "/Users/nripeshpradhan/Documents/Github/i-test-season/.venv/lib/python3.11/site-packages/httpcore/_sync/http11.py", line 136, in handle_request
    raise exc
  File "/Users/nripeshpradhan/Documents/Github/i-test-season/.venv/lib/python3.11/site-packages/httpcore/_sync/http11.py", line 106, in handle_request
    ) = self._receive_response_headers(**kwargs)
        ^^^^^^^^^^^^^^^^^^^^^^^^^^^^^^^^^^^^^^^^
  File "/Users/nripeshpradhan/Documents/Github/i-test-season/.venv/lib/python3.11/site-packages/httpcore/_sync/http11.py", line 177, in _receive_response_headers
    event = self._receive_event(timeout=timeout)
            ^^^^^^^^^^^^^^^^^^^^^^^^^^^^^^^^^^^^
  File "/Users/nripeshpradhan/Documents/Github/i-test-season/.venv/lib/python3.11/site-packages/httpcore/_sync/http11.py", line 217, in _receive_event
    data = self._network_stream.read(
           ^^^^^^^^^^^^^^^^^^^^^^^^^^
  File "/Users/nripeshpradhan/Documents/Github/i-test-season/.venv/lib/python3.11/site-packages/httpcore/_backends/sync.py", line 126, in read
    with map_exceptions(exc_map):
  File "/Users/nripeshpradhan/.local/share/uv/python/cpython-3.11.15-macos-aarch64-none/lib/python3.11/contextlib.py", line 158, in __exit__
    self.gen.throw(typ, value, traceback)
  File "/Users/nripeshpradhan/Documents/Github/i-test-season/.venv/lib/python3.11/site-packages/httpcore/_exceptions.py", line 14, in map_exceptions
    raise to_exc(exc) from exc
httpcore.ReadTimeout: The read operation timed out

The above exception was the direct cause of the following exception:

Traceback (most recent call last):
  File "/Users/nripeshpradhan/Documents/Github/i-test-season/fpl_edge/interfaces/telegram.py", line 503, in run_forever
    self.poll_once(timeout=timeout)
  File "/Users/nripeshpradhan/Documents/Github/i-test-season/fpl_edge/interfaces/telegram.py", line 338, in poll_once
    body = self.transport.call(
           ^^^^^^^^^^^^^^^^^^^^
  File "/Users/nripeshpradhan/Documents/Github/i-test-season/fpl_edge/interfaces/telegram.py", line 102, in call
    resp = self._client.post(f"/{method}", json=payload, timeout=timeout)
           ^^^^^^^^^^^^^^^^^^^^^^^^^^^^^^^^^^^^^^^^^^^^^^^^^^^^^^^^^^^^^^
  File "/Users/nripeshpradhan/Documents/Github/i-test-season/.venv/lib/python3.11/site-packages/httpx/_client.py", line 1144, in post
    return self.request(
           ^^^^^^^^^^^^^
  File "/Users/nripeshpradhan/Documents/Github/i-test-season/.venv/lib/python3.11/site-packages/httpx/_client.py", line 825, in request
    return self.send(request, auth=auth, follow_redirects=follow_redirects)
           ^^^^^^^^^^^^^^^^^^^^^^^^^^^^^^^^^^^^^^^^^^^^^^^^^^^^^^^^^^^^^^^^
  File "/Users/nripeshpradhan/Documents/Github/i-test-season/.venv/lib/python3.11/site-packages/httpx/_client.py", line 914, in send
    response = self._send_handling_auth(
               ^^^^^^^^^^^^^^^^^^^^^^^^^
  File "/Users/nripeshpradhan/Documents/Github/i-test-season/.venv/lib/python3.11/site-packages/httpx/_client.py", line 942, in _send_handling_auth
    response = self._send_handling_redirects(
               ^^^^^^^^^^^^^^^^^^^^^^^^^^^^^^
  File "/Users/nripeshpradhan/Documents/Github/i-test-season/.venv/lib/python3.11/site-packages/httpx/_client.py", line 979, in _send_handling_redirects
    response = self._send_single_request(request)
               ^^^^^^^^^^^^^^^^^^^^^^^^^^^^^^^^^^
  File "/Users/nripeshpradhan/Documents/Github/i-test-season/.venv/lib/python3.11/site-packages/httpx/_client.py", line 1014, in _send_single_request
    response = transport.handle_request(request)
               ^^^^^^^^^^^^^^^^^^^^^^^^^^^^^^^^^
  File "/Users/nripeshpradhan/Documents/Github/i-test-season/.venv/lib/python3.11/site-packages/httpx/_transports/default.py", line 249, in handle_request
    with map_httpcore_exceptions():
  File "/Users/nripeshpradhan/.local/share/uv/python/cpython-3.11.15-macos-aarch64-none/lib/python3.11/contextlib.py", line 158, in __exit__
    self.gen.throw(typ, value, traceback)
  File "/Users/nripeshpradhan/Documents/Github/i-test-season/.venv/lib/python3.11/site-packages/httpx/_transports/default.py", line 118, in map_httpcore_exceptions
    raise mapped_exc(message) from exc
httpx.ReadTimeout: The read operation timed out
2026-08-21 01:53:33,836 ERROR poll cycle failed; backing off
Traceback (most recent call last):
  File "/Users/nripeshpradhan/Documents/Github/i-test-season/.venv/lib/python3.11/site-packages/httpx/_transports/default.py", line 101, in map_httpcore_exceptions
    yield
  File "/Users/nripeshpradhan/Documents/Github/i-test-season/.venv/lib/python3.11/site-packages/httpx/_transports/default.py", line 250, in handle_request
    resp = self._pool.handle_request(req)
           ^^^^^^^^^^^^^^^^^^^^^^^^^^^^^^
  File "/Users/nripeshpradhan/Documents/Github/i-test-season/.venv/lib/python3.11/site-packages/httpcore/_sync/connection_pool.py", line 256, in handle_request
    raise exc from None
  File "/Users/nripeshpradhan/Documents/Github/i-test-season/.venv/lib/python3.11/site-packages/httpcore/_sync/connection_pool.py", line 236, in handle_request
    response = connection.handle_request(
               ^^^^^^^^^^^^^^^^^^^^^^^^^^
  File "/Users/nripeshpradhan/Documents/Github/i-test-season/.venv/lib/python3.11/site-packages/httpcore/_sync/connection.py", line 103, in handle_request
    return self._connection.handle_request(request)
           ^^^^^^^^^^^^^^^^^^^^^^^^^^^^^^^^^^^^^^^^
  File "/Users/nripeshpradhan/Documents/Github/i-test-season/.venv/lib/python3.11/site-packages/httpcore/_sync/http11.py", line 136, in handle_request
    raise exc
  File "/Users/nripeshpradhan/Documents/Github/i-test-season/.venv/lib/python3.11/site-packages/httpcore/_sync/http11.py", line 106, in handle_request
    ) = self._receive_response_headers(**kwargs)
        ^^^^^^^^^^^^^^^^^^^^^^^^^^^^^^^^^^^^^^^^
  File "/Users/nripeshpradhan/Documents/Github/i-test-season/.venv/lib/python3.11/site-packages/httpcore/_sync/http11.py", line 177, in _receive_response_headers
    event = self._receive_event(timeout=timeout)
            ^^^^^^^^^^^^^^^^^^^^^^^^^^^^^^^^^^^^
  File "/Users/nripeshpradhan/Documents/Github/i-test-season/.venv/lib/python3.11/site-packages/httpcore/_sync/http11.py", line 217, in _receive_event
    data = self._network_stream.read(
           ^^^^^^^^^^^^^^^^^^^^^^^^^^
  File "/Users/nripeshpradhan/Documents/Github/i-test-season/.venv/lib/python3.11/site-packages/httpcore/_backends/sync.py", line 126, in read
    with map_exceptions(exc_map):
  File "/Users/nripeshpradhan/.local/share/uv/python/cpython-3.11.15-macos-aarch64-none/lib/python3.11/contextlib.py", line 158, in __exit__
    self.gen.throw(typ, value, traceback)
  File "/Users/nripeshpradhan/Documents/Github/i-test-season/.venv/lib/python3.11/site-packages/httpcore/_exceptions.py", line 14, in map_exceptions
    raise to_exc(exc) from exc
httpcore.ReadTimeout: The read operation timed out

The above exception was the direct cause of the following exception:

Traceback (most recent call last):
  File "/Users/nripeshpradhan/Documents/Github/i-test-season/fpl_edge/interfaces/telegram.py", line 503, in run_forever
    self.poll_once(timeout=timeout)
  File "/Users/nripeshpradhan/Documents/Github/i-test-season/fpl_edge/interfaces/telegram.py", line 338, in poll_once
    body = self.transport.call(
           ^^^^^^^^^^^^^^^^^^^^
  File "/Users/nripeshpradhan/Documents/Github/i-test-season/fpl_edge/interfaces/telegram.py", line 102, in call
    resp = self._client.post(f"/{method}", json=payload, timeout=timeout)
           ^^^^^^^^^^^^^^^^^^^^^^^^^^^^^^^^^^^^^^^^^^^^^^^^^^^^^^^^^^^^^^
  File "/Users/nripeshpradhan/Documents/Github/i-test-season/.venv/lib/python3.11/site-packages/httpx/_client.py", line 1144, in post
    return self.request(
           ^^^^^^^^^^^^^
  File "/Users/nripeshpradhan/Documents/Github/i-test-season/.venv/lib/python3.11/site-packages/httpx/_client.py", line 825, in request
    return self.send(request, auth=auth, follow_redirects=follow_redirects)
           ^^^^^^^^^^^^^^^^^^^^^^^^^^^^^^^^^^^^^^^^^^^^^^^^^^^^^^^^^^^^^^^^
  File "/Users/nripeshpradhan/Documents/Github/i-test-season/.venv/lib/python3.11/site-packages/httpx/_client.py", line 914, in send
    response = self._send_handling_auth(
               ^^^^^^^^^^^^^^^^^^^^^^^^^
  File "/Users/nripeshpradhan/Documents/Github/i-test-season/.venv/lib/python3.11/site-packages/httpx/_client.py", line 942, in _send_handling_auth
    response = self._send_handling_redirects(
               ^^^^^^^^^^^^^^^^^^^^^^^^^^^^^^
  File "/Users/nripeshpradhan/Documents/Github/i-test-season/.venv/lib/python3.11/site-packages/httpx/_client.py", line 979, in _send_handling_redirects
    response = self._send_single_request(request)
               ^^^^^^^^^^^^^^^^^^^^^^^^^^^^^^^^^^
  File "/Users/nripeshpradhan/Documents/Github/i-test-season/.venv/lib/python3.11/site-packages/httpx/_client.py", line 1014, in _send_single_request
    response = transport.handle_request(request)
               ^^^^^^^^^^^^^^^^^^^^^^^^^^^^^^^^^
  File "/Users/nripeshpradhan/Documents/Github/i-test-season/.venv/lib/python3.11/site-packages/httpx/_transports/default.py", line 249, in handle_request
    with map_httpcore_exceptions():
  File "/Users/nripeshpradhan/.local/share/uv/python/cpython-3.11.15-macos-aarch64-none/lib/python3.11/contextlib.py", line 158, in __exit__
    self.gen.throw(typ, value, traceback)
  File "/Users/nripeshpradhan/Documents/Github/i-test-season/.venv/lib/python3.11/site-packages/httpx/_transports/default.py", line 118, in map_httpcore_exceptions
    raise mapped_exc(message) from exc
httpx.ReadTimeout: The read operation timed out
2026-08-21 03:16:16,131 ERROR poll cycle failed; backing off
Traceback (most recent call last):
  File "/Users/nripeshpradhan/Documents/Github/i-test-season/.venv/lib/python3.11/site-packages/httpx/_transports/default.py", line 101, in map_httpcore_exceptions
    yield
  File "/Users/nripeshpradhan/Documents/Github/i-test-season/.venv/lib/python3.11/site-packages/httpx/_transports/default.py", line 250, in handle_request
    resp = self._pool.handle_request(req)
           ^^^^^^^^^^^^^^^^^^^^^^^^^^^^^^
  File "/Users/nripeshpradhan/Documents/Github/i-test-season/.venv/lib/python3.11/site-packages/httpcore/_sync/connection_pool.py", line 256, in handle_request
    raise exc from None
  File "/Users/nripeshpradhan/Documents/Github/i-test-season/.venv/lib/python3.11/site-packages/httpcore/_sync/connection_pool.py", line 236, in handle_request
    response = connection.handle_request(
               ^^^^^^^^^^^^^^^^^^^^^^^^^^
  File "/Users/nripeshpradhan/Documents/Github/i-test-season/.venv/lib/python3.11/site-packages/httpcore/_sync/connection.py", line 103, in handle_request
    return self._connection.handle_request(request)
           ^^^^^^^^^^^^^^^^^^^^^^^^^^^^^^^^^^^^^^^^
  File "/Users/nripeshpradhan/Documents/Github/i-test-season/.venv/lib/python3.11/site-packages/httpcore/_sync/http11.py", line 136, in handle_request
    raise exc
  File "/Users/nripeshpradhan/Documents/Github/i-test-season/.venv/lib/python3.11/site-packages/httpcore/_sync/http11.py", line 106, in handle_request
    ) = self._receive_response_headers(**kwargs)
        ^^^^^^^^^^^^^^^^^^^^^^^^^^^^^^^^^^^^^^^^
  File "/Users/nripeshpradhan/Documents/Github/i-test-season/.venv/lib/python3.11/site-packages/httpcore/_sync/http11.py", line 177, in _receive_response_headers
    event = self._receive_event(timeout=timeout)
            ^^^^^^^^^^^^^^^^^^^^^^^^^^^^^^^^^^^^
  File "/Users/nripeshpradhan/Documents/Github/i-test-season/.venv/lib/python3.11/site-packages/httpcore/_sync/http11.py", line 217, in _receive_event
    data = self._network_stream.read(
           ^^^^^^^^^^^^^^^^^^^^^^^^^^
  File "/Users/nripeshpradhan/Documents/Github/i-test-season/.venv/lib/python3.11/site-packages/httpcore/_backends/sync.py", line 126, in read
    with map_exceptions(exc_map):
  File "/Users/nripeshpradhan/.local/share/uv/python/cpython-3.11.15-macos-aarch64-none/lib/python3.11/contextlib.py", line 158, in __exit__
    self.gen.throw(typ, value, traceback)
  File "/Users/nripeshpradhan/Documents/Github/i-test-season/.venv/lib/python3.11/site-packages/httpcore/_exceptions.py", line 14, in map_exceptions
    raise to_exc(exc) from exc
httpcore.ReadTimeout: The read operation timed out

The above exception was the direct cause of the following exception:

Traceback (most recent call last):
  File "/Users/nripeshpradhan/Documents/Github/i-test-season/fpl_edge/interfaces/telegram.py", line 503, in run_forever
    self.poll_once(timeout=timeout)
  File "/Users/nripeshpradhan/Documents/Github/i-test-season/fpl_edge/interfaces/telegram.py", line 338, in poll_once
    body = self.transport.call(
           ^^^^^^^^^^^^^^^^^^^^
  File "/Users/nripeshpradhan/Documents/Github/i-test-season/fpl_edge/interfaces/telegram.py", line 102, in call
    resp = self._client.post(f"/{method}", json=payload, timeout=timeout)
           ^^^^^^^^^^^^^^^^^^^^^^^^^^^^^^^^^^^^^^^^^^^^^^^^^^^^^^^^^^^^^^
  File "/Users/nripeshpradhan/Documents/Github/i-test-season/.venv/lib/python3.11/site-packages/httpx/_client.py", line 1144, in post
    return self.request(
           ^^^^^^^^^^^^^
  File "/Users/nripeshpradhan/Documents/Github/i-test-season/.venv/lib/python3.11/site-packages/httpx/_client.py", line 825, in request
    return self.send(request, auth=auth, follow_redirects=follow_redirects)
           ^^^^^^^^^^^^^^^^^^^^^^^^^^^^^^^^^^^^^^^^^^^^^^^^^^^^^^^^^^^^^^^^
  File "/Users/nripeshpradhan/Documents/Github/i-test-season/.venv/lib/python3.11/site-packages/httpx/_client.py", line 914, in send
    response = self._send_handling_auth(
               ^^^^^^^^^^^^^^^^^^^^^^^^^
  File "/Users/nripeshpradhan/Documents/Github/i-test-season/.venv/lib/python3.11/site-packages/httpx/_client.py", line 942, in _send_handling_auth
    response = self._send_handling_redirects(
               ^^^^^^^^^^^^^^^^^^^^^^^^^^^^^^
  File "/Users/nripeshpradhan/Documents/Github/i-test-season/.venv/lib/python3.11/site-packages/httpx/_client.py", line 979, in _send_handling_redirects
    response = self._send_single_request(request)
               ^^^^^^^^^^^^^^^^^^^^^^^^^^^^^^^^^^
  File "/Users/nripeshpradhan/Documents/Github/i-test-season/.venv/lib/python3.11/site-packages/httpx/_client.py", line 1014, in _send_single_request
    response = transport.handle_request(request)
               ^^^^^^^^^^^^^^^^^^^^^^^^^^^^^^^^^
  File "/Users/nripeshpradhan/Documents/Github/i-test-season/.venv/lib/python3.11/site-packages/httpx/_transports/default.py", line 249, in handle_request
    with map_httpcore_exceptions():
  File "/Users/nripeshpradhan/.local/share/uv/python/cpython-3.11.15-macos-aarch64-none/lib/python3.11/contextlib.py", line 158, in __exit__
    self.gen.throw(typ, value, traceback)
  File "/Users/nripeshpradhan/Documents/Github/i-test-season/.venv/lib/python3.11/site-packages/httpx/_transports/default.py", line 118, in map_httpcore_exceptions
    raise mapped_exc(message) from exc
httpx.ReadTimeout: The read operation timed out
2026-08-21 04:09:05,466 ERROR poll cycle failed; backing off
Traceback (most recent call last):
  File "/Users/nripeshpradhan/Documents/Github/i-test-season/.venv/lib/python3.11/site-packages/httpx/_transports/default.py", line 101, in map_httpcore_exceptions
    yield
  File "/Users/nripeshpradhan/Documents/Github/i-test-season/.venv/lib/python3.11/site-packages/httpx/_transports/default.py", line 250, in handle_request
    resp = self._pool.handle_request(req)
           ^^^^^^^^^^^^^^^^^^^^^^^^^^^^^^
  File "/Users/nripeshpradhan/Documents/Github/i-test-season/.venv/lib/python3.11/site-packages/httpcore/_sync/connection_pool.py", line 256, in handle_request
    raise exc from None
  File "/Users/nripeshpradhan/Documents/Github/i-test-season/.venv/lib/python3.11/site-packages/httpcore/_sync/connection_pool.py", line 236, in handle_request
    response = connection.handle_request(
               ^^^^^^^^^^^^^^^^^^^^^^^^^^
  File "/Users/nripeshpradhan/Documents/Github/i-test-season/.venv/lib/python3.11/site-packages/httpcore/_sync/connection.py", line 103, in handle_request
    return self._connection.handle_request(request)
           ^^^^^^^^^^^^^^^^^^^^^^^^^^^^^^^^^^^^^^^^
  File "/Users/nripeshpradhan/Documents/Github/i-test-season/.venv/lib/python3.11/site-packages/httpcore/_sync/http11.py", line 136, in handle_request
    raise exc
  File "/Users/nripeshpradhan/Documents/Github/i-test-season/.venv/lib/python3.11/site-packages/httpcore/_sync/http11.py", line 106, in handle_request
    ) = self._receive_response_headers(**kwargs)
        ^^^^^^^^^^^^^^^^^^^^^^^^^^^^^^^^^^^^^^^^
  File "/Users/nripeshpradhan/Documents/Github/i-test-season/.venv/lib/python3.11/site-packages/httpcore/_sync/http11.py", line 177, in _receive_response_headers
    event = self._receive_event(timeout=timeout)
            ^^^^^^^^^^^^^^^^^^^^^^^^^^^^^^^^^^^^
  File "/Users/nripeshpradhan/Documents/Github/i-test-season/.venv/lib/python3.11/site-packages/httpcore/_sync/http11.py", line 217, in _receive_event
    data = self._network_stream.read(
           ^^^^^^^^^^^^^^^^^^^^^^^^^^
  File "/Users/nripeshpradhan/Documents/Github/i-test-season/.venv/lib/python3.11/site-packages/httpcore/_backends/sync.py", line 126, in read
    with map_exceptions(exc_map):
  File "/Users/nripeshpradhan/.local/share/uv/python/cpython-3.11.15-macos-aarch64-none/lib/python3.11/contextlib.py", line 158, in __exit__
    self.gen.throw(typ, value, traceback)
  File "/Users/nripeshpradhan/Documents/Github/i-test-season/.venv/lib/python3.11/site-packages/httpcore/_exceptions.py", line 14, in map_exceptions
    raise to_exc(exc) from exc
httpcore.ReadTimeout: The read operation timed out

The above exception was the direct cause of the following exception:

Traceback (most recent call last):
  File "/Users/nripeshpradhan/Documents/Github/i-test-season/fpl_edge/interfaces/telegram.py", line 503, in run_forever
    self.poll_once(timeout=timeout)
  File "/Users/nripeshpradhan/Documents/Github/i-test-season/fpl_edge/interfaces/telegram.py", line 338, in poll_once
    body = self.transport.call(
           ^^^^^^^^^^^^^^^^^^^^
  File "/Users/nripeshpradhan/Documents/Github/i-test-season/fpl_edge/interfaces/telegram.py", line 102, in call
    resp = self._client.post(f"/{method}", json=payload, timeout=timeout)
           ^^^^^^^^^^^^^^^^^^^^^^^^^^^^^^^^^^^^^^^^^^^^^^^^^^^^^^^^^^^^^^
  File "/Users/nripeshpradhan/Documents/Github/i-test-season/.venv/lib/python3.11/site-packages/httpx/_client.py", line 1144, in post
    return self.request(
           ^^^^^^^^^^^^^
  File "/Users/nripeshpradhan/Documents/Github/i-test-season/.venv/lib/python3.11/site-packages/httpx/_client.py", line 825, in request
    return self.send(request, auth=auth, follow_redirects=follow_redirects)
           ^^^^^^^^^^^^^^^^^^^^^^^^^^^^^^^^^^^^^^^^^^^^^^^^^^^^^^^^^^^^^^^^
  File "/Users/nripeshpradhan/Documents/Github/i-test-season/.venv/lib/python3.11/site-packages/httpx/_client.py", line 914, in send
    response = self._send_handling_auth(
               ^^^^^^^^^^^^^^^^^^^^^^^^^
  File "/Users/nripeshpradhan/Documents/Github/i-test-season/.venv/lib/python3.11/site-packages/httpx/_client.py", line 942, in _send_handling_auth
    response = self._send_handling_redirects(
               ^^^^^^^^^^^^^^^^^^^^^^^^^^^^^^
  File "/Users/nripeshpradhan/Documents/Github/i-test-season/.venv/lib/python3.11/site-packages/httpx/_client.py", line 979, in _send_handling_redirects
    response = self._send_single_request(request)
               ^^^^^^^^^^^^^^^^^^^^^^^^^^^^^^^^^^
  File "/Users/nripeshpradhan/Documents/Github/i-test-season/.venv/lib/python3.11/site-packages/httpx/_client.py", line 1014, in _send_single_request
    response = transport.handle_request(request)
               ^^^^^^^^^^^^^^^^^^^^^^^^^^^^^^^^^
  File "/Users/nripeshpradhan/Documents/Github/i-test-season/.venv/lib/python3.11/site-packages/httpx/_transports/default.py", line 249, in handle_request
    with map_httpcore_exceptions():
  File "/Users/nripeshpradhan/.local/share/uv/python/cpython-3.11.15-macos-aarch64-none/lib/python3.11/contextlib.py", line 158, in __exit__
    self.gen.throw(typ, value, traceback)
  File "/Users/nripeshpradhan/Documents/Github/i-test-season/.venv/lib/python3.11/site-packages/httpx/_transports/default.py", line 118, in map_httpcore_exceptions
    raise mapped_exc(message) from exc
httpx.ReadTimeout: The read operation timed out
2026-08-21 04:26:33,126 ERROR poll cycle failed; backing off
Traceback (most recent call last):
  File "/Users/nripeshpradhan/Documents/Github/i-test-season/.venv/lib/python3.11/site-packages/httpx/_transports/default.py", line 101, in map_httpcore_exceptions
    yield
  File "/Users/nripeshpradhan/Documents/Github/i-test-season/.venv/lib/python3.11/site-packages/httpx/_transports/default.py", line 250, in handle_request
    resp = self._pool.handle_request(req)
           ^^^^^^^^^^^^^^^^^^^^^^^^^^^^^^
  File "/Users/nripeshpradhan/Documents/Github/i-test-season/.venv/lib/python3.11/site-packages/httpcore/_sync/connection_pool.py", line 256, in handle_request
    raise exc from None
  File "/Users/nripeshpradhan/Documents/Github/i-test-season/.venv/lib/python3.11/site-packages/httpcore/_sync/connection_pool.py", line 236, in handle_request
    response = connection.handle_request(
               ^^^^^^^^^^^^^^^^^^^^^^^^^^
  File "/Users/nripeshpradhan/Documents/Github/i-test-season/.venv/lib/python3.11/site-packages/httpcore/_sync/connection.py", line 103, in handle_request
    return self._connection.handle_request(request)
           ^^^^^^^^^^^^^^^^^^^^^^^^^^^^^^^^^^^^^^^^
  File "/Users/nripeshpradhan/Documents/Github/i-test-season/.venv/lib/python3.11/site-packages/httpcore/_sync/http11.py", line 136, in handle_request
    raise exc
  File "/Users/nripeshpradhan/Documents/Github/i-test-season/.venv/lib/python3.11/site-packages/httpcore/_sync/http11.py", line 106, in handle_request
    ) = self._receive_response_headers(**kwargs)
        ^^^^^^^^^^^^^^^^^^^^^^^^^^^^^^^^^^^^^^^^
  File "/Users/nripeshpradhan/Documents/Github/i-test-season/.venv/lib/python3.11/site-packages/httpcore/_sync/http11.py", line 177, in _receive_response_headers
    event = self._receive_event(timeout=timeout)
            ^^^^^^^^^^^^^^^^^^^^^^^^^^^^^^^^^^^^
  File "/Users/nripeshpradhan/Documents/Github/i-test-season/.venv/lib/python3.11/site-packages/httpcore/_sync/http11.py", line 217, in _receive_event
    data = self._network_stream.read(
           ^^^^^^^^^^^^^^^^^^^^^^^^^^
  File "/Users/nripeshpradhan/Documents/Github/i-test-season/.venv/lib/python3.11/site-packages/httpcore/_backends/sync.py", line 126, in read
    with map_exceptions(exc_map):
  File "/Users/nripeshpradhan/.local/share/uv/python/cpython-3.11.15-macos-aarch64-none/lib/python3.11/contextlib.py", line 158, in __exit__
    self.gen.throw(typ, value, traceback)
  File "/Users/nripeshpradhan/Documents/Github/i-test-season/.venv/lib/python3.11/site-packages/httpcore/_exceptions.py", line 14, in map_exceptions
    raise to_exc(exc) from exc
httpcore.ReadTimeout: The read operation timed out

The above exception was the direct cause of the following exception:

Traceback (most recent call last):
  File "/Users/nripeshpradhan/Documents/Github/i-test-season/fpl_edge/interfaces/telegram.py", line 503, in run_forever
    self.poll_once(timeout=timeout)
  File "/Users/nripeshpradhan/Documents/Github/i-test-season/fpl_edge/interfaces/telegram.py", line 338, in poll_once
    body = self.transport.call(
           ^^^^^^^^^^^^^^^^^^^^
  File "/Users/nripeshpradhan/Documents/Github/i-test-season/fpl_edge/interfaces/telegram.py", line 102, in call
    resp = self._client.post(f"/{method}", json=payload, timeout=timeout)
           ^^^^^^^^^^^^^^^^^^^^^^^^^^^^^^^^^^^^^^^^^^^^^^^^^^^^^^^^^^^^^^
  File "/Users/nripeshpradhan/Documents/Github/i-test-season/.venv/lib/python3.11/site-packages/httpx/_client.py", line 1144, in post
    return self.request(
           ^^^^^^^^^^^^^
  File "/Users/nripeshpradhan/Documents/Github/i-test-season/.venv/lib/python3.11/site-packages/httpx/_client.py", line 825, in request
    return self.send(request, auth=auth, follow_redirects=follow_redirects)
           ^^^^^^^^^^^^^^^^^^^^^^^^^^^^^^^^^^^^^^^^^^^^^^^^^^^^^^^^^^^^^^^^
  File "/Users/nripeshpradhan/Documents/Github/i-test-season/.venv/lib/python3.11/site-packages/httpx/_client.py", line 914, in send
    response = self._send_handling_auth(
               ^^^^^^^^^^^^^^^^^^^^^^^^^
  File "/Users/nripeshpradhan/Documents/Github/i-test-season/.venv/lib/python3.11/site-packages/httpx/_client.py", line 942, in _send_handling_auth
    response = self._send_handling_redirects(
               ^^^^^^^^^^^^^^^^^^^^^^^^^^^^^^
  File "/Users/nripeshpradhan/Documents/Github/i-test-season/.venv/lib/python3.11/site-packages/httpx/_client.py", line 979, in _send_handling_redirects
    response = self._send_single_request(request)
               ^^^^^^^^^^^^^^^^^^^^^^^^^^^^^^^^^^
  File "/Users/nripeshpradhan/Documents/Github/i-test-season/.venv/lib/python3.11/site-packages/httpx/_client.py", line 1014, in _send_single_request
    response = transport.handle_request(request)
               ^^^^^^^^^^^^^^^^^^^^^^^^^^^^^^^^^
  File "/Users/nripeshpradhan/Documents/Github/i-test-season/.venv/lib/python3.11/site-packages/httpx/_transports/default.py", line 249, in handle_request
    with map_httpcore_exceptions():
  File "/Users/nripeshpradhan/.local/share/uv/python/cpython-3.11.15-macos-aarch64-none/lib/python3.11/contextlib.py", line 158, in __exit__
    self.gen.throw(typ, value, traceback)
  File "/Users/nripeshpradhan/Documents/Github/i-test-season/.venv/lib/python3.11/site-packages/httpx/_transports/default.py", line 118, in map_httpcore_exceptions
    raise mapped_exc(message) from exc
httpx.ReadTimeout: The read operation timed out
2026-08-21 04:35:52,278 ERROR poll cycle failed; backing off
Traceback (most recent call last):
  File "/Users/nripeshpradhan/Documents/Github/i-test-season/.venv/lib/python3.11/site-packages/httpx/_transports/default.py", line 101, in map_httpcore_exceptions
    yield
  File "/Users/nripeshpradhan/Documents/Github/i-test-season/.venv/lib/python3.11/site-packages/httpx/_transports/default.py", line 250, in handle_request
    resp = self._pool.handle_request(req)
           ^^^^^^^^^^^^^^^^^^^^^^^^^^^^^^
  File "/Users/nripeshpradhan/Documents/Github/i-test-season/.venv/lib/python3.11/site-packages/httpcore/_sync/connection_pool.py", line 256, in handle_request
    raise exc from None
  File "/Users/nripeshpradhan/Documents/Github/i-test-season/.venv/lib/python3.11/site-packages/httpcore/_sync/connection_pool.py", line 236, in handle_request
    response = connection.handle_request(
               ^^^^^^^^^^^^^^^^^^^^^^^^^^
  File "/Users/nripeshpradhan/Documents/Github/i-test-season/.venv/lib/python3.11/site-packages/httpcore/_sync/connection.py", line 103, in handle_request
    return self._connection.handle_request(request)
           ^^^^^^^^^^^^^^^^^^^^^^^^^^^^^^^^^^^^^^^^
  File "/Users/nripeshpradhan/Documents/Github/i-test-season/.venv/lib/python3.11/site-packages/httpcore/_sync/http11.py", line 136, in handle_request
    raise exc
  File "/Users/nripeshpradhan/Documents/Github/i-test-season/.venv/lib/python3.11/site-packages/httpcore/_sync/http11.py", line 106, in handle_request
    ) = self._receive_response_headers(**kwargs)
        ^^^^^^^^^^^^^^^^^^^^^^^^^^^^^^^^^^^^^^^^
  File "/Users/nripeshpradhan/Documents/Github/i-test-season/.venv/lib/python3.11/site-packages/httpcore/_sync/http11.py", line 177, in _receive_response_headers
    event = self._receive_event(timeout=timeout)
            ^^^^^^^^^^^^^^^^^^^^^^^^^^^^^^^^^^^^
  File "/Users/nripeshpradhan/Documents/Github/i-test-season/.venv/lib/python3.11/site-packages/httpcore/_sync/http11.py", line 217, in _receive_event
    data = self._network_stream.read(
           ^^^^^^^^^^^^^^^^^^^^^^^^^^
  File "/Users/nripeshpradhan/Documents/Github/i-test-season/.venv/lib/python3.11/site-packages/httpcore/_backends/sync.py", line 126, in read
    with map_exceptions(exc_map):
  File "/Users/nripeshpradhan/.local/share/uv/python/cpython-3.11.15-macos-aarch64-none/lib/python3.11/contextlib.py", line 158, in __exit__
    self.gen.throw(typ, value, traceback)
  File "/Users/nripeshpradhan/Documents/Github/i-test-season/.venv/lib/python3.11/site-packages/httpcore/_exceptions.py", line 14, in map_exceptions
    raise to_exc(exc) from exc
httpcore.ReadTimeout: The read operation timed out

The above exception was the direct cause of the following exception:

Traceback (most recent call last):
  File "/Users/nripeshpradhan/Documents/Github/i-test-season/fpl_edge/interfaces/telegram.py", line 503, in run_forever
    self.poll_once(timeout=timeout)
  File "/Users/nripeshpradhan/Documents/Github/i-test-season/fpl_edge/interfaces/telegram.py", line 338, in poll_once
    body = self.transport.call(
           ^^^^^^^^^^^^^^^^^^^^
  File "/Users/nripeshpradhan/Documents/Github/i-test-season/fpl_edge/interfaces/telegram.py", line 102, in call
    resp = self._client.post(f"/{method}", json=payload, timeout=timeout)
           ^^^^^^^^^^^^^^^^^^^^^^^^^^^^^^^^^^^^^^^^^^^^^^^^^^^^^^^^^^^^^^
  File "/Users/nripeshpradhan/Documents/Github/i-test-season/.venv/lib/python3.11/site-packages/httpx/_client.py", line 1144, in post
    return self.request(
           ^^^^^^^^^^^^^
  File "/Users/nripeshpradhan/Documents/Github/i-test-season/.venv/lib/python3.11/site-packages/httpx/_client.py", line 825, in request
    return self.send(request, auth=auth, follow_redirects=follow_redirects)
           ^^^^^^^^^^^^^^^^^^^^^^^^^^^^^^^^^^^^^^^^^^^^^^^^^^^^^^^^^^^^^^^^
  File "/Users/nripeshpradhan/Documents/Github/i-test-season/.venv/lib/python3.11/site-packages/httpx/_client.py", line 914, in send
    response = self._send_handling_auth(
               ^^^^^^^^^^^^^^^^^^^^^^^^^
  File "/Users/nripeshpradhan/Documents/Github/i-test-season/.venv/lib/python3.11/site-packages/httpx/_client.py", line 942, in _send_handling_auth
    response = self._send_handling_redirects(
               ^^^^^^^^^^^^^^^^^^^^^^^^^^^^^^
  File "/Users/nripeshpradhan/Documents/Github/i-test-season/.venv/lib/python3.11/site-packages/httpx/_client.py", line 979, in _send_handling_redirects
    response = self._send_single_request(request)
               ^^^^^^^^^^^^^^^^^^^^^^^^^^^^^^^^^^
  File "/Users/nripeshpradhan/Documents/Github/i-test-season/.venv/lib/python3.11/site-packages/httpx/_client.py", line 1014, in _send_single_request
    response = transport.handle_request(request)
               ^^^^^^^^^^^^^^^^^^^^^^^^^^^^^^^^^
  File "/Users/nripeshpradhan/Documents/Github/i-test-season/.venv/lib/python3.11/site-packages/httpx/_transports/default.py", line 249, in handle_request
    with map_httpcore_exceptions():
  File "/Users/nripeshpradhan/.local/share/uv/python/cpython-3.11.15-macos-aarch64-none/lib/python3.11/contextlib.py", line 158, in __exit__
    self.gen.throw(typ, value, traceback)
  File "/Users/nripeshpradhan/Documents/Github/i-test-season/.venv/lib/python3.11/site-packages/httpx/_transports/default.py", line 118, in map_httpcore_exceptions
    raise mapped_exc(message) from exc
httpx.ReadTimeout: The read operation timed out
2026-08-21 05:46:47,517 ERROR poll cycle failed; backing off
Traceback (most recent call last):
  File "/Users/nripeshpradhan/Documents/Github/i-test-season/.venv/lib/python3.11/site-packages/httpx/_transports/default.py", line 101, in map_httpcore_exceptions
    yield
  File "/Users/nripeshpradhan/Documents/Github/i-test-season/.venv/lib/python3.11/site-packages/httpx/_transports/default.py", line 250, in handle_request
    resp = self._pool.handle_request(req)
           ^^^^^^^^^^^^^^^^^^^^^^^^^^^^^^
  File "/Users/nripeshpradhan/Documents/Github/i-test-season/.venv/lib/python3.11/site-packages/httpcore/_sync/connection_pool.py", line 256, in handle_request
    raise exc from None
  File "/Users/nripeshpradhan/Documents/Github/i-test-season/.venv/lib/python3.11/site-packages/httpcore/_sync/connection_pool.py", line 236, in handle_request
    response = connection.handle_request(
               ^^^^^^^^^^^^^^^^^^^^^^^^^^
  File "/Users/nripeshpradhan/Documents/Github/i-test-season/.venv/lib/python3.11/site-packages/httpcore/_sync/connection.py", line 103, in handle_request
    return self._connection.handle_request(request)
           ^^^^^^^^^^^^^^^^^^^^^^^^^^^^^^^^^^^^^^^^
  File "/Users/nripeshpradhan/Documents/Github/i-test-season/.venv/lib/python3.11/site-packages/httpcore/_sync/http11.py", line 136, in handle_request
    raise exc
  File "/Users/nripeshpradhan/Documents/Github/i-test-season/.venv/lib/python3.11/site-packages/httpcore/_sync/http11.py", line 106, in handle_request
    ) = self._receive_response_headers(**kwargs)
        ^^^^^^^^^^^^^^^^^^^^^^^^^^^^^^^^^^^^^^^^
  File "/Users/nripeshpradhan/Documents/Github/i-test-season/.venv/lib/python3.11/site-packages/httpcore/_sync/http11.py", line 177, in _receive_response_headers
    event = self._receive_event(timeout=timeout)
            ^^^^^^^^^^^^^^^^^^^^^^^^^^^^^^^^^^^^
  File "/Users/nripeshpradhan/Documents/Github/i-test-season/.venv/lib/python3.11/site-packages/httpcore/_sync/http11.py", line 217, in _receive_event
    data = self._network_stream.read(
           ^^^^^^^^^^^^^^^^^^^^^^^^^^
  File "/Users/nripeshpradhan/Documents/Github/i-test-season/.venv/lib/python3.11/site-packages/httpcore/_backends/sync.py", line 126, in read
    with map_exceptions(exc_map):
  File "/Users/nripeshpradhan/.local/share/uv/python/cpython-3.11.15-macos-aarch64-none/lib/python3.11/contextlib.py", line 158, in __exit__
    self.gen.throw(typ, value, traceback)
  File "/Users/nripeshpradhan/Documents/Github/i-test-season/.venv/lib/python3.11/site-packages/httpcore/_exceptions.py", line 14, in map_exceptions
    raise to_exc(exc) from exc
httpcore.ReadTimeout: The read operation timed out

The above exception was the direct cause of the following exception:

Traceback (most recent call last):
  File "/Users/nripeshpradhan/Documents/Github/i-test-season/fpl_edge/interfaces/telegram.py", line 503, in run_forever
    self.poll_once(timeout=timeout)
  File "/Users/nripeshpradhan/Documents/Github/i-test-season/fpl_edge/interfaces/telegram.py", line 338, in poll_once
    body = self.transport.call(
           ^^^^^^^^^^^^^^^^^^^^
  File "/Users/nripeshpradhan/Documents/Github/i-test-season/fpl_edge/interfaces/telegram.py", line 102, in call
    resp = self._client.post(f"/{method}", json=payload, timeout=timeout)
           ^^^^^^^^^^^^^^^^^^^^^^^^^^^^^^^^^^^^^^^^^^^^^^^^^^^^^^^^^^^^^^
  File "/Users/nripeshpradhan/Documents/Github/i-test-season/.venv/lib/python3.11/site-packages/httpx/_client.py", line 1144, in post
    return self.request(
           ^^^^^^^^^^^^^
  File "/Users/nripeshpradhan/Documents/Github/i-test-season/.venv/lib/python3.11/site-packages/httpx/_client.py", line 825, in request
    return self.send(request, auth=auth, follow_redirects=follow_redirects)
           ^^^^^^^^^^^^^^^^^^^^^^^^^^^^^^^^^^^^^^^^^^^^^^^^^^^^^^^^^^^^^^^^
  File "/Users/nripeshpradhan/Documents/Github/i-test-season/.venv/lib/python3.11/site-packages/httpx/_client.py", line 914, in send
    response = self._send_handling_auth(
               ^^^^^^^^^^^^^^^^^^^^^^^^^
  File "/Users/nripeshpradhan/Documents/Github/i-test-season/.venv/lib/python3.11/site-packages/httpx/_client.py", line 942, in _send_handling_auth
    response = self._send_handling_redirects(
               ^^^^^^^^^^^^^^^^^^^^^^^^^^^^^^
  File "/Users/nripeshpradhan/Documents/Github/i-test-season/.venv/lib/python3.11/site-packages/httpx/_client.py", line 979, in _send_handling_redirects
    response = self._send_single_request(request)
               ^^^^^^^^^^^^^^^^^^^^^^^^^^^^^^^^^^
  File "/Users/nripeshpradhan/Documents/Github/i-test-season/.venv/lib/python3.11/site-packages/httpx/_client.py", line 1014, in _send_single_request
    response = transport.handle_request(request)
               ^^^^^^^^^^^^^^^^^^^^^^^^^^^^^^^^^
  File "/Users/nripeshpradhan/Documents/Github/i-test-season/.venv/lib/python3.11/site-packages/httpx/_transports/default.py", line 249, in handle_request
    with map_httpcore_exceptions():
  File "/Users/nripeshpradhan/.local/share/uv/python/cpython-3.11.15-macos-aarch64-none/lib/python3.11/contextlib.py", line 158, in __exit__
    self.gen.throw(typ, value, traceback)
  File "/Users/nripeshpradhan/Documents/Github/i-test-season/.venv/lib/python3.11/site-packages/httpx/_transports/default.py", line 118, in map_httpcore_exceptions
    raise mapped_exc(message) from exc
httpx.ReadTimeout: The read operation timed out
2026-08-21 07:09:51,476 ERROR poll cycle failed; backing off
Traceback (most recent call last):
  File "/Users/nripeshpradhan/Documents/Github/i-test-season/.venv/lib/python3.11/site-packages/httpx/_transports/default.py", line 101, in map_httpcore_exceptions
    yield
  File "/Users/nripeshpradhan/Documents/Github/i-test-season/.venv/lib/python3.11/site-packages/httpx/_transports/default.py", line 250, in handle_request
    resp = self._pool.handle_request(req)
           ^^^^^^^^^^^^^^^^^^^^^^^^^^^^^^
  File "/Users/nripeshpradhan/Documents/Github/i-test-season/.venv/lib/python3.11/site-packages/httpcore/_sync/connection_pool.py", line 256, in handle_request
    raise exc from None
  File "/Users/nripeshpradhan/Documents/Github/i-test-season/.venv/lib/python3.11/site-packages/httpcore/_sync/connection_pool.py", line 236, in handle_request
    response = connection.handle_request(
               ^^^^^^^^^^^^^^^^^^^^^^^^^^
  File "/Users/nripeshpradhan/Documents/Github/i-test-season/.venv/lib/python3.11/site-packages/httpcore/_sync/connection.py", line 103, in handle_request
    return self._connection.handle_request(request)
           ^^^^^^^^^^^^^^^^^^^^^^^^^^^^^^^^^^^^^^^^
  File "/Users/nripeshpradhan/Documents/Github/i-test-season/.venv/lib/python3.11/site-packages/httpcore/_sync/http11.py", line 136, in handle_request
    raise exc
  File "/Users/nripeshpradhan/Documents/Github/i-test-season/.venv/lib/python3.11/site-packages/httpcore/_sync/http11.py", line 106, in handle_request
    ) = self._receive_response_headers(**kwargs)
        ^^^^^^^^^^^^^^^^^^^^^^^^^^^^^^^^^^^^^^^^
  File "/Users/nripeshpradhan/Documents/Github/i-test-season/.venv/lib/python3.11/site-packages/httpcore/_sync/http11.py", line 177, in _receive_response_headers
    event = self._receive_event(timeout=timeout)
            ^^^^^^^^^^^^^^^^^^^^^^^^^^^^^^^^^^^^
  File "/Users/nripeshpradhan/Documents/Github/i-test-season/.venv/lib/python3.11/site-packages/httpcore/_sync/http11.py", line 217, in _receive_event
    data = self._network_stream.read(
           ^^^^^^^^^^^^^^^^^^^^^^^^^^
  File "/Users/nripeshpradhan/Documents/Github/i-test-season/.venv/lib/python3.11/site-packages/httpcore/_backends/sync.py", line 126, in read
    with map_exceptions(exc_map):
  File "/Users/nripeshpradhan/.local/share/uv/python/cpython-3.11.15-macos-aarch64-none/lib/python3.11/contextlib.py", line 158, in __exit__
    self.gen.throw(typ, value, traceback)
  File "/Users/nripeshpradhan/Documents/Github/i-test-season/.venv/lib/python3.11/site-packages/httpcore/_exceptions.py", line 14, in map_exceptions
    raise to_exc(exc) from exc
httpcore.ReadTimeout: The read operation timed out

The above exception was the direct cause of the following exception:

Traceback (most recent call last):
  File "/Users/nripeshpradhan/Documents/Github/i-test-season/fpl_edge/interfaces/telegram.py", line 503, in run_forever
    self.poll_once(timeout=timeout)
  File "/Users/nripeshpradhan/Documents/Github/i-test-season/fpl_edge/interfaces/telegram.py", line 338, in poll_once
    body = self.transport.call(
           ^^^^^^^^^^^^^^^^^^^^
  File "/Users/nripeshpradhan/Documents/Github/i-test-season/fpl_edge/interfaces/telegram.py", line 102, in call
    resp = self._client.post(f"/{method}", json=payload, timeout=timeout)
           ^^^^^^^^^^^^^^^^^^^^^^^^^^^^^^^^^^^^^^^^^^^^^^^^^^^^^^^^^^^^^^
  File "/Users/nripeshpradhan/Documents/Github/i-test-season/.venv/lib/python3.11/site-packages/httpx/_client.py", line 1144, in post
    return self.request(
           ^^^^^^^^^^^^^
  File "/Users/nripeshpradhan/Documents/Github/i-test-season/.venv/lib/python3.11/site-packages/httpx/_client.py", line 825, in request
    return self.send(request, auth=auth, follow_redirects=follow_redirects)
           ^^^^^^^^^^^^^^^^^^^^^^^^^^^^^^^^^^^^^^^^^^^^^^^^^^^^^^^^^^^^^^^^
  File "/Users/nripeshpradhan/Documents/Github/i-test-season/.venv/lib/python3.11/site-packages/httpx/_client.py", line 914, in send
    response = self._send_handling_auth(
               ^^^^^^^^^^^^^^^^^^^^^^^^^
  File "/Users/nripeshpradhan/Documents/Github/i-test-season/.venv/lib/python3.11/site-packages/httpx/_client.py", line 942, in _send_handling_auth
    response = self._send_handling_redirects(
               ^^^^^^^^^^^^^^^^^^^^^^^^^^^^^^
  File "/Users/nripeshpradhan/Documents/Github/i-test-season/.venv/lib/python3.11/site-packages/httpx/_client.py", line 979, in _send_handling_redirects
    response = self._send_single_request(request)
               ^^^^^^^^^^^^^^^^^^^^^^^^^^^^^^^^^^
  File "/Users/nripeshpradhan/Documents/Github/i-test-season/.venv/lib/python3.11/site-packages/httpx/_client.py", line 1014, in _send_single_request
    response = transport.handle_request(request)
               ^^^^^^^^^^^^^^^^^^^^^^^^^^^^^^^^^
  File "/Users/nripeshpradhan/Documents/Github/i-test-season/.venv/lib/python3.11/site-packages/httpx/_transports/default.py", line 249, in handle_request
    with map_httpcore_exceptions():
  File "/Users/nripeshpradhan/.local/share/uv/python/cpython-3.11.15-macos-aarch64-none/lib/python3.11/contextlib.py", line 158, in __exit__
    self.gen.throw(typ, value, traceback)
  File "/Users/nripeshpradhan/Documents/Github/i-test-season/.venv/lib/python3.11/site-packages/httpx/_transports/default.py", line 118, in map_httpcore_exceptions
    raise mapped_exc(message) from exc
httpx.ReadTimeout: The read operation timed out
2026-08-21 07:26:24,292 ERROR poll cycle failed; backing off
Traceback (most recent call last):
  File "/Users/nripeshpradhan/Documents/Github/i-test-season/.venv/lib/python3.11/site-packages/httpx/_transports/default.py", line 101, in map_httpcore_exceptions
    yield
  File "/Users/nripeshpradhan/Documents/Github/i-test-season/.venv/lib/python3.11/site-packages/httpx/_transports/default.py", line 250, in handle_request
    resp = self._pool.handle_request(req)
           ^^^^^^^^^^^^^^^^^^^^^^^^^^^^^^
  File "/Users/nripeshpradhan/Documents/Github/i-test-season/.venv/lib/python3.11/site-packages/httpcore/_sync/connection_pool.py", line 256, in handle_request
    raise exc from None
  File "/Users/nripeshpradhan/Documents/Github/i-test-season/.venv/lib/python3.11/site-packages/httpcore/_sync/connection_pool.py", line 236, in handle_request
    response = connection.handle_request(
               ^^^^^^^^^^^^^^^^^^^^^^^^^^
  File "/Users/nripeshpradhan/Documents/Github/i-test-season/.venv/lib/python3.11/site-packages/httpcore/_sync/connection.py", line 103, in handle_request
    return self._connection.handle_request(request)
           ^^^^^^^^^^^^^^^^^^^^^^^^^^^^^^^^^^^^^^^^
  File "/Users/nripeshpradhan/Documents/Github/i-test-season/.venv/lib/python3.11/site-packages/httpcore/_sync/http11.py", line 136, in handle_request
    raise exc
  File "/Users/nripeshpradhan/Documents/Github/i-test-season/.venv/lib/python3.11/site-packages/httpcore/_sync/http11.py", line 106, in handle_request
    ) = self._receive_response_headers(**kwargs)
        ^^^^^^^^^^^^^^^^^^^^^^^^^^^^^^^^^^^^^^^^
  File "/Users/nripeshpradhan/Documents/Github/i-test-season/.venv/lib/python3.11/site-packages/httpcore/_sync/http11.py", line 177, in _receive_response_headers
    event = self._receive_event(timeout=timeout)
            ^^^^^^^^^^^^^^^^^^^^^^^^^^^^^^^^^^^^
  File "/Users/nripeshpradhan/Documents/Github/i-test-season/.venv/lib/python3.11/site-packages/httpcore/_sync/http11.py", line 217, in _receive_event
    data = self._network_stream.read(
           ^^^^^^^^^^^^^^^^^^^^^^^^^^
  File "/Users/nripeshpradhan/Documents/Github/i-test-season/.venv/lib/python3.11/site-packages/httpcore/_backends/sync.py", line 126, in read
    with map_exceptions(exc_map):
  File "/Users/nripeshpradhan/.local/share/uv/python/cpython-3.11.15-macos-aarch64-none/lib/python3.11/contextlib.py", line 158, in __exit__
    self.gen.throw(typ, value, traceback)
  File "/Users/nripeshpradhan/Documents/Github/i-test-season/.venv/lib/python3.11/site-packages/httpcore/_exceptions.py", line 14, in map_exceptions
    raise to_exc(exc) from exc
httpcore.ReadTimeout: The read operation timed out

The above exception was the direct cause of the following exception:

Traceback (most recent call last):
  File "/Users/nripeshpradhan/Documents/Github/i-test-season/fpl_edge/interfaces/telegram.py", line 503, in run_forever
    self.poll_once(timeout=timeout)
  File "/Users/nripeshpradhan/Documents/Github/i-test-season/fpl_edge/interfaces/telegram.py", line 338, in poll_once
    body = self.transport.call(
           ^^^^^^^^^^^^^^^^^^^^
  File "/Users/nripeshpradhan/Documents/Github/i-test-season/fpl_edge/interfaces/telegram.py", line 102, in call
    resp = self._client.post(f"/{method}", json=payload, timeout=timeout)
           ^^^^^^^^^^^^^^^^^^^^^^^^^^^^^^^^^^^^^^^^^^^^^^^^^^^^^^^^^^^^^^
  File "/Users/nripeshpradhan/Documents/Github/i-test-season/.venv/lib/python3.11/site-packages/httpx/_client.py", line 1144, in post
    return self.request(
           ^^^^^^^^^^^^^
  File "/Users/nripeshpradhan/Documents/Github/i-test-season/.venv/lib/python3.11/site-packages/httpx/_client.py", line 825, in request
    return self.send(request, auth=auth, follow_redirects=follow_redirects)
           ^^^^^^^^^^^^^^^^^^^^^^^^^^^^^^^^^^^^^^^^^^^^^^^^^^^^^^^^^^^^^^^^
  File "/Users/nripeshpradhan/Documents/Github/i-test-season/.venv/lib/python3.11/site-packages/httpx/_client.py", line 914, in send
    response = self._send_handling_auth(
               ^^^^^^^^^^^^^^^^^^^^^^^^^
  File "/Users/nripeshpradhan/Documents/Github/i-test-season/.venv/lib/python3.11/site-packages/httpx/_client.py", line 942, in _send_handling_auth
    response = self._send_handling_redirects(
               ^^^^^^^^^^^^^^^^^^^^^^^^^^^^^^
  File "/Users/nripeshpradhan/Documents/Github/i-test-season/.venv/lib/python3.11/site-packages/httpx/_client.py", line 979, in _send_handling_redirects
    response = self._send_single_request(request)
               ^^^^^^^^^^^^^^^^^^^^^^^^^^^^^^^^^^
  File "/Users/nripeshpradhan/Documents/Github/i-test-season/.venv/lib/python3.11/site-packages/httpx/_client.py", line 1014, in _send_single_request
    response = transport.handle_request(request)
               ^^^^^^^^^^^^^^^^^^^^^^^^^^^^^^^^^
  File "/Users/nripeshpradhan/Documents/Github/i-test-season/.venv/lib/python3.11/site-packages/httpx/_transports/default.py", line 249, in handle_request
    with map_httpcore_exceptions():
  File "/Users/nripeshpradhan/.local/share/uv/python/cpython-3.11.15-macos-aarch64-none/lib/python3.11/contextlib.py", line 158, in __exit__
    self.gen.throw(typ, value, traceback)
  File "/Users/nripeshpradhan/Documents/Github/i-test-season/.venv/lib/python3.11/site-packages/httpx/_transports/default.py", line 118, in map_httpcore_exceptions
    raise mapped_exc(message) from exc
httpx.ReadTimeout: The read operation timed out
2026-08-21 07:47:54,892 ERROR poll cycle failed; backing off
Traceback (most recent call last):
  File "/Users/nripeshpradhan/Documents/Github/i-test-season/.venv/lib/python3.11/site-packages/httpx/_transports/default.py", line 101, in map_httpcore_exceptions
    yield
  File "/Users/nripeshpradhan/Documents/Github/i-test-season/.venv/lib/python3.11/site-packages/httpx/_transports/default.py", line 250, in handle_request
    resp = self._pool.handle_request(req)
           ^^^^^^^^^^^^^^^^^^^^^^^^^^^^^^
  File "/Users/nripeshpradhan/Documents/Github/i-test-season/.venv/lib/python3.11/site-packages/httpcore/_sync/connection_pool.py", line 256, in handle_request
    raise exc from None
  File "/Users/nripeshpradhan/Documents/Github/i-test-season/.venv/lib/python3.11/site-packages/httpcore/_sync/connection_pool.py", line 236, in handle_request
    response = connection.handle_request(
               ^^^^^^^^^^^^^^^^^^^^^^^^^^
  File "/Users/nripeshpradhan/Documents/Github/i-test-season/.venv/lib/python3.11/site-packages/httpcore/_sync/connection.py", line 103, in handle_request
    return self._connection.handle_request(request)
           ^^^^^^^^^^^^^^^^^^^^^^^^^^^^^^^^^^^^^^^^
  File "/Users/nripeshpradhan/Documents/Github/i-test-season/.venv/lib/python3.11/site-packages/httpcore/_sync/http11.py", line 136, in handle_request
    raise exc
  File "/Users/nripeshpradhan/Documents/Github/i-test-season/.venv/lib/python3.11/site-packages/httpcore/_sync/http11.py", line 106, in handle_request
    ) = self._receive_response_headers(**kwargs)
        ^^^^^^^^^^^^^^^^^^^^^^^^^^^^^^^^^^^^^^^^
  File "/Users/nripeshpradhan/Documents/Github/i-test-season/.venv/lib/python3.11/site-packages/httpcore/_sync/http11.py", line 177, in _receive_response_headers
    event = self._receive_event(timeout=timeout)
            ^^^^^^^^^^^^^^^^^^^^^^^^^^^^^^^^^^^^
  File "/Users/nripeshpradhan/Documents/Github/i-test-season/.venv/lib/python3.11/site-packages/httpcore/_sync/http11.py", line 217, in _receive_event
    data = self._network_stream.read(
           ^^^^^^^^^^^^^^^^^^^^^^^^^^
  File "/Users/nripeshpradhan/Documents/Github/i-test-season/.venv/lib/python3.11/site-packages/httpcore/_backends/sync.py", line 126, in read
    with map_exceptions(exc_map):
  File "/Users/nripeshpradhan/.local/share/uv/python/cpython-3.11.15-macos-aarch64-none/lib/python3.11/contextlib.py", line 158, in __exit__
    self.gen.throw(typ, value, traceback)
  File "/Users/nripeshpradhan/Documents/Github/i-test-season/.venv/lib/python3.11/site-packages/httpcore/_exceptions.py", line 14, in map_exceptions
    raise to_exc(exc) from exc
httpcore.ReadTimeout: The read operation timed out

The above exception was the direct cause of the following exception:

Traceback (most recent call last):
  File "/Users/nripeshpradhan/Documents/Github/i-test-season/fpl_edge/interfaces/telegram.py", line 503, in run_forever
    self.poll_once(timeout=timeout)
  File "/Users/nripeshpradhan/Documents/Github/i-test-season/fpl_edge/interfaces/telegram.py", line 338, in poll_once
    body = self.transport.call(
           ^^^^^^^^^^^^^^^^^^^^
  File "/Users/nripeshpradhan/Documents/Github/i-test-season/fpl_edge/interfaces/telegram.py", line 102, in call
    resp = self._client.post(f"/{method}", json=payload, timeout=timeout)
           ^^^^^^^^^^^^^^^^^^^^^^^^^^^^^^^^^^^^^^^^^^^^^^^^^^^^^^^^^^^^^^
  File "/Users/nripeshpradhan/Documents/Github/i-test-season/.venv/lib/python3.11/site-packages/httpx/_client.py", line 1144, in post
    return self.request(
           ^^^^^^^^^^^^^
  File "/Users/nripeshpradhan/Documents/Github/i-test-season/.venv/lib/python3.11/site-packages/httpx/_client.py", line 825, in request
    return self.send(request, auth=auth, follow_redirects=follow_redirects)
           ^^^^^^^^^^^^^^^^^^^^^^^^^^^^^^^^^^^^^^^^^^^^^^^^^^^^^^^^^^^^^^^^
  File "/Users/nripeshpradhan/Documents/Github/i-test-season/.venv/lib/python3.11/site-packages/httpx/_client.py", line 914, in send
    response = self._send_handling_auth(
               ^^^^^^^^^^^^^^^^^^^^^^^^^
  File "/Users/nripeshpradhan/Documents/Github/i-test-season/.venv/lib/python3.11/site-packages/httpx/_client.py", line 942, in _send_handling_auth
    response = self._send_handling_redirects(
               ^^^^^^^^^^^^^^^^^^^^^^^^^^^^^^
  File "/Users/nripeshpradhan/Documents/Github/i-test-season/.venv/lib/python3.11/site-packages/httpx/_client.py", line 979, in _send_handling_redirects
    response = self._send_single_request(request)
               ^^^^^^^^^^^^^^^^^^^^^^^^^^^^^^^^^^
  File "/Users/nripeshpradhan/Documents/Github/i-test-season/.venv/lib/python3.11/site-packages/httpx/_client.py", line 1014, in _send_single_request
    response = transport.handle_request(request)
               ^^^^^^^^^^^^^^^^^^^^^^^^^^^^^^^^^
  File "/Users/nripeshpradhan/Documents/Github/i-test-season/.venv/lib/python3.11/site-packages/httpx/_transports/default.py", line 249, in handle_request
    with map_httpcore_exceptions():
  File "/Users/nripeshpradhan/.local/share/uv/python/cpython-3.11.15-macos-aarch64-none/lib/python3.11/contextlib.py", line 158, in __exit__
    self.gen.throw(typ, value, traceback)
  File "/Users/nripeshpradhan/Documents/Github/i-test-season/.venv/lib/python3.11/site-packages/httpx/_transports/default.py", line 118, in map_httpcore_exceptions
    raise mapped_exc(message) from exc
httpx.ReadTimeout: The read operation timed out
2026-08-21 08:00:06,633 ERROR poll cycle failed; backing off
Traceback (most recent call last):
  File "/Users/nripeshpradhan/Documents/Github/i-test-season/.venv/lib/python3.11/site-packages/httpx/_transports/default.py", line 101, in map_httpcore_exceptions
    yield
  File "/Users/nripeshpradhan/Documents/Github/i-test-season/.venv/lib/python3.11/site-packages/httpx/_transports/default.py", line 250, in handle_request
    resp = self._pool.handle_request(req)
           ^^^^^^^^^^^^^^^^^^^^^^^^^^^^^^
  File "/Users/nripeshpradhan/Documents/Github/i-test-season/.venv/lib/python3.11/site-packages/httpcore/_sync/connection_pool.py", line 256, in handle_request
    raise exc from None
  File "/Users/nripeshpradhan/Documents/Github/i-test-season/.venv/lib/python3.11/site-packages/httpcore/_sync/connection_pool.py", line 236, in handle_request
    response = connection.handle_request(
               ^^^^^^^^^^^^^^^^^^^^^^^^^^
  File "/Users/nripeshpradhan/Documents/Github/i-test-season/.venv/lib/python3.11/site-packages/httpcore/_sync/connection.py", line 103, in handle_request
    return self._connection.handle_request(request)
           ^^^^^^^^^^^^^^^^^^^^^^^^^^^^^^^^^^^^^^^^
  File "/Users/nripeshpradhan/Documents/Github/i-test-season/.venv/lib/python3.11/site-packages/httpcore/_sync/http11.py", line 136, in handle_request
    raise exc
  File "/Users/nripeshpradhan/Documents/Github/i-test-season/.venv/lib/python3.11/site-packages/httpcore/_sync/http11.py", line 106, in handle_request
    ) = self._receive_response_headers(**kwargs)
        ^^^^^^^^^^^^^^^^^^^^^^^^^^^^^^^^^^^^^^^^
  File "/Users/nripeshpradhan/Documents/Github/i-test-season/.venv/lib/python3.11/site-packages/httpcore/_sync/http11.py", line 177, in _receive_response_headers
    event = self._receive_event(timeout=timeout)
            ^^^^^^^^^^^^^^^^^^^^^^^^^^^^^^^^^^^^
  File "/Users/nripeshpradhan/Documents/Github/i-test-season/.venv/lib/python3.11/site-packages/httpcore/_sync/http11.py", line 217, in _receive_event
    data = self._network_stream.read(
           ^^^^^^^^^^^^^^^^^^^^^^^^^^
  File "/Users/nripeshpradhan/Documents/Github/i-test-season/.venv/lib/python3.11/site-packages/httpcore/_backends/sync.py", line 126, in read
    with map_exceptions(exc_map):
  File "/Users/nripeshpradhan/.local/share/uv/python/cpython-3.11.15-macos-aarch64-none/lib/python3.11/contextlib.py", line 158, in __exit__
    self.gen.throw(typ, value, traceback)
  File "/Users/nripeshpradhan/Documents/Github/i-test-season/.venv/lib/python3.11/site-packages/httpcore/_exceptions.py", line 14, in map_exceptions
    raise to_exc(exc) from exc
httpcore.ReadTimeout: The read operation timed out

The above exception was the direct cause of the following exception:

Traceback (most recent call last):
  File "/Users/nripeshpradhan/Documents/Github/i-test-season/fpl_edge/interfaces/telegram.py", line 503, in run_forever
    self.poll_once(timeout=timeout)
  File "/Users/nripeshpradhan/Documents/Github/i-test-season/fpl_edge/interfaces/telegram.py", line 338, in poll_once
    body = self.transport.call(
           ^^^^^^^^^^^^^^^^^^^^
  File "/Users/nripeshpradhan/Documents/Github/i-test-season/fpl_edge/interfaces/telegram.py", line 102, in call
    resp = self._client.post(f"/{method}", json=payload, timeout=timeout)
           ^^^^^^^^^^^^^^^^^^^^^^^^^^^^^^^^^^^^^^^^^^^^^^^^^^^^^^^^^^^^^^
  File "/Users/nripeshpradhan/Documents/Github/i-test-season/.venv/lib/python3.11/site-packages/httpx/_client.py", line 1144, in post
    return self.request(
           ^^^^^^^^^^^^^
  File "/Users/nripeshpradhan/Documents/Github/i-test-season/.venv/lib/python3.11/site-packages/httpx/_client.py", line 825, in request
    return self.send(request, auth=auth, follow_redirects=follow_redirects)
           ^^^^^^^^^^^^^^^^^^^^^^^^^^^^^^^^^^^^^^^^^^^^^^^^^^^^^^^^^^^^^^^^
  File "/Users/nripeshpradhan/Documents/Github/i-test-season/.venv/lib/python3.11/site-packages/httpx/_client.py", line 914, in send
    response = self._send_handling_auth(
               ^^^^^^^^^^^^^^^^^^^^^^^^^
  File "/Users/nripeshpradhan/Documents/Github/i-test-season/.venv/lib/python3.11/site-packages/httpx/_client.py", line 942, in _send_handling_auth
    response = self._send_handling_redirects(
               ^^^^^^^^^^^^^^^^^^^^^^^^^^^^^^
  File "/Users/nripeshpradhan/Documents/Github/i-test-season/.venv/lib/python3.11/site-packages/httpx/_client.py", line 979, in _send_handling_redirects
    response = self._send_single_request(request)
               ^^^^^^^^^^^^^^^^^^^^^^^^^^^^^^^^^^
  File "/Users/nripeshpradhan/Documents/Github/i-test-season/.venv/lib/python3.11/site-packages/httpx/_client.py", line 1014, in _send_single_request
    response = transport.handle_request(request)
               ^^^^^^^^^^^^^^^^^^^^^^^^^^^^^^^^^
  File "/Users/nripeshpradhan/Documents/Github/i-test-season/.venv/lib/python3.11/site-packages/httpx/_transports/default.py", line 249, in handle_request
    with map_httpcore_exceptions():
  File "/Users/nripeshpradhan/.local/share/uv/python/cpython-3.11.15-macos-aarch64-none/lib/python3.11/contextlib.py", line 158, in __exit__
    self.gen.throw(typ, value, traceback)
  File "/Users/nripeshpradhan/Documents/Github/i-test-season/.venv/lib/python3.11/site-packages/httpx/_transports/default.py", line 118, in map_httpcore_exceptions
    raise mapped_exc(message) from exc
httpx.ReadTimeout: The read operation timed out
2026-08-21 08:17:50,755 ERROR poll cycle failed; backing off
Traceback (most recent call last):
  File "/Users/nripeshpradhan/Documents/Github/i-test-season/.venv/lib/python3.11/site-packages/httpx/_transports/default.py", line 101, in map_httpcore_exceptions
    yield
  File "/Users/nripeshpradhan/Documents/Github/i-test-season/.venv/lib/python3.11/site-packages/httpx/_transports/default.py", line 250, in handle_request
    resp = self._pool.handle_request(req)
           ^^^^^^^^^^^^^^^^^^^^^^^^^^^^^^
  File "/Users/nripeshpradhan/Documents/Github/i-test-season/.venv/lib/python3.11/site-packages/httpcore/_sync/connection_pool.py", line 256, in handle_request
    raise exc from None
  File "/Users/nripeshpradhan/Documents/Github/i-test-season/.venv/lib/python3.11/site-packages/httpcore/_sync/connection_pool.py", line 236, in handle_request
    response = connection.handle_request(
               ^^^^^^^^^^^^^^^^^^^^^^^^^^
  File "/Users/nripeshpradhan/Documents/Github/i-test-season/.venv/lib/python3.11/site-packages/httpcore/_sync/connection.py", line 103, in handle_request
    return self._connection.handle_request(request)
           ^^^^^^^^^^^^^^^^^^^^^^^^^^^^^^^^^^^^^^^^
  File "/Users/nripeshpradhan/Documents/Github/i-test-season/.venv/lib/python3.11/site-packages/httpcore/_sync/http11.py", line 136, in handle_request
    raise exc
  File "/Users/nripeshpradhan/Documents/Github/i-test-season/.venv/lib/python3.11/site-packages/httpcore/_sync/http11.py", line 106, in handle_request
    ) = self._receive_response_headers(**kwargs)
        ^^^^^^^^^^^^^^^^^^^^^^^^^^^^^^^^^^^^^^^^
  File "/Users/nripeshpradhan/Documents/Github/i-test-season/.venv/lib/python3.11/site-packages/httpcore/_sync/http11.py", line 177, in _receive_response_headers
    event = self._receive_event(timeout=timeout)
            ^^^^^^^^^^^^^^^^^^^^^^^^^^^^^^^^^^^^
  File "/Users/nripeshpradhan/Documents/Github/i-test-season/.venv/lib/python3.11/site-packages/httpcore/_sync/http11.py", line 217, in _receive_event
    data = self._network_stream.read(
           ^^^^^^^^^^^^^^^^^^^^^^^^^^
  File "/Users/nripeshpradhan/Documents/Github/i-test-season/.venv/lib/python3.11/site-packages/httpcore/_backends/sync.py", line 126, in read
    with map_exceptions(exc_map):
  File "/Users/nripeshpradhan/.local/share/uv/python/cpython-3.11.15-macos-aarch64-none/lib/python3.11/contextlib.py", line 158, in __exit__
    self.gen.throw(typ, value, traceback)
  File "/Users/nripeshpradhan/Documents/Github/i-test-season/.venv/lib/python3.11/site-packages/httpcore/_exceptions.py", line 14, in map_exceptions
    raise to_exc(exc) from exc
httpcore.ReadTimeout: The read operation timed out

The above exception was the direct cause of the following exception:

Traceback (most recent call last):
  File "/Users/nripeshpradhan/Documents/Github/i-test-season/fpl_edge/interfaces/telegram.py", line 503, in run_forever
    self.poll_once(timeout=timeout)
  File "/Users/nripeshpradhan/Documents/Github/i-test-season/fpl_edge/interfaces/telegram.py", line 338, in poll_once
    body = self.transport.call(
           ^^^^^^^^^^^^^^^^^^^^
  File "/Users/nripeshpradhan/Documents/Github/i-test-season/fpl_edge/interfaces/telegram.py", line 102, in call
    resp = self._client.post(f"/{method}", json=payload, timeout=timeout)
           ^^^^^^^^^^^^^^^^^^^^^^^^^^^^^^^^^^^^^^^^^^^^^^^^^^^^^^^^^^^^^^
  File "/Users/nripeshpradhan/Documents/Github/i-test-season/.venv/lib/python3.11/site-packages/httpx/_client.py", line 1144, in post
    return self.request(
           ^^^^^^^^^^^^^
  File "/Users/nripeshpradhan/Documents/Github/i-test-season/.venv/lib/python3.11/site-packages/httpx/_client.py", line 825, in request
    return self.send(request, auth=auth, follow_redirects=follow_redirects)
           ^^^^^^^^^^^^^^^^^^^^^^^^^^^^^^^^^^^^^^^^^^^^^^^^^^^^^^^^^^^^^^^^
  File "/Users/nripeshpradhan/Documents/Github/i-test-season/.venv/lib/python3.11/site-packages/httpx/_client.py", line 914, in send
    response = self._send_handling_auth(
               ^^^^^^^^^^^^^^^^^^^^^^^^^
  File "/Users/nripeshpradhan/Documents/Github/i-test-season/.venv/lib/python3.11/site-packages/httpx/_client.py", line 942, in _send_handling_auth
    response = self._send_handling_redirects(
               ^^^^^^^^^^^^^^^^^^^^^^^^^^^^^^
  File "/Users/nripeshpradhan/Documents/Github/i-test-season/.venv/lib/python3.11/site-packages/httpx/_client.py", line 979, in _send_handling_redirects
    response = self._send_single_request(request)
               ^^^^^^^^^^^^^^^^^^^^^^^^^^^^^^^^^^
  File "/Users/nripeshpradhan/Documents/Github/i-test-season/.venv/lib/python3.11/site-packages/httpx/_client.py", line 1014, in _send_single_request
    response = transport.handle_request(request)
               ^^^^^^^^^^^^^^^^^^^^^^^^^^^^^^^^^
  File "/Users/nripeshpradhan/Documents/Github/i-test-season/.venv/lib/python3.11/site-packages/httpx/_transports/default.py", line 249, in handle_request
    with map_httpcore_exceptions():
  File "/Users/nripeshpradhan/.local/share/uv/python/cpython-3.11.15-macos-aarch64-none/lib/python3.11/contextlib.py", line 158, in __exit__
    self.gen.throw(typ, value, traceback)
  File "/Users/nripeshpradhan/Documents/Github/i-test-season/.venv/lib/python3.11/site-packages/httpx/_transports/default.py", line 118, in map_httpcore_exceptions
    raise mapped_exc(message) from exc
httpx.ReadTimeout: The read operation timed out
2026-08-21 08:47:27,757 ERROR poll cycle failed; backing off
Traceback (most recent call last):
  File "/Users/nripeshpradhan/Documents/Github/i-test-season/.venv/lib/python3.11/site-packages/httpx/_transports/default.py", line 101, in map_httpcore_exceptions
    yield
  File "/Users/nripeshpradhan/Documents/Github/i-test-season/.venv/lib/python3.11/site-packages/httpx/_transports/default.py", line 250, in handle_request
    resp = self._pool.handle_request(req)
           ^^^^^^^^^^^^^^^^^^^^^^^^^^^^^^
  File "/Users/nripeshpradhan/Documents/Github/i-test-season/.venv/lib/python3.11/site-packages/httpcore/_sync/connection_pool.py", line 256, in handle_request
    raise exc from None
  File "/Users/nripeshpradhan/Documents/Github/i-test-season/.venv/lib/python3.11/site-packages/httpcore/_sync/connection_pool.py", line 236, in handle_request
    response = connection.handle_request(
               ^^^^^^^^^^^^^^^^^^^^^^^^^^
  File "/Users/nripeshpradhan/Documents/Github/i-test-season/.venv/lib/python3.11/site-packages/httpcore/_sync/connection.py", line 103, in handle_request
    return self._connection.handle_request(request)
           ^^^^^^^^^^^^^^^^^^^^^^^^^^^^^^^^^^^^^^^^
  File "/Users/nripeshpradhan/Documents/Github/i-test-season/.venv/lib/python3.11/site-packages/httpcore/_sync/http11.py", line 136, in handle_request
    raise exc
  File "/Users/nripeshpradhan/Documents/Github/i-test-season/.venv/lib/python3.11/site-packages/httpcore/_sync/http11.py", line 106, in handle_request
    ) = self._receive_response_headers(**kwargs)
        ^^^^^^^^^^^^^^^^^^^^^^^^^^^^^^^^^^^^^^^^
  File "/Users/nripeshpradhan/Documents/Github/i-test-season/.venv/lib/python3.11/site-packages/httpcore/_sync/http11.py", line 177, in _receive_response_headers
    event = self._receive_event(timeout=timeout)
            ^^^^^^^^^^^^^^^^^^^^^^^^^^^^^^^^^^^^
  File "/Users/nripeshpradhan/Documents/Github/i-test-season/.venv/lib/python3.11/site-packages/httpcore/_sync/http11.py", line 217, in _receive_event
    data = self._network_stream.read(
           ^^^^^^^^^^^^^^^^^^^^^^^^^^
  File "/Users/nripeshpradhan/Documents/Github/i-test-season/.venv/lib/python3.11/site-packages/httpcore/_backends/sync.py", line 126, in read
    with map_exceptions(exc_map):
  File "/Users/nripeshpradhan/.local/share/uv/python/cpython-3.11.15-macos-aarch64-none/lib/python3.11/contextlib.py", line 158, in __exit__
    self.gen.throw(typ, value, traceback)
  File "/Users/nripeshpradhan/Documents/Github/i-test-season/.venv/lib/python3.11/site-packages/httpcore/_exceptions.py", line 14, in map_exceptions
    raise to_exc(exc) from exc
httpcore.ReadTimeout: The read operation timed out

The above exception was the direct cause of the following exception:

Traceback (most recent call last):
  File "/Users/nripeshpradhan/Documents/Github/i-test-season/fpl_edge/interfaces/telegram.py", line 503, in run_forever
    self.poll_once(timeout=timeout)
  File "/Users/nripeshpradhan/Documents/Github/i-test-season/fpl_edge/interfaces/telegram.py", line 338, in poll_once
    body = self.transport.call(
           ^^^^^^^^^^^^^^^^^^^^
  File "/Users/nripeshpradhan/Documents/Github/i-test-season/fpl_edge/interfaces/telegram.py", line 102, in call
    resp = self._client.post(f"/{method}", json=payload, timeout=timeout)
           ^^^^^^^^^^^^^^^^^^^^^^^^^^^^^^^^^^^^^^^^^^^^^^^^^^^^^^^^^^^^^^
  File "/Users/nripeshpradhan/Documents/Github/i-test-season/.venv/lib/python3.11/site-packages/httpx/_client.py", line 1144, in post
    return self.request(
           ^^^^^^^^^^^^^
  File "/Users/nripeshpradhan/Documents/Github/i-test-season/.venv/lib/python3.11/site-packages/httpx/_client.py", line 825, in request
    return self.send(request, auth=auth, follow_redirects=follow_redirects)
           ^^^^^^^^^^^^^^^^^^^^^^^^^^^^^^^^^^^^^^^^^^^^^^^^^^^^^^^^^^^^^^^^
  File "/Users/nripeshpradhan/Documents/Github/i-test-season/.venv/lib/python3.11/site-packages/httpx/_client.py", line 914, in send
    response = self._send_handling_auth(
               ^^^^^^^^^^^^^^^^^^^^^^^^^
  File "/Users/nripeshpradhan/Documents/Github/i-test-season/.venv/lib/python3.11/site-packages/httpx/_client.py", line 942, in _send_handling_auth
    response = self._send_handling_redirects(
               ^^^^^^^^^^^^^^^^^^^^^^^^^^^^^^
  File "/Users/nripeshpradhan/Documents/Github/i-test-season/.venv/lib/python3.11/site-packages/httpx/_client.py", line 979, in _send_handling_redirects
    response = self._send_single_request(request)
               ^^^^^^^^^^^^^^^^^^^^^^^^^^^^^^^^^^
  File "/Users/nripeshpradhan/Documents/Github/i-test-season/.venv/lib/python3.11/site-packages/httpx/_client.py", line 1014, in _send_single_request
    response = transport.handle_request(request)
               ^^^^^^^^^^^^^^^^^^^^^^^^^^^^^^^^^
  File "/Users/nripeshpradhan/Documents/Github/i-test-season/.venv/lib/python3.11/site-packages/httpx/_transports/default.py", line 249, in handle_request
    with map_httpcore_exceptions():
  File "/Users/nripeshpradhan/.local/share/uv/python/cpython-3.11.15-macos-aarch64-none/lib/python3.11/contextlib.py", line 158, in __exit__
    self.gen.throw(typ, value, traceback)
  File "/Users/nripeshpradhan/Documents/Github/i-test-season/.venv/lib/python3.11/site-packages/httpx/_transports/default.py", line 118, in map_httpcore_exceptions
    raise mapped_exc(message) from exc
httpx.ReadTimeout: The read operation timed out
2026-08-21 08:52:39,770 ERROR poll cycle failed; backing off
Traceback (most recent call last):
  File "/Users/nripeshpradhan/Documents/Github/i-test-season/.venv/lib/python3.11/site-packages/httpx/_transports/default.py", line 101, in map_httpcore_exceptions
    yield
  File "/Users/nripeshpradhan/Documents/Github/i-test-season/.venv/lib/python3.11/site-packages/httpx/_transports/default.py", line 250, in handle_request
    resp = self._pool.handle_request(req)
           ^^^^^^^^^^^^^^^^^^^^^^^^^^^^^^
  File "/Users/nripeshpradhan/Documents/Github/i-test-season/.venv/lib/python3.11/site-packages/httpcore/_sync/connection_pool.py", line 256, in handle_request
    raise exc from None
  File "/Users/nripeshpradhan/Documents/Github/i-test-season/.venv/lib/python3.11/site-packages/httpcore/_sync/connection_pool.py", line 236, in handle_request
    response = connection.handle_request(
               ^^^^^^^^^^^^^^^^^^^^^^^^^^
  File "/Users/nripeshpradhan/Documents/Github/i-test-season/.venv/lib/python3.11/site-packages/httpcore/_sync/connection.py", line 103, in handle_request
    return self._connection.handle_request(request)
           ^^^^^^^^^^^^^^^^^^^^^^^^^^^^^^^^^^^^^^^^
  File "/Users/nripeshpradhan/Documents/Github/i-test-season/.venv/lib/python3.11/site-packages/httpcore/_sync/http11.py", line 136, in handle_request
    raise exc
  File "/Users/nripeshpradhan/Documents/Github/i-test-season/.venv/lib/python3.11/site-packages/httpcore/_sync/http11.py", line 106, in handle_request
    ) = self._receive_response_headers(**kwargs)
        ^^^^^^^^^^^^^^^^^^^^^^^^^^^^^^^^^^^^^^^^
  File "/Users/nripeshpradhan/Documents/Github/i-test-season/.venv/lib/python3.11/site-packages/httpcore/_sync/http11.py", line 177, in _receive_response_headers
    event = self._receive_event(timeout=timeout)
            ^^^^^^^^^^^^^^^^^^^^^^^^^^^^^^^^^^^^
  File "/Users/nripeshpradhan/Documents/Github/i-test-season/.venv/lib/python3.11/site-packages/httpcore/_sync/http11.py", line 217, in _receive_event
    data = self._network_stream.read(
           ^^^^^^^^^^^^^^^^^^^^^^^^^^
  File "/Users/nripeshpradhan/Documents/Github/i-test-season/.venv/lib/python3.11/site-packages/httpcore/_backends/sync.py", line 126, in read
    with map_exceptions(exc_map):
  File "/Users/nripeshpradhan/.local/share/uv/python/cpython-3.11.15-macos-aarch64-none/lib/python3.11/contextlib.py", line 158, in __exit__
    self.gen.throw(typ, value, traceback)
  File "/Users/nripeshpradhan/Documents/Github/i-test-season/.venv/lib/python3.11/site-packages/httpcore/_exceptions.py", line 14, in map_exceptions
    raise to_exc(exc) from exc
httpcore.ReadTimeout: The read operation timed out

The above exception was the direct cause of the following exception:

Traceback (most recent call last):
  File "/Users/nripeshpradhan/Documents/Github/i-test-season/fpl_edge/interfaces/telegram.py", line 503, in run_forever
    self.poll_once(timeout=timeout)
  File "/Users/nripeshpradhan/Documents/Github/i-test-season/fpl_edge/interfaces/telegram.py", line 338, in poll_once
    body = self.transport.call(
           ^^^^^^^^^^^^^^^^^^^^
  File "/Users/nripeshpradhan/Documents/Github/i-test-season/fpl_edge/interfaces/telegram.py", line 102, in call
    resp = self._client.post(f"/{method}", json=payload, timeout=timeout)
           ^^^^^^^^^^^^^^^^^^^^^^^^^^^^^^^^^^^^^^^^^^^^^^^^^^^^^^^^^^^^^^
  File "/Users/nripeshpradhan/Documents/Github/i-test-season/.venv/lib/python3.11/site-packages/httpx/_client.py", line 1144, in post
    return self.request(
           ^^^^^^^^^^^^^
  File "/Users/nripeshpradhan/Documents/Github/i-test-season/.venv/lib/python3.11/site-packages/httpx/_client.py", line 825, in request
    return self.send(request, auth=auth, follow_redirects=follow_redirects)
           ^^^^^^^^^^^^^^^^^^^^^^^^^^^^^^^^^^^^^^^^^^^^^^^^^^^^^^^^^^^^^^^^
  File "/Users/nripeshpradhan/Documents/Github/i-test-season/.venv/lib/python3.11/site-packages/httpx/_client.py", line 914, in send
    response = self._send_handling_auth(
               ^^^^^^^^^^^^^^^^^^^^^^^^^
  File "/Users/nripeshpradhan/Documents/Github/i-test-season/.venv/lib/python3.11/site-packages/httpx/_client.py", line 942, in _send_handling_auth
    response = self._send_handling_redirects(
               ^^^^^^^^^^^^^^^^^^^^^^^^^^^^^^
  File "/Users/nripeshpradhan/Documents/Github/i-test-season/.venv/lib/python3.11/site-packages/httpx/_client.py", line 979, in _send_handling_redirects
    response = self._send_single_request(request)
               ^^^^^^^^^^^^^^^^^^^^^^^^^^^^^^^^^^
  File "/Users/nripeshpradhan/Documents/Github/i-test-season/.venv/lib/python3.11/site-packages/httpx/_client.py", line 1014, in _send_single_request
    response = transport.handle_request(request)
               ^^^^^^^^^^^^^^^^^^^^^^^^^^^^^^^^^
  File "/Users/nripeshpradhan/Documents/Github/i-test-season/.venv/lib/python3.11/site-packages/httpx/_transports/default.py", line 249, in handle_request
    with map_httpcore_exceptions():
  File "/Users/nripeshpradhan/.local/share/uv/python/cpython-3.11.15-macos-aarch64-none/lib/python3.11/contextlib.py", line 158, in __exit__
    self.gen.throw(typ, value, traceback)
  File "/Users/nripeshpradhan/Documents/Github/i-test-season/.venv/lib/python3.11/site-packages/httpx/_transports/default.py", line 118, in map_httpcore_exceptions
    raise mapped_exc(message) from exc
httpx.ReadTimeout: The read operation timed out
2026-08-21 09:07:36,878 ERROR poll cycle failed; backing off
Traceback (most recent call last):
  File "/Users/nripeshpradhan/Documents/Github/i-test-season/.venv/lib/python3.11/site-packages/httpx/_transports/default.py", line 101, in map_httpcore_exceptions
    yield
  File "/Users/nripeshpradhan/Documents/Github/i-test-season/.venv/lib/python3.11/site-packages/httpx/_transports/default.py", line 250, in handle_request
    resp = self._pool.handle_request(req)
           ^^^^^^^^^^^^^^^^^^^^^^^^^^^^^^
  File "/Users/nripeshpradhan/Documents/Github/i-test-season/.venv/lib/python3.11/site-packages/httpcore/_sync/connection_pool.py", line 256, in handle_request
    raise exc from None
  File "/Users/nripeshpradhan/Documents/Github/i-test-season/.venv/lib/python3.11/site-packages/httpcore/_sync/connection_pool.py", line 236, in handle_request
    response = connection.handle_request(
               ^^^^^^^^^^^^^^^^^^^^^^^^^^
  File "/Users/nripeshpradhan/Documents/Github/i-test-season/.venv/lib/python3.11/site-packages/httpcore/_sync/connection.py", line 103, in handle_request
    return self._connection.handle_request(request)
           ^^^^^^^^^^^^^^^^^^^^^^^^^^^^^^^^^^^^^^^^
  File "/Users/nripeshpradhan/Documents/Github/i-test-season/.venv/lib/python3.11/site-packages/httpcore/_sync/http11.py", line 136, in handle_request
    raise exc
  File "/Users/nripeshpradhan/Documents/Github/i-test-season/.venv/lib/python3.11/site-packages/httpcore/_sync/http11.py", line 106, in handle_request
    ) = self._receive_response_headers(**kwargs)
        ^^^^^^^^^^^^^^^^^^^^^^^^^^^^^^^^^^^^^^^^
  File "/Users/nripeshpradhan/Documents/Github/i-test-season/.venv/lib/python3.11/site-packages/httpcore/_sync/http11.py", line 177, in _receive_response_headers
    event = self._receive_event(timeout=timeout)
            ^^^^^^^^^^^^^^^^^^^^^^^^^^^^^^^^^^^^
  File "/Users/nripeshpradhan/Documents/Github/i-test-season/.venv/lib/python3.11/site-packages/httpcore/_sync/http11.py", line 217, in _receive_event
    data = self._network_stream.read(
           ^^^^^^^^^^^^^^^^^^^^^^^^^^
  File "/Users/nripeshpradhan/Documents/Github/i-test-season/.venv/lib/python3.11/site-packages/httpcore/_backends/sync.py", line 126, in read
    with map_exceptions(exc_map):
  File "/Users/nripeshpradhan/.local/share/uv/python/cpython-3.11.15-macos-aarch64-none/lib/python3.11/contextlib.py", line 158, in __exit__
    self.gen.throw(typ, value, traceback)
  File "/Users/nripeshpradhan/Documents/Github/i-test-season/.venv/lib/python3.11/site-packages/httpcore/_exceptions.py", line 14, in map_exceptions
    raise to_exc(exc) from exc
httpcore.ReadTimeout: The read operation timed out

The above exception was the direct cause of the following exception:

Traceback (most recent call last):
  File "/Users/nripeshpradhan/Documents/Github/i-test-season/fpl_edge/interfaces/telegram.py", line 503, in run_forever
    self.poll_once(timeout=timeout)
  File "/Users/nripeshpradhan/Documents/Github/i-test-season/fpl_edge/interfaces/telegram.py", line 338, in poll_once
    body = self.transport.call(
           ^^^^^^^^^^^^^^^^^^^^
  File "/Users/nripeshpradhan/Documents/Github/i-test-season/fpl_edge/interfaces/telegram.py", line 102, in call
    resp = self._client.post(f"/{method}", json=payload, timeout=timeout)
           ^^^^^^^^^^^^^^^^^^^^^^^^^^^^^^^^^^^^^^^^^^^^^^^^^^^^^^^^^^^^^^
  File "/Users/nripeshpradhan/Documents/Github/i-test-season/.venv/lib/python3.11/site-packages/httpx/_client.py", line 1144, in post
    return self.request(
           ^^^^^^^^^^^^^
  File "/Users/nripeshpradhan/Documents/Github/i-test-season/.venv/lib/python3.11/site-packages/httpx/_client.py", line 825, in request
    return self.send(request, auth=auth, follow_redirects=follow_redirects)
           ^^^^^^^^^^^^^^^^^^^^^^^^^^^^^^^^^^^^^^^^^^^^^^^^^^^^^^^^^^^^^^^^
  File "/Users/nripeshpradhan/Documents/Github/i-test-season/.venv/lib/python3.11/site-packages/httpx/_client.py", line 914, in send
    response = self._send_handling_auth(
               ^^^^^^^^^^^^^^^^^^^^^^^^^
  File "/Users/nripeshpradhan/Documents/Github/i-test-season/.venv/lib/python3.11/site-packages/httpx/_client.py", line 942, in _send_handling_auth
    response = self._send_handling_redirects(
               ^^^^^^^^^^^^^^^^^^^^^^^^^^^^^^
  File "/Users/nripeshpradhan/Documents/Github/i-test-season/.venv/lib/python3.11/site-packages/httpx/_client.py", line 979, in _send_handling_redirects
    response = self._send_single_request(request)
               ^^^^^^^^^^^^^^^^^^^^^^^^^^^^^^^^^^
  File "/Users/nripeshpradhan/Documents/Github/i-test-season/.venv/lib/python3.11/site-packages/httpx/_client.py", line 1014, in _send_single_request
    response = transport.handle_request(request)
               ^^^^^^^^^^^^^^^^^^^^^^^^^^^^^^^^^
  File "/Users/nripeshpradhan/Documents/Github/i-test-season/.venv/lib/python3.11/site-packages/httpx/_transports/default.py", line 249, in handle_request
    with map_httpcore_exceptions():
  File "/Users/nripeshpradhan/.local/share/uv/python/cpython-3.11.15-macos-aarch64-none/lib/python3.11/contextlib.py", line 158, in __exit__
    self.gen.throw(typ, value, traceback)
  File "/Users/nripeshpradhan/Documents/Github/i-test-season/.venv/lib/python3.11/site-packages/httpx/_transports/default.py", line 118, in map_httpcore_exceptions
    raise mapped_exc(message) from exc
httpx.ReadTimeout: The read operation timed out
2026-08-21 09:21:05,146 ERROR poll cycle failed; backing off
Traceback (most recent call last):
  File "/Users/nripeshpradhan/Documents/Github/i-test-season/.venv/lib/python3.11/site-packages/httpx/_transports/default.py", line 101, in map_httpcore_exceptions
    yield
  File "/Users/nripeshpradhan/Documents/Github/i-test-season/.venv/lib/python3.11/site-packages/httpx/_transports/default.py", line 250, in handle_request
    resp = self._pool.handle_request(req)
           ^^^^^^^^^^^^^^^^^^^^^^^^^^^^^^
  File "/Users/nripeshpradhan/Documents/Github/i-test-season/.venv/lib/python3.11/site-packages/httpcore/_sync/connection_pool.py", line 256, in handle_request
    raise exc from None
  File "/Users/nripeshpradhan/Documents/Github/i-test-season/.venv/lib/python3.11/site-packages/httpcore/_sync/connection_pool.py", line 236, in handle_request
    response = connection.handle_request(
               ^^^^^^^^^^^^^^^^^^^^^^^^^^
  File "/Users/nripeshpradhan/Documents/Github/i-test-season/.venv/lib/python3.11/site-packages/httpcore/_sync/connection.py", line 103, in handle_request
    return self._connection.handle_request(request)
           ^^^^^^^^^^^^^^^^^^^^^^^^^^^^^^^^^^^^^^^^
  File "/Users/nripeshpradhan/Documents/Github/i-test-season/.venv/lib/python3.11/site-packages/httpcore/_sync/http11.py", line 136, in handle_request
    raise exc
  File "/Users/nripeshpradhan/Documents/Github/i-test-season/.venv/lib/python3.11/site-packages/httpcore/_sync/http11.py", line 106, in handle_request
    ) = self._receive_response_headers(**kwargs)
        ^^^^^^^^^^^^^^^^^^^^^^^^^^^^^^^^^^^^^^^^
  File "/Users/nripeshpradhan/Documents/Github/i-test-season/.venv/lib/python3.11/site-packages/httpcore/_sync/http11.py", line 177, in _receive_response_headers
    event = self._receive_event(timeout=timeout)
            ^^^^^^^^^^^^^^^^^^^^^^^^^^^^^^^^^^^^
  File "/Users/nripeshpradhan/Documents/Github/i-test-season/.venv/lib/python3.11/site-packages/httpcore/_sync/http11.py", line 217, in _receive_event
    data = self._network_stream.read(
           ^^^^^^^^^^^^^^^^^^^^^^^^^^
  File "/Users/nripeshpradhan/Documents/Github/i-test-season/.venv/lib/python3.11/site-packages/httpcore/_backends/sync.py", line 126, in read
    with map_exceptions(exc_map):
  File "/Users/nripeshpradhan/.local/share/uv/python/cpython-3.11.15-macos-aarch64-none/lib/python3.11/contextlib.py", line 158, in __exit__
    self.gen.throw(typ, value, traceback)
  File "/Users/nripeshpradhan/Documents/Github/i-test-season/.venv/lib/python3.11/site-packages/httpcore/_exceptions.py", line 14, in map_exceptions
    raise to_exc(exc) from exc
httpcore.ReadTimeout: The read operation timed out

The above exception was the direct cause of the following exception:

Traceback (most recent call last):
  File "/Users/nripeshpradhan/Documents/Github/i-test-season/fpl_edge/interfaces/telegram.py", line 503, in run_forever
    self.poll_once(timeout=timeout)
  File "/Users/nripeshpradhan/Documents/Github/i-test-season/fpl_edge/interfaces/telegram.py", line 338, in poll_once
    body = self.transport.call(
           ^^^^^^^^^^^^^^^^^^^^
  File "/Users/nripeshpradhan/Documents/Github/i-test-season/fpl_edge/interfaces/telegram.py", line 102, in call
    resp = self._client.post(f"/{method}", json=payload, timeout=timeout)
           ^^^^^^^^^^^^^^^^^^^^^^^^^^^^^^^^^^^^^^^^^^^^^^^^^^^^^^^^^^^^^^
  File "/Users/nripeshpradhan/Documents/Github/i-test-season/.venv/lib/python3.11/site-packages/httpx/_client.py", line 1144, in post
    return self.request(
           ^^^^^^^^^^^^^
  File "/Users/nripeshpradhan/Documents/Github/i-test-season/.venv/lib/python3.11/site-packages/httpx/_client.py", line 825, in request
    return self.send(request, auth=auth, follow_redirects=follow_redirects)
           ^^^^^^^^^^^^^^^^^^^^^^^^^^^^^^^^^^^^^^^^^^^^^^^^^^^^^^^^^^^^^^^^
  File "/Users/nripeshpradhan/Documents/Github/i-test-season/.venv/lib/python3.11/site-packages/httpx/_client.py", line 914, in send
    response = self._send_handling_auth(
               ^^^^^^^^^^^^^^^^^^^^^^^^^
  File "/Users/nripeshpradhan/Documents/Github/i-test-season/.venv/lib/python3.11/site-packages/httpx/_client.py", line 942, in _send_handling_auth
    response = self._send_handling_redirects(
               ^^^^^^^^^^^^^^^^^^^^^^^^^^^^^^
  File "/Users/nripeshpradhan/Documents/Github/i-test-season/.venv/lib/python3.11/site-packages/httpx/_client.py", line 979, in _send_handling_redirects
    response = self._send_single_request(request)
               ^^^^^^^^^^^^^^^^^^^^^^^^^^^^^^^^^^
  File "/Users/nripeshpradhan/Documents/Github/i-test-season/.venv/lib/python3.11/site-packages/httpx/_client.py", line 1014, in _send_single_request
    response = transport.handle_request(request)
               ^^^^^^^^^^^^^^^^^^^^^^^^^^^^^^^^^
  File "/Users/nripeshpradhan/Documents/Github/i-test-season/.venv/lib/python3.11/site-packages/httpx/_transports/default.py", line 249, in handle_request
    with map_httpcore_exceptions():
  File "/Users/nripeshpradhan/.local/share/uv/python/cpython-3.11.15-macos-aarch64-none/lib/python3.11/contextlib.py", line 158, in __exit__
    self.gen.throw(typ, value, traceback)
  File "/Users/nripeshpradhan/Documents/Github/i-test-season/.venv/lib/python3.11/site-packages/httpx/_transports/default.py", line 118, in map_httpcore_exceptions
    raise mapped_exc(message) from exc
httpx.ReadTimeout: The read operation timed out
2026-08-21 09:30:49,958 ERROR poll cycle failed; backing off
Traceback (most recent call last):
  File "/Users/nripeshpradhan/Documents/Github/i-test-season/.venv/lib/python3.11/site-packages/httpx/_transports/default.py", line 101, in map_httpcore_exceptions
    yield
  File "/Users/nripeshpradhan/Documents/Github/i-test-season/.venv/lib/python3.11/site-packages/httpx/_transports/default.py", line 250, in handle_request
    resp = self._pool.handle_request(req)
           ^^^^^^^^^^^^^^^^^^^^^^^^^^^^^^
  File "/Users/nripeshpradhan/Documents/Github/i-test-season/.venv/lib/python3.11/site-packages/httpcore/_sync/connection_pool.py", line 256, in handle_request
    raise exc from None
  File "/Users/nripeshpradhan/Documents/Github/i-test-season/.venv/lib/python3.11/site-packages/httpcore/_sync/connection_pool.py", line 236, in handle_request
    response = connection.handle_request(
               ^^^^^^^^^^^^^^^^^^^^^^^^^^
  File "/Users/nripeshpradhan/Documents/Github/i-test-season/.venv/lib/python3.11/site-packages/httpcore/_sync/connection.py", line 103, in handle_request
    return self._connection.handle_request(request)
           ^^^^^^^^^^^^^^^^^^^^^^^^^^^^^^^^^^^^^^^^
  File "/Users/nripeshpradhan/Documents/Github/i-test-season/.venv/lib/python3.11/site-packages/httpcore/_sync/http11.py", line 136, in handle_request
    raise exc
  File "/Users/nripeshpradhan/Documents/Github/i-test-season/.venv/lib/python3.11/site-packages/httpcore/_sync/http11.py", line 106, in handle_request
    ) = self._receive_response_headers(**kwargs)
        ^^^^^^^^^^^^^^^^^^^^^^^^^^^^^^^^^^^^^^^^
  File "/Users/nripeshpradhan/Documents/Github/i-test-season/.venv/lib/python3.11/site-packages/httpcore/_sync/http11.py", line 177, in _receive_response_headers
    event = self._receive_event(timeout=timeout)
            ^^^^^^^^^^^^^^^^^^^^^^^^^^^^^^^^^^^^
  File "/Users/nripeshpradhan/Documents/Github/i-test-season/.venv/lib/python3.11/site-packages/httpcore/_sync/http11.py", line 217, in _receive_event
    data = self._network_stream.read(
           ^^^^^^^^^^^^^^^^^^^^^^^^^^
  File "/Users/nripeshpradhan/Documents/Github/i-test-season/.venv/lib/python3.11/site-packages/httpcore/_backends/sync.py", line 126, in read
    with map_exceptions(exc_map):
  File "/Users/nripeshpradhan/.local/share/uv/python/cpython-3.11.15-macos-aarch64-none/lib/python3.11/contextlib.py", line 158, in __exit__
    self.gen.throw(typ, value, traceback)
  File "/Users/nripeshpradhan/Documents/Github/i-test-season/.venv/lib/python3.11/site-packages/httpcore/_exceptions.py", line 14, in map_exceptions
    raise to_exc(exc) from exc
httpcore.ReadTimeout: The read operation timed out

The above exception was the direct cause of the following exception:

Traceback (most recent call last):
  File "/Users/nripeshpradhan/Documents/Github/i-test-season/fpl_edge/interfaces/telegram.py", line 503, in run_forever
    self.poll_once(timeout=timeout)
  File "/Users/nripeshpradhan/Documents/Github/i-test-season/fpl_edge/interfaces/telegram.py", line 338, in poll_once
    body = self.transport.call(
           ^^^^^^^^^^^^^^^^^^^^
  File "/Users/nripeshpradhan/Documents/Github/i-test-season/fpl_edge/interfaces/telegram.py", line 102, in call
    resp = self._client.post(f"/{method}", json=payload, timeout=timeout)
           ^^^^^^^^^^^^^^^^^^^^^^^^^^^^^^^^^^^^^^^^^^^^^^^^^^^^^^^^^^^^^^
  File "/Users/nripeshpradhan/Documents/Github/i-test-season/.venv/lib/python3.11/site-packages/httpx/_client.py", line 1144, in post
    return self.request(
           ^^^^^^^^^^^^^
  File "/Users/nripeshpradhan/Documents/Github/i-test-season/.venv/lib/python3.11/site-packages/httpx/_client.py", line 825, in request
    return self.send(request, auth=auth, follow_redirects=follow_redirects)
           ^^^^^^^^^^^^^^^^^^^^^^^^^^^^^^^^^^^^^^^^^^^^^^^^^^^^^^^^^^^^^^^^
  File "/Users/nripeshpradhan/Documents/Github/i-test-season/.venv/lib/python3.11/site-packages/httpx/_client.py", line 914, in send
    response = self._send_handling_auth(
               ^^^^^^^^^^^^^^^^^^^^^^^^^
  File "/Users/nripeshpradhan/Documents/Github/i-test-season/.venv/lib/python3.11/site-packages/httpx/_client.py", line 942, in _send_handling_auth
    response = self._send_handling_redirects(
               ^^^^^^^^^^^^^^^^^^^^^^^^^^^^^^
  File "/Users/nripeshpradhan/Documents/Github/i-test-season/.venv/lib/python3.11/site-packages/httpx/_client.py", line 979, in _send_handling_redirects
    response = self._send_single_request(request)
               ^^^^^^^^^^^^^^^^^^^^^^^^^^^^^^^^^^
  File "/Users/nripeshpradhan/Documents/Github/i-test-season/.venv/lib/python3.11/site-packages/httpx/_client.py", line 1014, in _send_single_request
    response = transport.handle_request(request)
               ^^^^^^^^^^^^^^^^^^^^^^^^^^^^^^^^^
  File "/Users/nripeshpradhan/Documents/Github/i-test-season/.venv/lib/python3.11/site-packages/httpx/_transports/default.py", line 249, in handle_request
    with map_httpcore_exceptions():
  File "/Users/nripeshpradhan/.local/share/uv/python/cpython-3.11.15-macos-aarch64-none/lib/python3.11/contextlib.py", line 158, in __exit__
    self.gen.throw(typ, value, traceback)
  File "/Users/nripeshpradhan/Documents/Github/i-test-season/.venv/lib/python3.11/site-packages/httpx/_transports/default.py", line 118, in map_httpcore_exceptions
    raise mapped_exc(message) from exc
httpx.ReadTimeout: The read operation timed out
2026-08-21 09:36:16,814 ERROR poll cycle failed; backing off
Traceback (most recent call last):
  File "/Users/nripeshpradhan/Documents/Github/i-test-season/.venv/lib/python3.11/site-packages/httpx/_transports/default.py", line 101, in map_httpcore_exceptions
    yield
  File "/Users/nripeshpradhan/Documents/Github/i-test-season/.venv/lib/python3.11/site-packages/httpx/_transports/default.py", line 250, in handle_request
    resp = self._pool.handle_request(req)
           ^^^^^^^^^^^^^^^^^^^^^^^^^^^^^^
  File "/Users/nripeshpradhan/Documents/Github/i-test-season/.venv/lib/python3.11/site-packages/httpcore/_sync/connection_pool.py", line 256, in handle_request
    raise exc from None
  File "/Users/nripeshpradhan/Documents/Github/i-test-season/.venv/lib/python3.11/site-packages/httpcore/_sync/connection_pool.py", line 236, in handle_request
    response = connection.handle_request(
               ^^^^^^^^^^^^^^^^^^^^^^^^^^
  File "/Users/nripeshpradhan/Documents/Github/i-test-season/.venv/lib/python3.11/site-packages/httpcore/_sync/connection.py", line 103, in handle_request
    return self._connection.handle_request(request)
           ^^^^^^^^^^^^^^^^^^^^^^^^^^^^^^^^^^^^^^^^
  File "/Users/nripeshpradhan/Documents/Github/i-test-season/.venv/lib/python3.11/site-packages/httpcore/_sync/http11.py", line 136, in handle_request
    raise exc
  File "/Users/nripeshpradhan/Documents/Github/i-test-season/.venv/lib/python3.11/site-packages/httpcore/_sync/http11.py", line 106, in handle_request
    ) = self._receive_response_headers(**kwargs)
        ^^^^^^^^^^^^^^^^^^^^^^^^^^^^^^^^^^^^^^^^
  File "/Users/nripeshpradhan/Documents/Github/i-test-season/.venv/lib/python3.11/site-packages/httpcore/_sync/http11.py", line 177, in _receive_response_headers
    event = self._receive_event(timeout=timeout)
            ^^^^^^^^^^^^^^^^^^^^^^^^^^^^^^^^^^^^
  File "/Users/nripeshpradhan/Documents/Github/i-test-season/.venv/lib/python3.11/site-packages/httpcore/_sync/http11.py", line 217, in _receive_event
    data = self._network_stream.read(
           ^^^^^^^^^^^^^^^^^^^^^^^^^^
  File "/Users/nripeshpradhan/Documents/Github/i-test-season/.venv/lib/python3.11/site-packages/httpcore/_backends/sync.py", line 126, in read
    with map_exceptions(exc_map):
  File "/Users/nripeshpradhan/.local/share/uv/python/cpython-3.11.15-macos-aarch64-none/lib/python3.11/contextlib.py", line 158, in __exit__
    self.gen.throw(typ, value, traceback)
  File "/Users/nripeshpradhan/Documents/Github/i-test-season/.venv/lib/python3.11/site-packages/httpcore/_exceptions.py", line 14, in map_exceptions
    raise to_exc(exc) from exc
httpcore.ReadTimeout: The read operation timed out

The above exception was the direct cause of the following exception:

Traceback (most recent call last):
  File "/Users/nripeshpradhan/Documents/Github/i-test-season/fpl_edge/interfaces/telegram.py", line 503, in run_forever
    self.poll_once(timeout=timeout)
  File "/Users/nripeshpradhan/Documents/Github/i-test-season/fpl_edge/interfaces/telegram.py", line 338, in poll_once
    body = self.transport.call(
           ^^^^^^^^^^^^^^^^^^^^
  File "/Users/nripeshpradhan/Documents/Github/i-test-season/fpl_edge/interfaces/telegram.py", line 102, in call
    resp = self._client.post(f"/{method}", json=payload, timeout=timeout)
           ^^^^^^^^^^^^^^^^^^^^^^^^^^^^^^^^^^^^^^^^^^^^^^^^^^^^^^^^^^^^^^
  File "/Users/nripeshpradhan/Documents/Github/i-test-season/.venv/lib/python3.11/site-packages/httpx/_client.py", line 1144, in post
    return self.request(
           ^^^^^^^^^^^^^
  File "/Users/nripeshpradhan/Documents/Github/i-test-season/.venv/lib/python3.11/site-packages/httpx/_client.py", line 825, in request
    return self.send(request, auth=auth, follow_redirects=follow_redirects)
           ^^^^^^^^^^^^^^^^^^^^^^^^^^^^^^^^^^^^^^^^^^^^^^^^^^^^^^^^^^^^^^^^
  File "/Users/nripeshpradhan/Documents/Github/i-test-season/.venv/lib/python3.11/site-packages/httpx/_client.py", line 914, in send
    response = self._send_handling_auth(
               ^^^^^^^^^^^^^^^^^^^^^^^^^
  File "/Users/nripeshpradhan/Documents/Github/i-test-season/.venv/lib/python3.11/site-packages/httpx/_client.py", line 942, in _send_handling_auth
    response = self._send_handling_redirects(
               ^^^^^^^^^^^^^^^^^^^^^^^^^^^^^^
  File "/Users/nripeshpradhan/Documents/Github/i-test-season/.venv/lib/python3.11/site-packages/httpx/_client.py", line 979, in _send_handling_redirects
    response = self._send_single_request(request)
               ^^^^^^^^^^^^^^^^^^^^^^^^^^^^^^^^^^
  File "/Users/nripeshpradhan/Documents/Github/i-test-season/.venv/lib/python3.11/site-packages/httpx/_client.py", line 1014, in _send_single_request
    response = transport.handle_request(request)
               ^^^^^^^^^^^^^^^^^^^^^^^^^^^^^^^^^
  File "/Users/nripeshpradhan/Documents/Github/i-test-season/.venv/lib/python3.11/site-packages/httpx/_transports/default.py", line 249, in handle_request
    with map_httpcore_exceptions():
  File "/Users/nripeshpradhan/.local/share/uv/python/cpython-3.11.15-macos-aarch64-none/lib/python3.11/contextlib.py", line 158, in __exit__
    self.gen.throw(typ, value, traceback)
  File "/Users/nripeshpradhan/Documents/Github/i-test-season/.venv/lib/python3.11/site-packages/httpx/_transports/default.py", line 118, in map_httpcore_exceptions
    raise mapped_exc(message) from exc
httpx.ReadTimeout: The read operation timed out
2026-08-21 10:04:58,777 ERROR poll cycle failed; backing off
Traceback (most recent call last):
  File "/Users/nripeshpradhan/Documents/Github/i-test-season/.venv/lib/python3.11/site-packages/httpx/_transports/default.py", line 101, in map_httpcore_exceptions
    yield
  File "/Users/nripeshpradhan/Documents/Github/i-test-season/.venv/lib/python3.11/site-packages/httpx/_transports/default.py", line 250, in handle_request
    resp = self._pool.handle_request(req)
           ^^^^^^^^^^^^^^^^^^^^^^^^^^^^^^
  File "/Users/nripeshpradhan/Documents/Github/i-test-season/.venv/lib/python3.11/site-packages/httpcore/_sync/connection_pool.py", line 256, in handle_request
    raise exc from None
  File "/Users/nripeshpradhan/Documents/Github/i-test-season/.venv/lib/python3.11/site-packages/httpcore/_sync/connection_pool.py", line 236, in handle_request
    response = connection.handle_request(
               ^^^^^^^^^^^^^^^^^^^^^^^^^^
  File "/Users/nripeshpradhan/Documents/Github/i-test-season/.venv/lib/python3.11/site-packages/httpcore/_sync/connection.py", line 103, in handle_request
    return self._connection.handle_request(request)
           ^^^^^^^^^^^^^^^^^^^^^^^^^^^^^^^^^^^^^^^^
  File "/Users/nripeshpradhan/Documents/Github/i-test-season/.venv/lib/python3.11/site-packages/httpcore/_sync/http11.py", line 136, in handle_request
    raise exc
  File "/Users/nripeshpradhan/Documents/Github/i-test-season/.venv/lib/python3.11/site-packages/httpcore/_sync/http11.py", line 106, in handle_request
    ) = self._receive_response_headers(**kwargs)
        ^^^^^^^^^^^^^^^^^^^^^^^^^^^^^^^^^^^^^^^^
  File "/Users/nripeshpradhan/Documents/Github/i-test-season/.venv/lib/python3.11/site-packages/httpcore/_sync/http11.py", line 177, in _receive_response_headers
    event = self._receive_event(timeout=timeout)
            ^^^^^^^^^^^^^^^^^^^^^^^^^^^^^^^^^^^^
  File "/Users/nripeshpradhan/Documents/Github/i-test-season/.venv/lib/python3.11/site-packages/httpcore/_sync/http11.py", line 217, in _receive_event
    data = self._network_stream.read(
           ^^^^^^^^^^^^^^^^^^^^^^^^^^
  File "/Users/nripeshpradhan/Documents/Github/i-test-season/.venv/lib/python3.11/site-packages/httpcore/_backends/sync.py", line 126, in read
    with map_exceptions(exc_map):
  File "/Users/nripeshpradhan/.local/share/uv/python/cpython-3.11.15-macos-aarch64-none/lib/python3.11/contextlib.py", line 158, in __exit__
    self.gen.throw(typ, value, traceback)
  File "/Users/nripeshpradhan/Documents/Github/i-test-season/.venv/lib/python3.11/site-packages/httpcore/_exceptions.py", line 14, in map_exceptions
    raise to_exc(exc) from exc
httpcore.ReadTimeout: The read operation timed out

The above exception was the direct cause of the following exception:

Traceback (most recent call last):
  File "/Users/nripeshpradhan/Documents/Github/i-test-season/fpl_edge/interfaces/telegram.py", line 503, in run_forever
    self.poll_once(timeout=timeout)
  File "/Users/nripeshpradhan/Documents/Github/i-test-season/fpl_edge/interfaces/telegram.py", line 338, in poll_once
    body = self.transport.call(
           ^^^^^^^^^^^^^^^^^^^^
  File "/Users/nripeshpradhan/Documents/Github/i-test-season/fpl_edge/interfaces/telegram.py", line 102, in call
    resp = self._client.post(f"/{method}", json=payload, timeout=timeout)
           ^^^^^^^^^^^^^^^^^^^^^^^^^^^^^^^^^^^^^^^^^^^^^^^^^^^^^^^^^^^^^^
  File "/Users/nripeshpradhan/Documents/Github/i-test-season/.venv/lib/python3.11/site-packages/httpx/_client.py", line 1144, in post
    return self.request(
           ^^^^^^^^^^^^^
  File "/Users/nripeshpradhan/Documents/Github/i-test-season/.venv/lib/python3.11/site-packages/httpx/_client.py", line 825, in request
    return self.send(request, auth=auth, follow_redirects=follow_redirects)
           ^^^^^^^^^^^^^^^^^^^^^^^^^^^^^^^^^^^^^^^^^^^^^^^^^^^^^^^^^^^^^^^^
  File "/Users/nripeshpradhan/Documents/Github/i-test-season/.venv/lib/python3.11/site-packages/httpx/_client.py", line 914, in send
    response = self._send_handling_auth(
               ^^^^^^^^^^^^^^^^^^^^^^^^^
  File "/Users/nripeshpradhan/Documents/Github/i-test-season/.venv/lib/python3.11/site-packages/httpx/_client.py", line 942, in _send_handling_auth
    response = self._send_handling_redirects(
               ^^^^^^^^^^^^^^^^^^^^^^^^^^^^^^
  File "/Users/nripeshpradhan/Documents/Github/i-test-season/.venv/lib/python3.11/site-packages/httpx/_client.py", line 979, in _send_handling_redirects
    response = self._send_single_request(request)
               ^^^^^^^^^^^^^^^^^^^^^^^^^^^^^^^^^^
  File "/Users/nripeshpradhan/Documents/Github/i-test-season/.venv/lib/python3.11/site-packages/httpx/_client.py", line 1014, in _send_single_request
    response = transport.handle_request(request)
               ^^^^^^^^^^^^^^^^^^^^^^^^^^^^^^^^^
  File "/Users/nripeshpradhan/Documents/Github/i-test-season/.venv/lib/python3.11/site-packages/httpx/_transports/default.py", line 249, in handle_request
    with map_httpcore_exceptions():
  File "/Users/nripeshpradhan/.local/share/uv/python/cpython-3.11.15-macos-aarch64-none/lib/python3.11/contextlib.py", line 158, in __exit__
    self.gen.throw(typ, value, traceback)
  File "/Users/nripeshpradhan/Documents/Github/i-test-season/.venv/lib/python3.11/site-packages/httpx/_transports/default.py", line 118, in map_httpcore_exceptions
    raise mapped_exc(message) from exc
httpx.ReadTimeout: The read operation timed out
2026-08-21 11:01:47,159 ERROR poll cycle failed; backing off
Traceback (most recent call last):
  File "/Users/nripeshpradhan/Documents/Github/i-test-season/.venv/lib/python3.11/site-packages/httpx/_transports/default.py", line 101, in map_httpcore_exceptions
    yield
  File "/Users/nripeshpradhan/Documents/Github/i-test-season/.venv/lib/python3.11/site-packages/httpx/_transports/default.py", line 250, in handle_request
    resp = self._pool.handle_request(req)
           ^^^^^^^^^^^^^^^^^^^^^^^^^^^^^^
  File "/Users/nripeshpradhan/Documents/Github/i-test-season/.venv/lib/python3.11/site-packages/httpcore/_sync/connection_pool.py", line 256, in handle_request
    raise exc from None
  File "/Users/nripeshpradhan/Documents/Github/i-test-season/.venv/lib/python3.11/site-packages/httpcore/_sync/connection_pool.py", line 236, in handle_request
    response = connection.handle_request(
               ^^^^^^^^^^^^^^^^^^^^^^^^^^
  File "/Users/nripeshpradhan/Documents/Github/i-test-season/.venv/lib/python3.11/site-packages/httpcore/_sync/connection.py", line 103, in handle_request
    return self._connection.handle_request(request)
           ^^^^^^^^^^^^^^^^^^^^^^^^^^^^^^^^^^^^^^^^
  File "/Users/nripeshpradhan/Documents/Github/i-test-season/.venv/lib/python3.11/site-packages/httpcore/_sync/http11.py", line 136, in handle_request
    raise exc
  File "/Users/nripeshpradhan/Documents/Github/i-test-season/.venv/lib/python3.11/site-packages/httpcore/_sync/http11.py", line 106, in handle_request
    ) = self._receive_response_headers(**kwargs)
        ^^^^^^^^^^^^^^^^^^^^^^^^^^^^^^^^^^^^^^^^
  File "/Users/nripeshpradhan/Documents/Github/i-test-season/.venv/lib/python3.11/site-packages/httpcore/_sync/http11.py", line 177, in _receive_response_headers
    event = self._receive_event(timeout=timeout)
            ^^^^^^^^^^^^^^^^^^^^^^^^^^^^^^^^^^^^
  File "/Users/nripeshpradhan/Documents/Github/i-test-season/.venv/lib/python3.11/site-packages/httpcore/_sync/http11.py", line 217, in _receive_event
    data = self._network_stream.read(
           ^^^^^^^^^^^^^^^^^^^^^^^^^^
  File "/Users/nripeshpradhan/Documents/Github/i-test-season/.venv/lib/python3.11/site-packages/httpcore/_backends/sync.py", line 126, in read
    with map_exceptions(exc_map):
  File "/Users/nripeshpradhan/.local/share/uv/python/cpython-3.11.15-macos-aarch64-none/lib/python3.11/contextlib.py", line 158, in __exit__
    self.gen.throw(typ, value, traceback)
  File "/Users/nripeshpradhan/Documents/Github/i-test-season/.venv/lib/python3.11/site-packages/httpcore/_exceptions.py", line 14, in map_exceptions
    raise to_exc(exc) from exc
httpcore.ReadTimeout: The read operation timed out

The above exception was the direct cause of the following exception:

Traceback (most recent call last):
  File "/Users/nripeshpradhan/Documents/Github/i-test-season/fpl_edge/interfaces/telegram.py", line 503, in run_forever
    self.poll_once(timeout=timeout)
  File "/Users/nripeshpradhan/Documents/Github/i-test-season/fpl_edge/interfaces/telegram.py", line 338, in poll_once
    body = self.transport.call(
           ^^^^^^^^^^^^^^^^^^^^
  File "/Users/nripeshpradhan/Documents/Github/i-test-season/fpl_edge/interfaces/telegram.py", line 102, in call
    resp = self._client.post(f"/{method}", json=payload, timeout=timeout)
           ^^^^^^^^^^^^^^^^^^^^^^^^^^^^^^^^^^^^^^^^^^^^^^^^^^^^^^^^^^^^^^
  File "/Users/nripeshpradhan/Documents/Github/i-test-season/.venv/lib/python3.11/site-packages/httpx/_client.py", line 1144, in post
    return self.request(
           ^^^^^^^^^^^^^
  File "/Users/nripeshpradhan/Documents/Github/i-test-season/.venv/lib/python3.11/site-packages/httpx/_client.py", line 825, in request
    return self.send(request, auth=auth, follow_redirects=follow_redirects)
           ^^^^^^^^^^^^^^^^^^^^^^^^^^^^^^^^^^^^^^^^^^^^^^^^^^^^^^^^^^^^^^^^
  File "/Users/nripeshpradhan/Documents/Github/i-test-season/.venv/lib/python3.11/site-packages/httpx/_client.py", line 914, in send
    response = self._send_handling_auth(
               ^^^^^^^^^^^^^^^^^^^^^^^^^
  File "/Users/nripeshpradhan/Documents/Github/i-test-season/.venv/lib/python3.11/site-packages/httpx/_client.py", line 942, in _send_handling_auth
    response = self._send_handling_redirects(
               ^^^^^^^^^^^^^^^^^^^^^^^^^^^^^^
  File "/Users/nripeshpradhan/Documents/Github/i-test-season/.venv/lib/python3.11/site-packages/httpx/_client.py", line 979, in _send_handling_redirects
    response = self._send_single_request(request)
               ^^^^^^^^^^^^^^^^^^^^^^^^^^^^^^^^^^
  File "/Users/nripeshpradhan/Documents/Github/i-test-season/.venv/lib/python3.11/site-packages/httpx/_client.py", line 1014, in _send_single_request
    response = transport.handle_request(request)
               ^^^^^^^^^^^^^^^^^^^^^^^^^^^^^^^^^
  File "/Users/nripeshpradhan/Documents/Github/i-test-season/.venv/lib/python3.11/site-packages/httpx/_transports/default.py", line 249, in handle_request
    with map_httpcore_exceptions():
  File "/Users/nripeshpradhan/.local/share/uv/python/cpython-3.11.15-macos-aarch64-none/lib/python3.11/contextlib.py", line 158, in __exit__
    self.gen.throw(typ, value, traceback)
  File "/Users/nripeshpradhan/Documents/Github/i-test-season/.venv/lib/python3.11/site-packages/httpx/_transports/default.py", line 118, in map_httpcore_exceptions
    raise mapped_exc(message) from exc
httpx.ReadTimeout: The read operation timed out
2026-08-21 11:16:12,951 ERROR poll cycle failed; backing off
Traceback (most recent call last):
  File "/Users/nripeshpradhan/Documents/Github/i-test-season/.venv/lib/python3.11/site-packages/httpx/_transports/default.py", line 101, in map_httpcore_exceptions
    yield
  File "/Users/nripeshpradhan/Documents/Github/i-test-season/.venv/lib/python3.11/site-packages/httpx/_transports/default.py", line 250, in handle_request
    resp = self._pool.handle_request(req)
           ^^^^^^^^^^^^^^^^^^^^^^^^^^^^^^
  File "/Users/nripeshpradhan/Documents/Github/i-test-season/.venv/lib/python3.11/site-packages/httpcore/_sync/connection_pool.py", line 256, in handle_request
    raise exc from None
  File "/Users/nripeshpradhan/Documents/Github/i-test-season/.venv/lib/python3.11/site-packages/httpcore/_sync/connection_pool.py", line 236, in handle_request
    response = connection.handle_request(
               ^^^^^^^^^^^^^^^^^^^^^^^^^^
  File "/Users/nripeshpradhan/Documents/Github/i-test-season/.venv/lib/python3.11/site-packages/httpcore/_sync/connection.py", line 103, in handle_request
    return self._connection.handle_request(request)
           ^^^^^^^^^^^^^^^^^^^^^^^^^^^^^^^^^^^^^^^^
  File "/Users/nripeshpradhan/Documents/Github/i-test-season/.venv/lib/python3.11/site-packages/httpcore/_sync/http11.py", line 136, in handle_request
    raise exc
  File "/Users/nripeshpradhan/Documents/Github/i-test-season/.venv/lib/python3.11/site-packages/httpcore/_sync/http11.py", line 106, in handle_request
    ) = self._receive_response_headers(**kwargs)
        ^^^^^^^^^^^^^^^^^^^^^^^^^^^^^^^^^^^^^^^^
  File "/Users/nripeshpradhan/Documents/Github/i-test-season/.venv/lib/python3.11/site-packages/httpcore/_sync/http11.py", line 177, in _receive_response_headers
    event = self._receive_event(timeout=timeout)
            ^^^^^^^^^^^^^^^^^^^^^^^^^^^^^^^^^^^^
  File "/Users/nripeshpradhan/Documents/Github/i-test-season/.venv/lib/python3.11/site-packages/httpcore/_sync/http11.py", line 217, in _receive_event
    data = self._network_stream.read(
           ^^^^^^^^^^^^^^^^^^^^^^^^^^
  File "/Users/nripeshpradhan/Documents/Github/i-test-season/.venv/lib/python3.11/site-packages/httpcore/_backends/sync.py", line 126, in read
    with map_exceptions(exc_map):
  File "/Users/nripeshpradhan/.local/share/uv/python/cpython-3.11.15-macos-aarch64-none/lib/python3.11/contextlib.py", line 158, in __exit__
    self.gen.throw(typ, value, traceback)
  File "/Users/nripeshpradhan/Documents/Github/i-test-season/.venv/lib/python3.11/site-packages/httpcore/_exceptions.py", line 14, in map_exceptions
    raise to_exc(exc) from exc
httpcore.ReadTimeout: The read operation timed out

The above exception was the direct cause of the following exception:

Traceback (most recent call last):
  File "/Users/nripeshpradhan/Documents/Github/i-test-season/fpl_edge/interfaces/telegram.py", line 503, in run_forever
    self.poll_once(timeout=timeout)
  File "/Users/nripeshpradhan/Documents/Github/i-test-season/fpl_edge/interfaces/telegram.py", line 338, in poll_once
    body = self.transport.call(
           ^^^^^^^^^^^^^^^^^^^^
  File "/Users/nripeshpradhan/Documents/Github/i-test-season/fpl_edge/interfaces/telegram.py", line 102, in call
    resp = self._client.post(f"/{method}", json=payload, timeout=timeout)
           ^^^^^^^^^^^^^^^^^^^^^^^^^^^^^^^^^^^^^^^^^^^^^^^^^^^^^^^^^^^^^^
  File "/Users/nripeshpradhan/Documents/Github/i-test-season/.venv/lib/python3.11/site-packages/httpx/_client.py", line 1144, in post
    return self.request(
           ^^^^^^^^^^^^^
  File "/Users/nripeshpradhan/Documents/Github/i-test-season/.venv/lib/python3.11/site-packages/httpx/_client.py", line 825, in request
    return self.send(request, auth=auth, follow_redirects=follow_redirects)
           ^^^^^^^^^^^^^^^^^^^^^^^^^^^^^^^^^^^^^^^^^^^^^^^^^^^^^^^^^^^^^^^^
  File "/Users/nripeshpradhan/Documents/Github/i-test-season/.venv/lib/python3.11/site-packages/httpx/_client.py", line 914, in send
    response = self._send_handling_auth(
               ^^^^^^^^^^^^^^^^^^^^^^^^^
  File "/Users/nripeshpradhan/Documents/Github/i-test-season/.venv/lib/python3.11/site-packages/httpx/_client.py", line 942, in _send_handling_auth
    response = self._send_handling_redirects(
               ^^^^^^^^^^^^^^^^^^^^^^^^^^^^^^
  File "/Users/nripeshpradhan/Documents/Github/i-test-season/.venv/lib/python3.11/site-packages/httpx/_client.py", line 979, in _send_handling_redirects
    response = self._send_single_request(request)
               ^^^^^^^^^^^^^^^^^^^^^^^^^^^^^^^^^^
  File "/Users/nripeshpradhan/Documents/Github/i-test-season/.venv/lib/python3.11/site-packages/httpx/_client.py", line 1014, in _send_single_request
    response = transport.handle_request(request)
               ^^^^^^^^^^^^^^^^^^^^^^^^^^^^^^^^^
  File "/Users/nripeshpradhan/Documents/Github/i-test-season/.venv/lib/python3.11/site-packages/httpx/_transports/default.py", line 249, in handle_request
    with map_httpcore_exceptions():
  File "/Users/nripeshpradhan/.local/share/uv/python/cpython-3.11.15-macos-aarch64-none/lib/python3.11/contextlib.py", line 158, in __exit__
    self.gen.throw(typ, value, traceback)
  File "/Users/nripeshpradhan/Documents/Github/i-test-season/.venv/lib/python3.11/site-packages/httpx/_transports/default.py", line 118, in map_httpcore_exceptions
    raise mapped_exc(message) from exc
httpx.ReadTimeout: The read operation timed out
2026-08-21 11:27:52,770 ERROR poll cycle failed; backing off
Traceback (most recent call last):
  File "/Users/nripeshpradhan/Documents/Github/i-test-season/.venv/lib/python3.11/site-packages/httpx/_transports/default.py", line 101, in map_httpcore_exceptions
    yield
  File "/Users/nripeshpradhan/Documents/Github/i-test-season/.venv/lib/python3.11/site-packages/httpx/_transports/default.py", line 250, in handle_request
    resp = self._pool.handle_request(req)
           ^^^^^^^^^^^^^^^^^^^^^^^^^^^^^^
  File "/Users/nripeshpradhan/Documents/Github/i-test-season/.venv/lib/python3.11/site-packages/httpcore/_sync/connection_pool.py", line 256, in handle_request
    raise exc from None
  File "/Users/nripeshpradhan/Documents/Github/i-test-season/.venv/lib/python3.11/site-packages/httpcore/_sync/connection_pool.py", line 236, in handle_request
    response = connection.handle_request(
               ^^^^^^^^^^^^^^^^^^^^^^^^^^
  File "/Users/nripeshpradhan/Documents/Github/i-test-season/.venv/lib/python3.11/site-packages/httpcore/_sync/connection.py", line 103, in handle_request
    return self._connection.handle_request(request)
           ^^^^^^^^^^^^^^^^^^^^^^^^^^^^^^^^^^^^^^^^
  File "/Users/nripeshpradhan/Documents/Github/i-test-season/.venv/lib/python3.11/site-packages/httpcore/_sync/http11.py", line 136, in handle_request
    raise exc
  File "/Users/nripeshpradhan/Documents/Github/i-test-season/.venv/lib/python3.11/site-packages/httpcore/_sync/http11.py", line 106, in handle_request
    ) = self._receive_response_headers(**kwargs)
        ^^^^^^^^^^^^^^^^^^^^^^^^^^^^^^^^^^^^^^^^
  File "/Users/nripeshpradhan/Documents/Github/i-test-season/.venv/lib/python3.11/site-packages/httpcore/_sync/http11.py", line 177, in _receive_response_headers
    event = self._receive_event(timeout=timeout)
            ^^^^^^^^^^^^^^^^^^^^^^^^^^^^^^^^^^^^
  File "/Users/nripeshpradhan/Documents/Github/i-test-season/.venv/lib/python3.11/site-packages/httpcore/_sync/http11.py", line 217, in _receive_event
    data = self._network_stream.read(
           ^^^^^^^^^^^^^^^^^^^^^^^^^^
  File "/Users/nripeshpradhan/Documents/Github/i-test-season/.venv/lib/python3.11/site-packages/httpcore/_backends/sync.py", line 126, in read
    with map_exceptions(exc_map):
  File "/Users/nripeshpradhan/.local/share/uv/python/cpython-3.11.15-macos-aarch64-none/lib/python3.11/contextlib.py", line 158, in __exit__
    self.gen.throw(typ, value, traceback)
  File "/Users/nripeshpradhan/Documents/Github/i-test-season/.venv/lib/python3.11/site-packages/httpcore/_exceptions.py", line 14, in map_exceptions
    raise to_exc(exc) from exc
httpcore.ReadTimeout: The read operation timed out

The above exception was the direct cause of the following exception:

Traceback (most recent call last):
  File "/Users/nripeshpradhan/Documents/Github/i-test-season/fpl_edge/interfaces/telegram.py", line 503, in run_forever
    self.poll_once(timeout=timeout)
  File "/Users/nripeshpradhan/Documents/Github/i-test-season/fpl_edge/interfaces/telegram.py", line 338, in poll_once
    body = self.transport.call(
           ^^^^^^^^^^^^^^^^^^^^
  File "/Users/nripeshpradhan/Documents/Github/i-test-season/fpl_edge/interfaces/telegram.py", line 102, in call
    resp = self._client.post(f"/{method}", json=payload, timeout=timeout)
           ^^^^^^^^^^^^^^^^^^^^^^^^^^^^^^^^^^^^^^^^^^^^^^^^^^^^^^^^^^^^^^
  File "/Users/nripeshpradhan/Documents/Github/i-test-season/.venv/lib/python3.11/site-packages/httpx/_client.py", line 1144, in post
    return self.request(
           ^^^^^^^^^^^^^
  File "/Users/nripeshpradhan/Documents/Github/i-test-season/.venv/lib/python3.11/site-packages/httpx/_client.py", line 825, in request
    return self.send(request, auth=auth, follow_redirects=follow_redirects)
           ^^^^^^^^^^^^^^^^^^^^^^^^^^^^^^^^^^^^^^^^^^^^^^^^^^^^^^^^^^^^^^^^
  File "/Users/nripeshpradhan/Documents/Github/i-test-season/.venv/lib/python3.11/site-packages/httpx/_client.py", line 914, in send
    response = self._send_handling_auth(
               ^^^^^^^^^^^^^^^^^^^^^^^^^
  File "/Users/nripeshpradhan/Documents/Github/i-test-season/.venv/lib/python3.11/site-packages/httpx/_client.py", line 942, in _send_handling_auth
    response = self._send_handling_redirects(
               ^^^^^^^^^^^^^^^^^^^^^^^^^^^^^^
  File "/Users/nripeshpradhan/Documents/Github/i-test-season/.venv/lib/python3.11/site-packages/httpx/_client.py", line 979, in _send_handling_redirects
    response = self._send_single_request(request)
               ^^^^^^^^^^^^^^^^^^^^^^^^^^^^^^^^^^
  File "/Users/nripeshpradhan/Documents/Github/i-test-season/.venv/lib/python3.11/site-packages/httpx/_client.py", line 1014, in _send_single_request
    response = transport.handle_request(request)
               ^^^^^^^^^^^^^^^^^^^^^^^^^^^^^^^^^
  File "/Users/nripeshpradhan/Documents/Github/i-test-season/.venv/lib/python3.11/site-packages/httpx/_transports/default.py", line 249, in handle_request
    with map_httpcore_exceptions():
  File "/Users/nripeshpradhan/.local/share/uv/python/cpython-3.11.15-macos-aarch64-none/lib/python3.11/contextlib.py", line 158, in __exit__
    self.gen.throw(typ, value, traceback)
  File "/Users/nripeshpradhan/Documents/Github/i-test-season/.venv/lib/python3.11/site-packages/httpx/_transports/default.py", line 118, in map_httpcore_exceptions
    raise mapped_exc(message) from exc
httpx.ReadTimeout: The read operation timed out
2026-08-21 11:31:00,372 ERROR poll cycle failed; backing off
Traceback (most recent call last):
  File "/Users/nripeshpradhan/Documents/Github/i-test-season/.venv/lib/python3.11/site-packages/httpx/_transports/default.py", line 101, in map_httpcore_exceptions
    yield
  File "/Users/nripeshpradhan/Documents/Github/i-test-season/.venv/lib/python3.11/site-packages/httpx/_transports/default.py", line 250, in handle_request
    resp = self._pool.handle_request(req)
           ^^^^^^^^^^^^^^^^^^^^^^^^^^^^^^
  File "/Users/nripeshpradhan/Documents/Github/i-test-season/.venv/lib/python3.11/site-packages/httpcore/_sync/connection_pool.py", line 256, in handle_request
    raise exc from None
  File "/Users/nripeshpradhan/Documents/Github/i-test-season/.venv/lib/python3.11/site-packages/httpcore/_sync/connection_pool.py", line 236, in handle_request
    response = connection.handle_request(
               ^^^^^^^^^^^^^^^^^^^^^^^^^^
  File "/Users/nripeshpradhan/Documents/Github/i-test-season/.venv/lib/python3.11/site-packages/httpcore/_sync/connection.py", line 103, in handle_request
    return self._connection.handle_request(request)
           ^^^^^^^^^^^^^^^^^^^^^^^^^^^^^^^^^^^^^^^^
  File "/Users/nripeshpradhan/Documents/Github/i-test-season/.venv/lib/python3.11/site-packages/httpcore/_sync/http11.py", line 136, in handle_request
    raise exc
  File "/Users/nripeshpradhan/Documents/Github/i-test-season/.venv/lib/python3.11/site-packages/httpcore/_sync/http11.py", line 106, in handle_request
    ) = self._receive_response_headers(**kwargs)
        ^^^^^^^^^^^^^^^^^^^^^^^^^^^^^^^^^^^^^^^^
  File "/Users/nripeshpradhan/Documents/Github/i-test-season/.venv/lib/python3.11/site-packages/httpcore/_sync/http11.py", line 177, in _receive_response_headers
    event = self._receive_event(timeout=timeout)
            ^^^^^^^^^^^^^^^^^^^^^^^^^^^^^^^^^^^^
  File "/Users/nripeshpradhan/Documents/Github/i-test-season/.venv/lib/python3.11/site-packages/httpcore/_sync/http11.py", line 217, in _receive_event
    data = self._network_stream.read(
           ^^^^^^^^^^^^^^^^^^^^^^^^^^
  File "/Users/nripeshpradhan/Documents/Github/i-test-season/.venv/lib/python3.11/site-packages/httpcore/_backends/sync.py", line 126, in read
    with map_exceptions(exc_map):
  File "/Users/nripeshpradhan/.local/share/uv/python/cpython-3.11.15-macos-aarch64-none/lib/python3.11/contextlib.py", line 158, in __exit__
    self.gen.throw(typ, value, traceback)
  File "/Users/nripeshpradhan/Documents/Github/i-test-season/.venv/lib/python3.11/site-packages/httpcore/_exceptions.py", line 14, in map_exceptions
    raise to_exc(exc) from exc
httpcore.ReadTimeout: The read operation timed out

The above exception was the direct cause of the following exception:

Traceback (most recent call last):
  File "/Users/nripeshpradhan/Documents/Github/i-test-season/fpl_edge/interfaces/telegram.py", line 503, in run_forever
    self.poll_once(timeout=timeout)
  File "/Users/nripeshpradhan/Documents/Github/i-test-season/fpl_edge/interfaces/telegram.py", line 338, in poll_once
    body = self.transport.call(
           ^^^^^^^^^^^^^^^^^^^^
  File "/Users/nripeshpradhan/Documents/Github/i-test-season/fpl_edge/interfaces/telegram.py", line 102, in call
    resp = self._client.post(f"/{method}", json=payload, timeout=timeout)
           ^^^^^^^^^^^^^^^^^^^^^^^^^^^^^^^^^^^^^^^^^^^^^^^^^^^^^^^^^^^^^^
  File "/Users/nripeshpradhan/Documents/Github/i-test-season/.venv/lib/python3.11/site-packages/httpx/_client.py", line 1144, in post
    return self.request(
           ^^^^^^^^^^^^^
  File "/Users/nripeshpradhan/Documents/Github/i-test-season/.venv/lib/python3.11/site-packages/httpx/_client.py", line 825, in request
    return self.send(request, auth=auth, follow_redirects=follow_redirects)
           ^^^^^^^^^^^^^^^^^^^^^^^^^^^^^^^^^^^^^^^^^^^^^^^^^^^^^^^^^^^^^^^^
  File "/Users/nripeshpradhan/Documents/Github/i-test-season/.venv/lib/python3.11/site-packages/httpx/_client.py", line 914, in send
    response = self._send_handling_auth(
               ^^^^^^^^^^^^^^^^^^^^^^^^^
  File "/Users/nripeshpradhan/Documents/Github/i-test-season/.venv/lib/python3.11/site-packages/httpx/_client.py", line 942, in _send_handling_auth
    response = self._send_handling_redirects(
               ^^^^^^^^^^^^^^^^^^^^^^^^^^^^^^
  File "/Users/nripeshpradhan/Documents/Github/i-test-season/.venv/lib/python3.11/site-packages/httpx/_client.py", line 979, in _send_handling_redirects
    response = self._send_single_request(request)
               ^^^^^^^^^^^^^^^^^^^^^^^^^^^^^^^^^^
  File "/Users/nripeshpradhan/Documents/Github/i-test-season/.venv/lib/python3.11/site-packages/httpx/_client.py", line 1014, in _send_single_request
    response = transport.handle_request(request)
               ^^^^^^^^^^^^^^^^^^^^^^^^^^^^^^^^^
  File "/Users/nripeshpradhan/Documents/Github/i-test-season/.venv/lib/python3.11/site-packages/httpx/_transports/default.py", line 249, in handle_request
    with map_httpcore_exceptions():
  File "/Users/nripeshpradhan/.local/share/uv/python/cpython-3.11.15-macos-aarch64-none/lib/python3.11/contextlib.py", line 158, in __exit__
    self.gen.throw(typ, value, traceback)
  File "/Users/nripeshpradhan/Documents/Github/i-test-season/.venv/lib/python3.11/site-packages/httpx/_transports/default.py", line 118, in map_httpcore_exceptions
    raise mapped_exc(message) from exc
httpx.ReadTimeout: The read operation timed out
2026-08-21 11:41:58,859 ERROR poll cycle failed; backing off
Traceback (most recent call last):
  File "/Users/nripeshpradhan/Documents/Github/i-test-season/.venv/lib/python3.11/site-packages/httpx/_transports/default.py", line 101, in map_httpcore_exceptions
    yield
  File "/Users/nripeshpradhan/Documents/Github/i-test-season/.venv/lib/python3.11/site-packages/httpx/_transports/default.py", line 250, in handle_request
    resp = self._pool.handle_request(req)
           ^^^^^^^^^^^^^^^^^^^^^^^^^^^^^^
  File "/Users/nripeshpradhan/Documents/Github/i-test-season/.venv/lib/python3.11/site-packages/httpcore/_sync/connection_pool.py", line 256, in handle_request
    raise exc from None
  File "/Users/nripeshpradhan/Documents/Github/i-test-season/.venv/lib/python3.11/site-packages/httpcore/_sync/connection_pool.py", line 236, in handle_request
    response = connection.handle_request(
               ^^^^^^^^^^^^^^^^^^^^^^^^^^
  File "/Users/nripeshpradhan/Documents/Github/i-test-season/.venv/lib/python3.11/site-packages/httpcore/_sync/connection.py", line 103, in handle_request
    return self._connection.handle_request(request)
           ^^^^^^^^^^^^^^^^^^^^^^^^^^^^^^^^^^^^^^^^
  File "/Users/nripeshpradhan/Documents/Github/i-test-season/.venv/lib/python3.11/site-packages/httpcore/_sync/http11.py", line 136, in handle_request
    raise exc
  File "/Users/nripeshpradhan/Documents/Github/i-test-season/.venv/lib/python3.11/site-packages/httpcore/_sync/http11.py", line 106, in handle_request
    ) = self._receive_response_headers(**kwargs)
        ^^^^^^^^^^^^^^^^^^^^^^^^^^^^^^^^^^^^^^^^
  File "/Users/nripeshpradhan/Documents/Github/i-test-season/.venv/lib/python3.11/site-packages/httpcore/_sync/http11.py", line 177, in _receive_response_headers
    event = self._receive_event(timeout=timeout)
            ^^^^^^^^^^^^^^^^^^^^^^^^^^^^^^^^^^^^
  File "/Users/nripeshpradhan/Documents/Github/i-test-season/.venv/lib/python3.11/site-packages/httpcore/_sync/http11.py", line 217, in _receive_event
    data = self._network_stream.read(
           ^^^^^^^^^^^^^^^^^^^^^^^^^^
  File "/Users/nripeshpradhan/Documents/Github/i-test-season/.venv/lib/python3.11/site-packages/httpcore/_backends/sync.py", line 126, in read
    with map_exceptions(exc_map):
  File "/Users/nripeshpradhan/.local/share/uv/python/cpython-3.11.15-macos-aarch64-none/lib/python3.11/contextlib.py", line 158, in __exit__
    self.gen.throw(typ, value, traceback)
  File "/Users/nripeshpradhan/Documents/Github/i-test-season/.venv/lib/python3.11/site-packages/httpcore/_exceptions.py", line 14, in map_exceptions
    raise to_exc(exc) from exc
httpcore.ReadTimeout: The read operation timed out

The above exception was the direct cause of the following exception:

Traceback (most recent call last):
  File "/Users/nripeshpradhan/Documents/Github/i-test-season/fpl_edge/interfaces/telegram.py", line 503, in run_forever
    self.poll_once(timeout=timeout)
  File "/Users/nripeshpradhan/Documents/Github/i-test-season/fpl_edge/interfaces/telegram.py", line 338, in poll_once
    body = self.transport.call(
           ^^^^^^^^^^^^^^^^^^^^
  File "/Users/nripeshpradhan/Documents/Github/i-test-season/fpl_edge/interfaces/telegram.py", line 102, in call
    resp = self._client.post(f"/{method}", json=payload, timeout=timeout)
           ^^^^^^^^^^^^^^^^^^^^^^^^^^^^^^^^^^^^^^^^^^^^^^^^^^^^^^^^^^^^^^
  File "/Users/nripeshpradhan/Documents/Github/i-test-season/.venv/lib/python3.11/site-packages/httpx/_client.py", line 1144, in post
    return self.request(
           ^^^^^^^^^^^^^
  File "/Users/nripeshpradhan/Documents/Github/i-test-season/.venv/lib/python3.11/site-packages/httpx/_client.py", line 825, in request
    return self.send(request, auth=auth, follow_redirects=follow_redirects)
           ^^^^^^^^^^^^^^^^^^^^^^^^^^^^^^^^^^^^^^^^^^^^^^^^^^^^^^^^^^^^^^^^
  File "/Users/nripeshpradhan/Documents/Github/i-test-season/.venv/lib/python3.11/site-packages/httpx/_client.py", line 914, in send
    response = self._send_handling_auth(
               ^^^^^^^^^^^^^^^^^^^^^^^^^
  File "/Users/nripeshpradhan/Documents/Github/i-test-season/.venv/lib/python3.11/site-packages/httpx/_client.py", line 942, in _send_handling_auth
    response = self._send_handling_redirects(
               ^^^^^^^^^^^^^^^^^^^^^^^^^^^^^^
  File "/Users/nripeshpradhan/Documents/Github/i-test-season/.venv/lib/python3.11/site-packages/httpx/_client.py", line 979, in _send_handling_redirects
    response = self._send_single_request(request)
               ^^^^^^^^^^^^^^^^^^^^^^^^^^^^^^^^^^
  File "/Users/nripeshpradhan/Documents/Github/i-test-season/.venv/lib/python3.11/site-packages/httpx/_client.py", line 1014, in _send_single_request
    response = transport.handle_request(request)
               ^^^^^^^^^^^^^^^^^^^^^^^^^^^^^^^^^
  File "/Users/nripeshpradhan/Documents/Github/i-test-season/.venv/lib/python3.11/site-packages/httpx/_transports/default.py", line 249, in handle_request
    with map_httpcore_exceptions():
  File "/Users/nripeshpradhan/.local/share/uv/python/cpython-3.11.15-macos-aarch64-none/lib/python3.11/contextlib.py", line 158, in __exit__
    self.gen.throw(typ, value, traceback)
  File "/Users/nripeshpradhan/Documents/Github/i-test-season/.venv/lib/python3.11/site-packages/httpx/_transports/default.py", line 118, in map_httpcore_exceptions
    raise mapped_exc(message) from exc
httpx.ReadTimeout: The read operation timed out
2026-08-21 11:44:13,268 ERROR poll cycle failed; backing off
Traceback (most recent call last):
  File "/Users/nripeshpradhan/Documents/Github/i-test-season/.venv/lib/python3.11/site-packages/httpx/_transports/default.py", line 101, in map_httpcore_exceptions
    yield
  File "/Users/nripeshpradhan/Documents/Github/i-test-season/.venv/lib/python3.11/site-packages/httpx/_transports/default.py", line 250, in handle_request
    resp = self._pool.handle_request(req)
           ^^^^^^^^^^^^^^^^^^^^^^^^^^^^^^
  File "/Users/nripeshpradhan/Documents/Github/i-test-season/.venv/lib/python3.11/site-packages/httpcore/_sync/connection_pool.py", line 256, in handle_request
    raise exc from None
  File "/Users/nripeshpradhan/Documents/Github/i-test-season/.venv/lib/python3.11/site-packages/httpcore/_sync/connection_pool.py", line 236, in handle_request
    response = connection.handle_request(
               ^^^^^^^^^^^^^^^^^^^^^^^^^^
  File "/Users/nripeshpradhan/Documents/Github/i-test-season/.venv/lib/python3.11/site-packages/httpcore/_sync/connection.py", line 103, in handle_request
    return self._connection.handle_request(request)
           ^^^^^^^^^^^^^^^^^^^^^^^^^^^^^^^^^^^^^^^^
  File "/Users/nripeshpradhan/Documents/Github/i-test-season/.venv/lib/python3.11/site-packages/httpcore/_sync/http11.py", line 136, in handle_request
    raise exc
  File "/Users/nripeshpradhan/Documents/Github/i-test-season/.venv/lib/python3.11/site-packages/httpcore/_sync/http11.py", line 106, in handle_request
    ) = self._receive_response_headers(**kwargs)
        ^^^^^^^^^^^^^^^^^^^^^^^^^^^^^^^^^^^^^^^^
  File "/Users/nripeshpradhan/Documents/Github/i-test-season/.venv/lib/python3.11/site-packages/httpcore/_sync/http11.py", line 177, in _receive_response_headers
    event = self._receive_event(timeout=timeout)
            ^^^^^^^^^^^^^^^^^^^^^^^^^^^^^^^^^^^^
  File "/Users/nripeshpradhan/Documents/Github/i-test-season/.venv/lib/python3.11/site-packages/httpcore/_sync/http11.py", line 217, in _receive_event
    data = self._network_stream.read(
           ^^^^^^^^^^^^^^^^^^^^^^^^^^
  File "/Users/nripeshpradhan/Documents/Github/i-test-season/.venv/lib/python3.11/site-packages/httpcore/_backends/sync.py", line 126, in read
    with map_exceptions(exc_map):
  File "/Users/nripeshpradhan/.local/share/uv/python/cpython-3.11.15-macos-aarch64-none/lib/python3.11/contextlib.py", line 158, in __exit__
    self.gen.throw(typ, value, traceback)
  File "/Users/nripeshpradhan/Documents/Github/i-test-season/.venv/lib/python3.11/site-packages/httpcore/_exceptions.py", line 14, in map_exceptions
    raise to_exc(exc) from exc
httpcore.ReadTimeout: The read operation timed out

The above exception was the direct cause of the following exception:

Traceback (most recent call last):
  File "/Users/nripeshpradhan/Documents/Github/i-test-season/fpl_edge/interfaces/telegram.py", line 503, in run_forever
    self.poll_once(timeout=timeout)
  File "/Users/nripeshpradhan/Documents/Github/i-test-season/fpl_edge/interfaces/telegram.py", line 338, in poll_once
    body = self.transport.call(
           ^^^^^^^^^^^^^^^^^^^^
  File "/Users/nripeshpradhan/Documents/Github/i-test-season/fpl_edge/interfaces/telegram.py", line 102, in call
    resp = self._client.post(f"/{method}", json=payload, timeout=timeout)
           ^^^^^^^^^^^^^^^^^^^^^^^^^^^^^^^^^^^^^^^^^^^^^^^^^^^^^^^^^^^^^^
  File "/Users/nripeshpradhan/Documents/Github/i-test-season/.venv/lib/python3.11/site-packages/httpx/_client.py", line 1144, in post
    return self.request(
           ^^^^^^^^^^^^^
  File "/Users/nripeshpradhan/Documents/Github/i-test-season/.venv/lib/python3.11/site-packages/httpx/_client.py", line 825, in request
    return self.send(request, auth=auth, follow_redirects=follow_redirects)
           ^^^^^^^^^^^^^^^^^^^^^^^^^^^^^^^^^^^^^^^^^^^^^^^^^^^^^^^^^^^^^^^^
  File "/Users/nripeshpradhan/Documents/Github/i-test-season/.venv/lib/python3.11/site-packages/httpx/_client.py", line 914, in send
    response = self._send_handling_auth(
               ^^^^^^^^^^^^^^^^^^^^^^^^^
  File "/Users/nripeshpradhan/Documents/Github/i-test-season/.venv/lib/python3.11/site-packages/httpx/_client.py", line 942, in _send_handling_auth
    response = self._send_handling_redirects(
               ^^^^^^^^^^^^^^^^^^^^^^^^^^^^^^
  File "/Users/nripeshpradhan/Documents/Github/i-test-season/.venv/lib/python3.11/site-packages/httpx/_client.py", line 979, in _send_handling_redirects
    response = self._send_single_request(request)
               ^^^^^^^^^^^^^^^^^^^^^^^^^^^^^^^^^^
  File "/Users/nripeshpradhan/Documents/Github/i-test-season/.venv/lib/python3.11/site-packages/httpx/_client.py", line 1014, in _send_single_request
    response = transport.handle_request(request)
               ^^^^^^^^^^^^^^^^^^^^^^^^^^^^^^^^^
  File "/Users/nripeshpradhan/Documents/Github/i-test-season/.venv/lib/python3.11/site-packages/httpx/_transports/default.py", line 249, in handle_request
    with map_httpcore_exceptions():
  File "/Users/nripeshpradhan/.local/share/uv/python/cpython-3.11.15-macos-aarch64-none/lib/python3.11/contextlib.py", line 158, in __exit__
    self.gen.throw(typ, value, traceback)
  File "/Users/nripeshpradhan/Documents/Github/i-test-season/.venv/lib/python3.11/site-packages/httpx/_transports/default.py", line 118, in map_httpcore_exceptions
    raise mapped_exc(message) from exc
httpx.ReadTimeout: The read operation timed out
2026-08-21 11:57:45,725 ERROR poll cycle failed; backing off
Traceback (most recent call last):
  File "/Users/nripeshpradhan/Documents/Github/i-test-season/.venv/lib/python3.11/site-packages/httpx/_transports/default.py", line 101, in map_httpcore_exceptions
    yield
  File "/Users/nripeshpradhan/Documents/Github/i-test-season/.venv/lib/python3.11/site-packages/httpx/_transports/default.py", line 250, in handle_request
    resp = self._pool.handle_request(req)
           ^^^^^^^^^^^^^^^^^^^^^^^^^^^^^^
  File "/Users/nripeshpradhan/Documents/Github/i-test-season/.venv/lib/python3.11/site-packages/httpcore/_sync/connection_pool.py", line 256, in handle_request
    raise exc from None
  File "/Users/nripeshpradhan/Documents/Github/i-test-season/.venv/lib/python3.11/site-packages/httpcore/_sync/connection_pool.py", line 236, in handle_request
    response = connection.handle_request(
               ^^^^^^^^^^^^^^^^^^^^^^^^^^
  File "/Users/nripeshpradhan/Documents/Github/i-test-season/.venv/lib/python3.11/site-packages/httpcore/_sync/connection.py", line 103, in handle_request
    return self._connection.handle_request(request)
           ^^^^^^^^^^^^^^^^^^^^^^^^^^^^^^^^^^^^^^^^
  File "/Users/nripeshpradhan/Documents/Github/i-test-season/.venv/lib/python3.11/site-packages/httpcore/_sync/http11.py", line 136, in handle_request
    raise exc
  File "/Users/nripeshpradhan/Documents/Github/i-test-season/.venv/lib/python3.11/site-packages/httpcore/_sync/http11.py", line 106, in handle_request
    ) = self._receive_response_headers(**kwargs)
        ^^^^^^^^^^^^^^^^^^^^^^^^^^^^^^^^^^^^^^^^
  File "/Users/nripeshpradhan/Documents/Github/i-test-season/.venv/lib/python3.11/site-packages/httpcore/_sync/http11.py", line 177, in _receive_response_headers
    event = self._receive_event(timeout=timeout)
            ^^^^^^^^^^^^^^^^^^^^^^^^^^^^^^^^^^^^
  File "/Users/nripeshpradhan/Documents/Github/i-test-season/.venv/lib/python3.11/site-packages/httpcore/_sync/http11.py", line 217, in _receive_event
    data = self._network_stream.read(
           ^^^^^^^^^^^^^^^^^^^^^^^^^^
  File "/Users/nripeshpradhan/Documents/Github/i-test-season/.venv/lib/python3.11/site-packages/httpcore/_backends/sync.py", line 126, in read
    with map_exceptions(exc_map):
  File "/Users/nripeshpradhan/.local/share/uv/python/cpython-3.11.15-macos-aarch64-none/lib/python3.11/contextlib.py", line 158, in __exit__
    self.gen.throw(typ, value, traceback)
  File "/Users/nripeshpradhan/Documents/Github/i-test-season/.venv/lib/python3.11/site-packages/httpcore/_exceptions.py", line 14, in map_exceptions
    raise to_exc(exc) from exc
httpcore.ReadTimeout: The read operation timed out

The above exception was the direct cause of the following exception:

Traceback (most recent call last):
  File "/Users/nripeshpradhan/Documents/Github/i-test-season/fpl_edge/interfaces/telegram.py", line 503, in run_forever
    self.poll_once(timeout=timeout)
  File "/Users/nripeshpradhan/Documents/Github/i-test-season/fpl_edge/interfaces/telegram.py", line 338, in poll_once
    body = self.transport.call(
           ^^^^^^^^^^^^^^^^^^^^
  File "/Users/nripeshpradhan/Documents/Github/i-test-season/fpl_edge/interfaces/telegram.py", line 102, in call
    resp = self._client.post(f"/{method}", json=payload, timeout=timeout)
           ^^^^^^^^^^^^^^^^^^^^^^^^^^^^^^^^^^^^^^^^^^^^^^^^^^^^^^^^^^^^^^
  File "/Users/nripeshpradhan/Documents/Github/i-test-season/.venv/lib/python3.11/site-packages/httpx/_client.py", line 1144, in post
    return self.request(
           ^^^^^^^^^^^^^
  File "/Users/nripeshpradhan/Documents/Github/i-test-season/.venv/lib/python3.11/site-packages/httpx/_client.py", line 825, in request
    return self.send(request, auth=auth, follow_redirects=follow_redirects)
           ^^^^^^^^^^^^^^^^^^^^^^^^^^^^^^^^^^^^^^^^^^^^^^^^^^^^^^^^^^^^^^^^
  File "/Users/nripeshpradhan/Documents/Github/i-test-season/.venv/lib/python3.11/site-packages/httpx/_client.py", line 914, in send
    response = self._send_handling_auth(
               ^^^^^^^^^^^^^^^^^^^^^^^^^
  File "/Users/nripeshpradhan/Documents/Github/i-test-season/.venv/lib/python3.11/site-packages/httpx/_client.py", line 942, in _send_handling_auth
    response = self._send_handling_redirects(
               ^^^^^^^^^^^^^^^^^^^^^^^^^^^^^^
  File "/Users/nripeshpradhan/Documents/Github/i-test-season/.venv/lib/python3.11/site-packages/httpx/_client.py", line 979, in _send_handling_redirects
    response = self._send_single_request(request)
               ^^^^^^^^^^^^^^^^^^^^^^^^^^^^^^^^^^
  File "/Users/nripeshpradhan/Documents/Github/i-test-season/.venv/lib/python3.11/site-packages/httpx/_client.py", line 1014, in _send_single_request
    response = transport.handle_request(request)
               ^^^^^^^^^^^^^^^^^^^^^^^^^^^^^^^^^
  File "/Users/nripeshpradhan/Documents/Github/i-test-season/.venv/lib/python3.11/site-packages/httpx/_transports/default.py", line 249, in handle_request
    with map_httpcore_exceptions():
  File "/Users/nripeshpradhan/.local/share/uv/python/cpython-3.11.15-macos-aarch64-none/lib/python3.11/contextlib.py", line 158, in __exit__
    self.gen.throw(typ, value, traceback)
  File "/Users/nripeshpradhan/Documents/Github/i-test-season/.venv/lib/python3.11/site-packages/httpx/_transports/default.py", line 118, in map_httpcore_exceptions
    raise mapped_exc(message) from exc
httpx.ReadTimeout: The read operation timed out
2026-08-21 12:07:12,787 ERROR poll cycle failed; backing off
Traceback (most recent call last):
  File "/Users/nripeshpradhan/Documents/Github/i-test-season/.venv/lib/python3.11/site-packages/httpx/_transports/default.py", line 101, in map_httpcore_exceptions
    yield
  File "/Users/nripeshpradhan/Documents/Github/i-test-season/.venv/lib/python3.11/site-packages/httpx/_transports/default.py", line 250, in handle_request
    resp = self._pool.handle_request(req)
           ^^^^^^^^^^^^^^^^^^^^^^^^^^^^^^
  File "/Users/nripeshpradhan/Documents/Github/i-test-season/.venv/lib/python3.11/site-packages/httpcore/_sync/connection_pool.py", line 256, in handle_request
    raise exc from None
  File "/Users/nripeshpradhan/Documents/Github/i-test-season/.venv/lib/python3.11/site-packages/httpcore/_sync/connection_pool.py", line 236, in handle_request
    response = connection.handle_request(
               ^^^^^^^^^^^^^^^^^^^^^^^^^^
  File "/Users/nripeshpradhan/Documents/Github/i-test-season/.venv/lib/python3.11/site-packages/httpcore/_sync/connection.py", line 103, in handle_request
    return self._connection.handle_request(request)
           ^^^^^^^^^^^^^^^^^^^^^^^^^^^^^^^^^^^^^^^^
  File "/Users/nripeshpradhan/Documents/Github/i-test-season/.venv/lib/python3.11/site-packages/httpcore/_sync/http11.py", line 136, in handle_request
    raise exc
  File "/Users/nripeshpradhan/Documents/Github/i-test-season/.venv/lib/python3.11/site-packages/httpcore/_sync/http11.py", line 106, in handle_request
    ) = self._receive_response_headers(**kwargs)
        ^^^^^^^^^^^^^^^^^^^^^^^^^^^^^^^^^^^^^^^^
  File "/Users/nripeshpradhan/Documents/Github/i-test-season/.venv/lib/python3.11/site-packages/httpcore/_sync/http11.py", line 177, in _receive_response_headers
    event = self._receive_event(timeout=timeout)
            ^^^^^^^^^^^^^^^^^^^^^^^^^^^^^^^^^^^^
  File "/Users/nripeshpradhan/Documents/Github/i-test-season/.venv/lib/python3.11/site-packages/httpcore/_sync/http11.py", line 217, in _receive_event
    data = self._network_stream.read(
           ^^^^^^^^^^^^^^^^^^^^^^^^^^
  File "/Users/nripeshpradhan/Documents/Github/i-test-season/.venv/lib/python3.11/site-packages/httpcore/_backends/sync.py", line 126, in read
    with map_exceptions(exc_map):
  File "/Users/nripeshpradhan/.local/share/uv/python/cpython-3.11.15-macos-aarch64-none/lib/python3.11/contextlib.py", line 158, in __exit__
    self.gen.throw(typ, value, traceback)
  File "/Users/nripeshpradhan/Documents/Github/i-test-season/.venv/lib/python3.11/site-packages/httpcore/_exceptions.py", line 14, in map_exceptions
    raise to_exc(exc) from exc
httpcore.ReadTimeout: The read operation timed out

The above exception was the direct cause of the following exception:

Traceback (most recent call last):
  File "/Users/nripeshpradhan/Documents/Github/i-test-season/fpl_edge/interfaces/telegram.py", line 503, in run_forever
    self.poll_once(timeout=timeout)
  File "/Users/nripeshpradhan/Documents/Github/i-test-season/fpl_edge/interfaces/telegram.py", line 338, in poll_once
    body = self.transport.call(
           ^^^^^^^^^^^^^^^^^^^^
  File "/Users/nripeshpradhan/Documents/Github/i-test-season/fpl_edge/interfaces/telegram.py", line 102, in call
    resp = self._client.post(f"/{method}", json=payload, timeout=timeout)
           ^^^^^^^^^^^^^^^^^^^^^^^^^^^^^^^^^^^^^^^^^^^^^^^^^^^^^^^^^^^^^^
  File "/Users/nripeshpradhan/Documents/Github/i-test-season/.venv/lib/python3.11/site-packages/httpx/_client.py", line 1144, in post
    return self.request(
           ^^^^^^^^^^^^^
  File "/Users/nripeshpradhan/Documents/Github/i-test-season/.venv/lib/python3.11/site-packages/httpx/_client.py", line 825, in request
    return self.send(request, auth=auth, follow_redirects=follow_redirects)
           ^^^^^^^^^^^^^^^^^^^^^^^^^^^^^^^^^^^^^^^^^^^^^^^^^^^^^^^^^^^^^^^^
  File "/Users/nripeshpradhan/Documents/Github/i-test-season/.venv/lib/python3.11/site-packages/httpx/_client.py", line 914, in send
    response = self._send_handling_auth(
               ^^^^^^^^^^^^^^^^^^^^^^^^^
  File "/Users/nripeshpradhan/Documents/Github/i-test-season/.venv/lib/python3.11/site-packages/httpx/_client.py", line 942, in _send_handling_auth
    response = self._send_handling_redirects(
               ^^^^^^^^^^^^^^^^^^^^^^^^^^^^^^
  File "/Users/nripeshpradhan/Documents/Github/i-test-season/.venv/lib/python3.11/site-packages/httpx/_client.py", line 979, in _send_handling_redirects
    response = self._send_single_request(request)
               ^^^^^^^^^^^^^^^^^^^^^^^^^^^^^^^^^^
  File "/Users/nripeshpradhan/Documents/Github/i-test-season/.venv/lib/python3.11/site-packages/httpx/_client.py", line 1014, in _send_single_request
    response = transport.handle_request(request)
               ^^^^^^^^^^^^^^^^^^^^^^^^^^^^^^^^^
  File "/Users/nripeshpradhan/Documents/Github/i-test-season/.venv/lib/python3.11/site-packages/httpx/_transports/default.py", line 249, in handle_request
    with map_httpcore_exceptions():
  File "/Users/nripeshpradhan/.local/share/uv/python/cpython-3.11.15-macos-aarch64-none/lib/python3.11/contextlib.py", line 158, in __exit__
    self.gen.throw(typ, value, traceback)
  File "/Users/nripeshpradhan/Documents/Github/i-test-season/.venv/lib/python3.11/site-packages/httpx/_transports/default.py", line 118, in map_httpcore_exceptions
    raise mapped_exc(message) from exc
httpx.ReadTimeout: The read operation timed out
2026-08-21 12:16:07,521 ERROR poll cycle failed; backing off
Traceback (most recent call last):
  File "/Users/nripeshpradhan/Documents/Github/i-test-season/.venv/lib/python3.11/site-packages/httpx/_transports/default.py", line 101, in map_httpcore_exceptions
    yield
  File "/Users/nripeshpradhan/Documents/Github/i-test-season/.venv/lib/python3.11/site-packages/httpx/_transports/default.py", line 250, in handle_request
    resp = self._pool.handle_request(req)
           ^^^^^^^^^^^^^^^^^^^^^^^^^^^^^^
  File "/Users/nripeshpradhan/Documents/Github/i-test-season/.venv/lib/python3.11/site-packages/httpcore/_sync/connection_pool.py", line 256, in handle_request
    raise exc from None
  File "/Users/nripeshpradhan/Documents/Github/i-test-season/.venv/lib/python3.11/site-packages/httpcore/_sync/connection_pool.py", line 236, in handle_request
    response = connection.handle_request(
               ^^^^^^^^^^^^^^^^^^^^^^^^^^
  File "/Users/nripeshpradhan/Documents/Github/i-test-season/.venv/lib/python3.11/site-packages/httpcore/_sync/connection.py", line 103, in handle_request
    return self._connection.handle_request(request)
           ^^^^^^^^^^^^^^^^^^^^^^^^^^^^^^^^^^^^^^^^
  File "/Users/nripeshpradhan/Documents/Github/i-test-season/.venv/lib/python3.11/site-packages/httpcore/_sync/http11.py", line 136, in handle_request
    raise exc
  File "/Users/nripeshpradhan/Documents/Github/i-test-season/.venv/lib/python3.11/site-packages/httpcore/_sync/http11.py", line 106, in handle_request
    ) = self._receive_response_headers(**kwargs)
        ^^^^^^^^^^^^^^^^^^^^^^^^^^^^^^^^^^^^^^^^
  File "/Users/nripeshpradhan/Documents/Github/i-test-season/.venv/lib/python3.11/site-packages/httpcore/_sync/http11.py", line 177, in _receive_response_headers
    event = self._receive_event(timeout=timeout)
            ^^^^^^^^^^^^^^^^^^^^^^^^^^^^^^^^^^^^
  File "/Users/nripeshpradhan/Documents/Github/i-test-season/.venv/lib/python3.11/site-packages/httpcore/_sync/http11.py", line 217, in _receive_event
    data = self._network_stream.read(
           ^^^^^^^^^^^^^^^^^^^^^^^^^^
  File "/Users/nripeshpradhan/Documents/Github/i-test-season/.venv/lib/python3.11/site-packages/httpcore/_backends/sync.py", line 126, in read
    with map_exceptions(exc_map):
  File "/Users/nripeshpradhan/.local/share/uv/python/cpython-3.11.15-macos-aarch64-none/lib/python3.11/contextlib.py", line 158, in __exit__
    self.gen.throw(typ, value, traceback)
  File "/Users/nripeshpradhan/Documents/Github/i-test-season/.venv/lib/python3.11/site-packages/httpcore/_exceptions.py", line 14, in map_exceptions
    raise to_exc(exc) from exc
httpcore.ReadTimeout: The read operation timed out

The above exception was the direct cause of the following exception:

Traceback (most recent call last):
  File "/Users/nripeshpradhan/Documents/Github/i-test-season/fpl_edge/interfaces/telegram.py", line 503, in run_forever
    self.poll_once(timeout=timeout)
  File "/Users/nripeshpradhan/Documents/Github/i-test-season/fpl_edge/interfaces/telegram.py", line 338, in poll_once
    body = self.transport.call(
           ^^^^^^^^^^^^^^^^^^^^
  File "/Users/nripeshpradhan/Documents/Github/i-test-season/fpl_edge/interfaces/telegram.py", line 102, in call
    resp = self._client.post(f"/{method}", json=payload, timeout=timeout)
           ^^^^^^^^^^^^^^^^^^^^^^^^^^^^^^^^^^^^^^^^^^^^^^^^^^^^^^^^^^^^^^
  File "/Users/nripeshpradhan/Documents/Github/i-test-season/.venv/lib/python3.11/site-packages/httpx/_client.py", line 1144, in post
    return self.request(
           ^^^^^^^^^^^^^
  File "/Users/nripeshpradhan/Documents/Github/i-test-season/.venv/lib/python3.11/site-packages/httpx/_client.py", line 825, in request
    return self.send(request, auth=auth, follow_redirects=follow_redirects)
           ^^^^^^^^^^^^^^^^^^^^^^^^^^^^^^^^^^^^^^^^^^^^^^^^^^^^^^^^^^^^^^^^
  File "/Users/nripeshpradhan/Documents/Github/i-test-season/.venv/lib/python3.11/site-packages/httpx/_client.py", line 914, in send
    response = self._send_handling_auth(
               ^^^^^^^^^^^^^^^^^^^^^^^^^
  File "/Users/nripeshpradhan/Documents/Github/i-test-season/.venv/lib/python3.11/site-packages/httpx/_client.py", line 942, in _send_handling_auth
    response = self._send_handling_redirects(
               ^^^^^^^^^^^^^^^^^^^^^^^^^^^^^^
  File "/Users/nripeshpradhan/Documents/Github/i-test-season/.venv/lib/python3.11/site-packages/httpx/_client.py", line 979, in _send_handling_redirects
    response = self._send_single_request(request)
               ^^^^^^^^^^^^^^^^^^^^^^^^^^^^^^^^^^
  File "/Users/nripeshpradhan/Documents/Github/i-test-season/.venv/lib/python3.11/site-packages/httpx/_client.py", line 1014, in _send_single_request
    response = transport.handle_request(request)
               ^^^^^^^^^^^^^^^^^^^^^^^^^^^^^^^^^
  File "/Users/nripeshpradhan/Documents/Github/i-test-season/.venv/lib/python3.11/site-packages/httpx/_transports/default.py", line 249, in handle_request
    with map_httpcore_exceptions():
  File "/Users/nripeshpradhan/.local/share/uv/python/cpython-3.11.15-macos-aarch64-none/lib/python3.11/contextlib.py", line 158, in __exit__
    self.gen.throw(typ, value, traceback)
  File "/Users/nripeshpradhan/Documents/Github/i-test-season/.venv/lib/python3.11/site-packages/httpx/_transports/default.py", line 118, in map_httpcore_exceptions
    raise mapped_exc(message) from exc
httpx.ReadTimeout: The read operation timed out
2026-08-21 13:06:02,551 ERROR poll cycle failed; backing off
Traceback (most recent call last):
  File "/Users/nripeshpradhan/Documents/Github/i-test-season/.venv/lib/python3.11/site-packages/httpx/_transports/default.py", line 101, in map_httpcore_exceptions
    yield
  File "/Users/nripeshpradhan/Documents/Github/i-test-season/.venv/lib/python3.11/site-packages/httpx/_transports/default.py", line 250, in handle_request
    resp = self._pool.handle_request(req)
           ^^^^^^^^^^^^^^^^^^^^^^^^^^^^^^
  File "/Users/nripeshpradhan/Documents/Github/i-test-season/.venv/lib/python3.11/site-packages/httpcore/_sync/connection_pool.py", line 256, in handle_request
    raise exc from None
  File "/Users/nripeshpradhan/Documents/Github/i-test-season/.venv/lib/python3.11/site-packages/httpcore/_sync/connection_pool.py", line 236, in handle_request
    response = connection.handle_request(
               ^^^^^^^^^^^^^^^^^^^^^^^^^^
  File "/Users/nripeshpradhan/Documents/Github/i-test-season/.venv/lib/python3.11/site-packages/httpcore/_sync/connection.py", line 103, in handle_request
    return self._connection.handle_request(request)
           ^^^^^^^^^^^^^^^^^^^^^^^^^^^^^^^^^^^^^^^^
  File "/Users/nripeshpradhan/Documents/Github/i-test-season/.venv/lib/python3.11/site-packages/httpcore/_sync/http11.py", line 136, in handle_request
    raise exc
  File "/Users/nripeshpradhan/Documents/Github/i-test-season/.venv/lib/python3.11/site-packages/httpcore/_sync/http11.py", line 106, in handle_request
    ) = self._receive_response_headers(**kwargs)
        ^^^^^^^^^^^^^^^^^^^^^^^^^^^^^^^^^^^^^^^^
  File "/Users/nripeshpradhan/Documents/Github/i-test-season/.venv/lib/python3.11/site-packages/httpcore/_sync/http11.py", line 177, in _receive_response_headers
    event = self._receive_event(timeout=timeout)
            ^^^^^^^^^^^^^^^^^^^^^^^^^^^^^^^^^^^^
  File "/Users/nripeshpradhan/Documents/Github/i-test-season/.venv/lib/python3.11/site-packages/httpcore/_sync/http11.py", line 217, in _receive_event
    data = self._network_stream.read(
           ^^^^^^^^^^^^^^^^^^^^^^^^^^
  File "/Users/nripeshpradhan/Documents/Github/i-test-season/.venv/lib/python3.11/site-packages/httpcore/_backends/sync.py", line 126, in read
    with map_exceptions(exc_map):
  File "/Users/nripeshpradhan/.local/share/uv/python/cpython-3.11.15-macos-aarch64-none/lib/python3.11/contextlib.py", line 158, in __exit__
    self.gen.throw(typ, value, traceback)
  File "/Users/nripeshpradhan/Documents/Github/i-test-season/.venv/lib/python3.11/site-packages/httpcore/_exceptions.py", line 14, in map_exceptions
    raise to_exc(exc) from exc
httpcore.ReadTimeout: The read operation timed out

The above exception was the direct cause of the following exception:

Traceback (most recent call last):
  File "/Users/nripeshpradhan/Documents/Github/i-test-season/fpl_edge/interfaces/telegram.py", line 503, in run_forever
    self.poll_once(timeout=timeout)
  File "/Users/nripeshpradhan/Documents/Github/i-test-season/fpl_edge/interfaces/telegram.py", line 338, in poll_once
    body = self.transport.call(
           ^^^^^^^^^^^^^^^^^^^^
  File "/Users/nripeshpradhan/Documents/Github/i-test-season/fpl_edge/interfaces/telegram.py", line 102, in call
    resp = self._client.post(f"/{method}", json=payload, timeout=timeout)
           ^^^^^^^^^^^^^^^^^^^^^^^^^^^^^^^^^^^^^^^^^^^^^^^^^^^^^^^^^^^^^^
  File "/Users/nripeshpradhan/Documents/Github/i-test-season/.venv/lib/python3.11/site-packages/httpx/_client.py", line 1144, in post
    return self.request(
           ^^^^^^^^^^^^^
  File "/Users/nripeshpradhan/Documents/Github/i-test-season/.venv/lib/python3.11/site-packages/httpx/_client.py", line 825, in request
    return self.send(request, auth=auth, follow_redirects=follow_redirects)
           ^^^^^^^^^^^^^^^^^^^^^^^^^^^^^^^^^^^^^^^^^^^^^^^^^^^^^^^^^^^^^^^^
  File "/Users/nripeshpradhan/Documents/Github/i-test-season/.venv/lib/python3.11/site-packages/httpx/_client.py", line 914, in send
    response = self._send_handling_auth(
               ^^^^^^^^^^^^^^^^^^^^^^^^^
  File "/Users/nripeshpradhan/Documents/Github/i-test-season/.venv/lib/python3.11/site-packages/httpx/_client.py", line 942, in _send_handling_auth
    response = self._send_handling_redirects(
               ^^^^^^^^^^^^^^^^^^^^^^^^^^^^^^
  File "/Users/nripeshpradhan/Documents/Github/i-test-season/.venv/lib/python3.11/site-packages/httpx/_client.py", line 979, in _send_handling_redirects
    response = self._send_single_request(request)
               ^^^^^^^^^^^^^^^^^^^^^^^^^^^^^^^^^^
  File "/Users/nripeshpradhan/Documents/Github/i-test-season/.venv/lib/python3.11/site-packages/httpx/_client.py", line 1014, in _send_single_request
    response = transport.handle_request(request)
               ^^^^^^^^^^^^^^^^^^^^^^^^^^^^^^^^^
  File "/Users/nripeshpradhan/Documents/Github/i-test-season/.venv/lib/python3.11/site-packages/httpx/_transports/default.py", line 249, in handle_request
    with map_httpcore_exceptions():
  File "/Users/nripeshpradhan/.local/share/uv/python/cpython-3.11.15-macos-aarch64-none/lib/python3.11/contextlib.py", line 158, in __exit__
    self.gen.throw(typ, value, traceback)
  File "/Users/nripeshpradhan/Documents/Github/i-test-season/.venv/lib/python3.11/site-packages/httpx/_transports/default.py", line 118, in map_httpcore_exceptions
    raise mapped_exc(message) from exc
httpx.ReadTimeout: The read operation timed out
2026-08-21 13:11:44,010 ERROR poll cycle failed; backing off
Traceback (most recent call last):
  File "/Users/nripeshpradhan/Documents/Github/i-test-season/.venv/lib/python3.11/site-packages/httpx/_transports/default.py", line 101, in map_httpcore_exceptions
    yield
  File "/Users/nripeshpradhan/Documents/Github/i-test-season/.venv/lib/python3.11/site-packages/httpx/_transports/default.py", line 250, in handle_request
    resp = self._pool.handle_request(req)
           ^^^^^^^^^^^^^^^^^^^^^^^^^^^^^^
  File "/Users/nripeshpradhan/Documents/Github/i-test-season/.venv/lib/python3.11/site-packages/httpcore/_sync/connection_pool.py", line 256, in handle_request
    raise exc from None
  File "/Users/nripeshpradhan/Documents/Github/i-test-season/.venv/lib/python3.11/site-packages/httpcore/_sync/connection_pool.py", line 236, in handle_request
    response = connection.handle_request(
               ^^^^^^^^^^^^^^^^^^^^^^^^^^
  File "/Users/nripeshpradhan/Documents/Github/i-test-season/.venv/lib/python3.11/site-packages/httpcore/_sync/connection.py", line 103, in handle_request
    return self._connection.handle_request(request)
           ^^^^^^^^^^^^^^^^^^^^^^^^^^^^^^^^^^^^^^^^
  File "/Users/nripeshpradhan/Documents/Github/i-test-season/.venv/lib/python3.11/site-packages/httpcore/_sync/http11.py", line 136, in handle_request
    raise exc
  File "/Users/nripeshpradhan/Documents/Github/i-test-season/.venv/lib/python3.11/site-packages/httpcore/_sync/http11.py", line 106, in handle_request
    ) = self._receive_response_headers(**kwargs)
        ^^^^^^^^^^^^^^^^^^^^^^^^^^^^^^^^^^^^^^^^
  File "/Users/nripeshpradhan/Documents/Github/i-test-season/.venv/lib/python3.11/site-packages/httpcore/_sync/http11.py", line 177, in _receive_response_headers
    event = self._receive_event(timeout=timeout)
            ^^^^^^^^^^^^^^^^^^^^^^^^^^^^^^^^^^^^
  File "/Users/nripeshpradhan/Documents/Github/i-test-season/.venv/lib/python3.11/site-packages/httpcore/_sync/http11.py", line 217, in _receive_event
    data = self._network_stream.read(
           ^^^^^^^^^^^^^^^^^^^^^^^^^^
  File "/Users/nripeshpradhan/Documents/Github/i-test-season/.venv/lib/python3.11/site-packages/httpcore/_backends/sync.py", line 126, in read
    with map_exceptions(exc_map):
  File "/Users/nripeshpradhan/.local/share/uv/python/cpython-3.11.15-macos-aarch64-none/lib/python3.11/contextlib.py", line 158, in __exit__
    self.gen.throw(typ, value, traceback)
  File "/Users/nripeshpradhan/Documents/Github/i-test-season/.venv/lib/python3.11/site-packages/httpcore/_exceptions.py", line 14, in map_exceptions
    raise to_exc(exc) from exc
httpcore.ReadTimeout: The read operation timed out

The above exception was the direct cause of the following exception:

Traceback (most recent call last):
  File "/Users/nripeshpradhan/Documents/Github/i-test-season/fpl_edge/interfaces/telegram.py", line 503, in run_forever
    self.poll_once(timeout=timeout)
  File "/Users/nripeshpradhan/Documents/Github/i-test-season/fpl_edge/interfaces/telegram.py", line 338, in poll_once
    body = self.transport.call(
           ^^^^^^^^^^^^^^^^^^^^
  File "/Users/nripeshpradhan/Documents/Github/i-test-season/fpl_edge/interfaces/telegram.py", line 102, in call
    resp = self._client.post(f"/{method}", json=payload, timeout=timeout)
           ^^^^^^^^^^^^^^^^^^^^^^^^^^^^^^^^^^^^^^^^^^^^^^^^^^^^^^^^^^^^^^
  File "/Users/nripeshpradhan/Documents/Github/i-test-season/.venv/lib/python3.11/site-packages/httpx/_client.py", line 1144, in post
    return self.request(
           ^^^^^^^^^^^^^
  File "/Users/nripeshpradhan/Documents/Github/i-test-season/.venv/lib/python3.11/site-packages/httpx/_client.py", line 825, in request
    return self.send(request, auth=auth, follow_redirects=follow_redirects)
           ^^^^^^^^^^^^^^^^^^^^^^^^^^^^^^^^^^^^^^^^^^^^^^^^^^^^^^^^^^^^^^^^
  File "/Users/nripeshpradhan/Documents/Github/i-test-season/.venv/lib/python3.11/site-packages/httpx/_client.py", line 914, in send
    response = self._send_handling_auth(
               ^^^^^^^^^^^^^^^^^^^^^^^^^
  File "/Users/nripeshpradhan/Documents/Github/i-test-season/.venv/lib/python3.11/site-packages/httpx/_client.py", line 942, in _send_handling_auth
    response = self._send_handling_redirects(
               ^^^^^^^^^^^^^^^^^^^^^^^^^^^^^^
  File "/Users/nripeshpradhan/Documents/Github/i-test-season/.venv/lib/python3.11/site-packages/httpx/_client.py", line 979, in _send_handling_redirects
    response = self._send_single_request(request)
               ^^^^^^^^^^^^^^^^^^^^^^^^^^^^^^^^^^
  File "/Users/nripeshpradhan/Documents/Github/i-test-season/.venv/lib/python3.11/site-packages/httpx/_client.py", line 1014, in _send_single_request
    response = transport.handle_request(request)
               ^^^^^^^^^^^^^^^^^^^^^^^^^^^^^^^^^
  File "/Users/nripeshpradhan/Documents/Github/i-test-season/.venv/lib/python3.11/site-packages/httpx/_transports/default.py", line 249, in handle_request
    with map_httpcore_exceptions():
  File "/Users/nripeshpradhan/.local/share/uv/python/cpython-3.11.15-macos-aarch64-none/lib/python3.11/contextlib.py", line 158, in __exit__
    self.gen.throw(typ, value, traceback)
  File "/Users/nripeshpradhan/Documents/Github/i-test-season/.venv/lib/python3.11/site-packages/httpx/_transports/default.py", line 118, in map_httpcore_exceptions
    raise mapped_exc(message) from exc
httpx.ReadTimeout: The read operation timed out
2026-08-21 13:15:01,842 ERROR poll cycle failed; backing off
Traceback (most recent call last):
  File "/Users/nripeshpradhan/Documents/Github/i-test-season/.venv/lib/python3.11/site-packages/httpx/_transports/default.py", line 101, in map_httpcore_exceptions
    yield
  File "/Users/nripeshpradhan/Documents/Github/i-test-season/.venv/lib/python3.11/site-packages/httpx/_transports/default.py", line 250, in handle_request
    resp = self._pool.handle_request(req)
           ^^^^^^^^^^^^^^^^^^^^^^^^^^^^^^
  File "/Users/nripeshpradhan/Documents/Github/i-test-season/.venv/lib/python3.11/site-packages/httpcore/_sync/connection_pool.py", line 256, in handle_request
    raise exc from None
  File "/Users/nripeshpradhan/Documents/Github/i-test-season/.venv/lib/python3.11/site-packages/httpcore/_sync/connection_pool.py", line 236, in handle_request
    response = connection.handle_request(
               ^^^^^^^^^^^^^^^^^^^^^^^^^^
  File "/Users/nripeshpradhan/Documents/Github/i-test-season/.venv/lib/python3.11/site-packages/httpcore/_sync/connection.py", line 103, in handle_request
    return self._connection.handle_request(request)
           ^^^^^^^^^^^^^^^^^^^^^^^^^^^^^^^^^^^^^^^^
  File "/Users/nripeshpradhan/Documents/Github/i-test-season/.venv/lib/python3.11/site-packages/httpcore/_sync/http11.py", line 136, in handle_request
    raise exc
  File "/Users/nripeshpradhan/Documents/Github/i-test-season/.venv/lib/python3.11/site-packages/httpcore/_sync/http11.py", line 106, in handle_request
    ) = self._receive_response_headers(**kwargs)
        ^^^^^^^^^^^^^^^^^^^^^^^^^^^^^^^^^^^^^^^^
  File "/Users/nripeshpradhan/Documents/Github/i-test-season/.venv/lib/python3.11/site-packages/httpcore/_sync/http11.py", line 177, in _receive_response_headers
    event = self._receive_event(timeout=timeout)
            ^^^^^^^^^^^^^^^^^^^^^^^^^^^^^^^^^^^^
  File "/Users/nripeshpradhan/Documents/Github/i-test-season/.venv/lib/python3.11/site-packages/httpcore/_sync/http11.py", line 217, in _receive_event
    data = self._network_stream.read(
           ^^^^^^^^^^^^^^^^^^^^^^^^^^
  File "/Users/nripeshpradhan/Documents/Github/i-test-season/.venv/lib/python3.11/site-packages/httpcore/_backends/sync.py", line 126, in read
    with map_exceptions(exc_map):
  File "/Users/nripeshpradhan/.local/share/uv/python/cpython-3.11.15-macos-aarch64-none/lib/python3.11/contextlib.py", line 158, in __exit__
    self.gen.throw(typ, value, traceback)
  File "/Users/nripeshpradhan/Documents/Github/i-test-season/.venv/lib/python3.11/site-packages/httpcore/_exceptions.py", line 14, in map_exceptions
    raise to_exc(exc) from exc
httpcore.ReadTimeout: The read operation timed out

The above exception was the direct cause of the following exception:

Traceback (most recent call last):
  File "/Users/nripeshpradhan/Documents/Github/i-test-season/fpl_edge/interfaces/telegram.py", line 503, in run_forever
    self.poll_once(timeout=timeout)
  File "/Users/nripeshpradhan/Documents/Github/i-test-season/fpl_edge/interfaces/telegram.py", line 338, in poll_once
    body = self.transport.call(
           ^^^^^^^^^^^^^^^^^^^^
  File "/Users/nripeshpradhan/Documents/Github/i-test-season/fpl_edge/interfaces/telegram.py", line 102, in call
    resp = self._client.post(f"/{method}", json=payload, timeout=timeout)
           ^^^^^^^^^^^^^^^^^^^^^^^^^^^^^^^^^^^^^^^^^^^^^^^^^^^^^^^^^^^^^^
  File "/Users/nripeshpradhan/Documents/Github/i-test-season/.venv/lib/python3.11/site-packages/httpx/_client.py", line 1144, in post
    return self.request(
           ^^^^^^^^^^^^^
  File "/Users/nripeshpradhan/Documents/Github/i-test-season/.venv/lib/python3.11/site-packages/httpx/_client.py", line 825, in request
    return self.send(request, auth=auth, follow_redirects=follow_redirects)
           ^^^^^^^^^^^^^^^^^^^^^^^^^^^^^^^^^^^^^^^^^^^^^^^^^^^^^^^^^^^^^^^^
  File "/Users/nripeshpradhan/Documents/Github/i-test-season/.venv/lib/python3.11/site-packages/httpx/_client.py", line 914, in send
    response = self._send_handling_auth(
               ^^^^^^^^^^^^^^^^^^^^^^^^^
  File "/Users/nripeshpradhan/Documents/Github/i-test-season/.venv/lib/python3.11/site-packages/httpx/_client.py", line 942, in _send_handling_auth
    response = self._send_handling_redirects(
               ^^^^^^^^^^^^^^^^^^^^^^^^^^^^^^
  File "/Users/nripeshpradhan/Documents/Github/i-test-season/.venv/lib/python3.11/site-packages/httpx/_client.py", line 979, in _send_handling_redirects
    response = self._send_single_request(request)
               ^^^^^^^^^^^^^^^^^^^^^^^^^^^^^^^^^^
  File "/Users/nripeshpradhan/Documents/Github/i-test-season/.venv/lib/python3.11/site-packages/httpx/_client.py", line 1014, in _send_single_request
    response = transport.handle_request(request)
               ^^^^^^^^^^^^^^^^^^^^^^^^^^^^^^^^^
  File "/Users/nripeshpradhan/Documents/Github/i-test-season/.venv/lib/python3.11/site-packages/httpx/_transports/default.py", line 249, in handle_request
    with map_httpcore_exceptions():
  File "/Users/nripeshpradhan/.local/share/uv/python/cpython-3.11.15-macos-aarch64-none/lib/python3.11/contextlib.py", line 158, in __exit__
    self.gen.throw(typ, value, traceback)
  File "/Users/nripeshpradhan/Documents/Github/i-test-season/.venv/lib/python3.11/site-packages/httpx/_transports/default.py", line 118, in map_httpcore_exceptions
    raise mapped_exc(message) from exc
httpx.ReadTimeout: The read operation timed out
2026-08-21 13:16:19,057 ERROR poll cycle failed; backing off
Traceback (most recent call last):
  File "/Users/nripeshpradhan/Documents/Github/i-test-season/.venv/lib/python3.11/site-packages/httpx/_transports/default.py", line 101, in map_httpcore_exceptions
    yield
  File "/Users/nripeshpradhan/Documents/Github/i-test-season/.venv/lib/python3.11/site-packages/httpx/_transports/default.py", line 250, in handle_request
    resp = self._pool.handle_request(req)
           ^^^^^^^^^^^^^^^^^^^^^^^^^^^^^^
  File "/Users/nripeshpradhan/Documents/Github/i-test-season/.venv/lib/python3.11/site-packages/httpcore/_sync/connection_pool.py", line 256, in handle_request
    raise exc from None
  File "/Users/nripeshpradhan/Documents/Github/i-test-season/.venv/lib/python3.11/site-packages/httpcore/_sync/connection_pool.py", line 236, in handle_request
    response = connection.handle_request(
               ^^^^^^^^^^^^^^^^^^^^^^^^^^
  File "/Users/nripeshpradhan/Documents/Github/i-test-season/.venv/lib/python3.11/site-packages/httpcore/_sync/connection.py", line 103, in handle_request
    return self._connection.handle_request(request)
           ^^^^^^^^^^^^^^^^^^^^^^^^^^^^^^^^^^^^^^^^
  File "/Users/nripeshpradhan/Documents/Github/i-test-season/.venv/lib/python3.11/site-packages/httpcore/_sync/http11.py", line 136, in handle_request
    raise exc
  File "/Users/nripeshpradhan/Documents/Github/i-test-season/.venv/lib/python3.11/site-packages/httpcore/_sync/http11.py", line 106, in handle_request
    ) = self._receive_response_headers(**kwargs)
        ^^^^^^^^^^^^^^^^^^^^^^^^^^^^^^^^^^^^^^^^
  File "/Users/nripeshpradhan/Documents/Github/i-test-season/.venv/lib/python3.11/site-packages/httpcore/_sync/http11.py", line 177, in _receive_response_headers
    event = self._receive_event(timeout=timeout)
            ^^^^^^^^^^^^^^^^^^^^^^^^^^^^^^^^^^^^
  File "/Users/nripeshpradhan/Documents/Github/i-test-season/.venv/lib/python3.11/site-packages/httpcore/_sync/http11.py", line 217, in _receive_event
    data = self._network_stream.read(
           ^^^^^^^^^^^^^^^^^^^^^^^^^^
  File "/Users/nripeshpradhan/Documents/Github/i-test-season/.venv/lib/python3.11/site-packages/httpcore/_backends/sync.py", line 126, in read
    with map_exceptions(exc_map):
  File "/Users/nripeshpradhan/.local/share/uv/python/cpython-3.11.15-macos-aarch64-none/lib/python3.11/contextlib.py", line 158, in __exit__
    self.gen.throw(typ, value, traceback)
  File "/Users/nripeshpradhan/Documents/Github/i-test-season/.venv/lib/python3.11/site-packages/httpcore/_exceptions.py", line 14, in map_exceptions
    raise to_exc(exc) from exc
httpcore.ReadTimeout: The read operation timed out

The above exception was the direct cause of the following exception:

Traceback (most recent call last):
  File "/Users/nripeshpradhan/Documents/Github/i-test-season/fpl_edge/interfaces/telegram.py", line 503, in run_forever
    self.poll_once(timeout=timeout)
  File "/Users/nripeshpradhan/Documents/Github/i-test-season/fpl_edge/interfaces/telegram.py", line 338, in poll_once
    body = self.transport.call(
           ^^^^^^^^^^^^^^^^^^^^
  File "/Users/nripeshpradhan/Documents/Github/i-test-season/fpl_edge/interfaces/telegram.py", line 102, in call
    resp = self._client.post(f"/{method}", json=payload, timeout=timeout)
           ^^^^^^^^^^^^^^^^^^^^^^^^^^^^^^^^^^^^^^^^^^^^^^^^^^^^^^^^^^^^^^
  File "/Users/nripeshpradhan/Documents/Github/i-test-season/.venv/lib/python3.11/site-packages/httpx/_client.py", line 1144, in post
    return self.request(
           ^^^^^^^^^^^^^
  File "/Users/nripeshpradhan/Documents/Github/i-test-season/.venv/lib/python3.11/site-packages/httpx/_client.py", line 825, in request
    return self.send(request, auth=auth, follow_redirects=follow_redirects)
           ^^^^^^^^^^^^^^^^^^^^^^^^^^^^^^^^^^^^^^^^^^^^^^^^^^^^^^^^^^^^^^^^
  File "/Users/nripeshpradhan/Documents/Github/i-test-season/.venv/lib/python3.11/site-packages/httpx/_client.py", line 914, in send
    response = self._send_handling_auth(
               ^^^^^^^^^^^^^^^^^^^^^^^^^
  File "/Users/nripeshpradhan/Documents/Github/i-test-season/.venv/lib/python3.11/site-packages/httpx/_client.py", line 942, in _send_handling_auth
    response = self._send_handling_redirects(
               ^^^^^^^^^^^^^^^^^^^^^^^^^^^^^^
  File "/Users/nripeshpradhan/Documents/Github/i-test-season/.venv/lib/python3.11/site-packages/httpx/_client.py", line 979, in _send_handling_redirects
    response = self._send_single_request(request)
               ^^^^^^^^^^^^^^^^^^^^^^^^^^^^^^^^^^
  File "/Users/nripeshpradhan/Documents/Github/i-test-season/.venv/lib/python3.11/site-packages/httpx/_client.py", line 1014, in _send_single_request
    response = transport.handle_request(request)
               ^^^^^^^^^^^^^^^^^^^^^^^^^^^^^^^^^
  File "/Users/nripeshpradhan/Documents/Github/i-test-season/.venv/lib/python3.11/site-packages/httpx/_transports/default.py", line 249, in handle_request
    with map_httpcore_exceptions():
  File "/Users/nripeshpradhan/.local/share/uv/python/cpython-3.11.15-macos-aarch64-none/lib/python3.11/contextlib.py", line 158, in __exit__
    self.gen.throw(typ, value, traceback)
  File "/Users/nripeshpradhan/Documents/Github/i-test-season/.venv/lib/python3.11/site-packages/httpx/_transports/default.py", line 118, in map_httpcore_exceptions
    raise mapped_exc(message) from exc
httpx.ReadTimeout: The read operation timed out
2026-08-21 13:44:24,281 ERROR poll cycle failed; backing off
Traceback (most recent call last):
  File "/Users/nripeshpradhan/Documents/Github/i-test-season/.venv/lib/python3.11/site-packages/httpx/_transports/default.py", line 101, in map_httpcore_exceptions
    yield
  File "/Users/nripeshpradhan/Documents/Github/i-test-season/.venv/lib/python3.11/site-packages/httpx/_transports/default.py", line 250, in handle_request
    resp = self._pool.handle_request(req)
           ^^^^^^^^^^^^^^^^^^^^^^^^^^^^^^
  File "/Users/nripeshpradhan/Documents/Github/i-test-season/.venv/lib/python3.11/site-packages/httpcore/_sync/connection_pool.py", line 256, in handle_request
    raise exc from None
  File "/Users/nripeshpradhan/Documents/Github/i-test-season/.venv/lib/python3.11/site-packages/httpcore/_sync/connection_pool.py", line 236, in handle_request
    response = connection.handle_request(
               ^^^^^^^^^^^^^^^^^^^^^^^^^^
  File "/Users/nripeshpradhan/Documents/Github/i-test-season/.venv/lib/python3.11/site-packages/httpcore/_sync/connection.py", line 103, in handle_request
    return self._connection.handle_request(request)
           ^^^^^^^^^^^^^^^^^^^^^^^^^^^^^^^^^^^^^^^^
  File "/Users/nripeshpradhan/Documents/Github/i-test-season/.venv/lib/python3.11/site-packages/httpcore/_sync/http11.py", line 136, in handle_request
    raise exc
  File "/Users/nripeshpradhan/Documents/Github/i-test-season/.venv/lib/python3.11/site-packages/httpcore/_sync/http11.py", line 106, in handle_request
    ) = self._receive_response_headers(**kwargs)
        ^^^^^^^^^^^^^^^^^^^^^^^^^^^^^^^^^^^^^^^^
  File "/Users/nripeshpradhan/Documents/Github/i-test-season/.venv/lib/python3.11/site-packages/httpcore/_sync/http11.py", line 177, in _receive_response_headers
    event = self._receive_event(timeout=timeout)
            ^^^^^^^^^^^^^^^^^^^^^^^^^^^^^^^^^^^^
  File "/Users/nripeshpradhan/Documents/Github/i-test-season/.venv/lib/python3.11/site-packages/httpcore/_sync/http11.py", line 217, in _receive_event
    data = self._network_stream.read(
           ^^^^^^^^^^^^^^^^^^^^^^^^^^
  File "/Users/nripeshpradhan/Documents/Github/i-test-season/.venv/lib/python3.11/site-packages/httpcore/_backends/sync.py", line 126, in read
    with map_exceptions(exc_map):
  File "/Users/nripeshpradhan/.local/share/uv/python/cpython-3.11.15-macos-aarch64-none/lib/python3.11/contextlib.py", line 158, in __exit__
    self.gen.throw(typ, value, traceback)
  File "/Users/nripeshpradhan/Documents/Github/i-test-season/.venv/lib/python3.11/site-packages/httpcore/_exceptions.py", line 14, in map_exceptions
    raise to_exc(exc) from exc
httpcore.ReadTimeout: The read operation timed out

The above exception was the direct cause of the following exception:

Traceback (most recent call last):
  File "/Users/nripeshpradhan/Documents/Github/i-test-season/fpl_edge/interfaces/telegram.py", line 503, in run_forever
    self.poll_once(timeout=timeout)
  File "/Users/nripeshpradhan/Documents/Github/i-test-season/fpl_edge/interfaces/telegram.py", line 338, in poll_once
    body = self.transport.call(
           ^^^^^^^^^^^^^^^^^^^^
  File "/Users/nripeshpradhan/Documents/Github/i-test-season/fpl_edge/interfaces/telegram.py", line 102, in call
    resp = self._client.post(f"/{method}", json=payload, timeout=timeout)
           ^^^^^^^^^^^^^^^^^^^^^^^^^^^^^^^^^^^^^^^^^^^^^^^^^^^^^^^^^^^^^^
  File "/Users/nripeshpradhan/Documents/Github/i-test-season/.venv/lib/python3.11/site-packages/httpx/_client.py", line 1144, in post
    return self.request(
           ^^^^^^^^^^^^^
  File "/Users/nripeshpradhan/Documents/Github/i-test-season/.venv/lib/python3.11/site-packages/httpx/_client.py", line 825, in request
    return self.send(request, auth=auth, follow_redirects=follow_redirects)
           ^^^^^^^^^^^^^^^^^^^^^^^^^^^^^^^^^^^^^^^^^^^^^^^^^^^^^^^^^^^^^^^^
  File "/Users/nripeshpradhan/Documents/Github/i-test-season/.venv/lib/python3.11/site-packages/httpx/_client.py", line 914, in send
    response = self._send_handling_auth(
               ^^^^^^^^^^^^^^^^^^^^^^^^^
  File "/Users/nripeshpradhan/Documents/Github/i-test-season/.venv/lib/python3.11/site-packages/httpx/_client.py", line 942, in _send_handling_auth
    response = self._send_handling_redirects(
               ^^^^^^^^^^^^^^^^^^^^^^^^^^^^^^
  File "/Users/nripeshpradhan/Documents/Github/i-test-season/.venv/lib/python3.11/site-packages/httpx/_client.py", line 979, in _send_handling_redirects
    response = self._send_single_request(request)
               ^^^^^^^^^^^^^^^^^^^^^^^^^^^^^^^^^^
  File "/Users/nripeshpradhan/Documents/Github/i-test-season/.venv/lib/python3.11/site-packages/httpx/_client.py", line 1014, in _send_single_request
    response = transport.handle_request(request)
               ^^^^^^^^^^^^^^^^^^^^^^^^^^^^^^^^^
  File "/Users/nripeshpradhan/Documents/Github/i-test-season/.venv/lib/python3.11/site-packages/httpx/_transports/default.py", line 249, in handle_request
    with map_httpcore_exceptions():
  File "/Users/nripeshpradhan/.local/share/uv/python/cpython-3.11.15-macos-aarch64-none/lib/python3.11/contextlib.py", line 158, in __exit__
    self.gen.throw(typ, value, traceback)
  File "/Users/nripeshpradhan/Documents/Github/i-test-season/.venv/lib/python3.11/site-packages/httpx/_transports/default.py", line 118, in map_httpcore_exceptions
    raise mapped_exc(message) from exc
httpx.ReadTimeout: The read operation timed out
2026-08-21 13:54:07,979 ERROR poll cycle failed; backing off
Traceback (most recent call last):
  File "/Users/nripeshpradhan/Documents/Github/i-test-season/.venv/lib/python3.11/site-packages/httpx/_transports/default.py", line 101, in map_httpcore_exceptions
    yield
  File "/Users/nripeshpradhan/Documents/Github/i-test-season/.venv/lib/python3.11/site-packages/httpx/_transports/default.py", line 250, in handle_request
    resp = self._pool.handle_request(req)
           ^^^^^^^^^^^^^^^^^^^^^^^^^^^^^^
  File "/Users/nripeshpradhan/Documents/Github/i-test-season/.venv/lib/python3.11/site-packages/httpcore/_sync/connection_pool.py", line 256, in handle_request
    raise exc from None
  File "/Users/nripeshpradhan/Documents/Github/i-test-season/.venv/lib/python3.11/site-packages/httpcore/_sync/connection_pool.py", line 236, in handle_request
    response = connection.handle_request(
               ^^^^^^^^^^^^^^^^^^^^^^^^^^
  File "/Users/nripeshpradhan/Documents/Github/i-test-season/.venv/lib/python3.11/site-packages/httpcore/_sync/connection.py", line 103, in handle_request
    return self._connection.handle_request(request)
           ^^^^^^^^^^^^^^^^^^^^^^^^^^^^^^^^^^^^^^^^
  File "/Users/nripeshpradhan/Documents/Github/i-test-season/.venv/lib/python3.11/site-packages/httpcore/_sync/http11.py", line 136, in handle_request
    raise exc
  File "/Users/nripeshpradhan/Documents/Github/i-test-season/.venv/lib/python3.11/site-packages/httpcore/_sync/http11.py", line 106, in handle_request
    ) = self._receive_response_headers(**kwargs)
        ^^^^^^^^^^^^^^^^^^^^^^^^^^^^^^^^^^^^^^^^
  File "/Users/nripeshpradhan/Documents/Github/i-test-season/.venv/lib/python3.11/site-packages/httpcore/_sync/http11.py", line 177, in _receive_response_headers
    event = self._receive_event(timeout=timeout)
            ^^^^^^^^^^^^^^^^^^^^^^^^^^^^^^^^^^^^
  File "/Users/nripeshpradhan/Documents/Github/i-test-season/.venv/lib/python3.11/site-packages/httpcore/_sync/http11.py", line 217, in _receive_event
    data = self._network_stream.read(
           ^^^^^^^^^^^^^^^^^^^^^^^^^^
  File "/Users/nripeshpradhan/Documents/Github/i-test-season/.venv/lib/python3.11/site-packages/httpcore/_backends/sync.py", line 126, in read
    with map_exceptions(exc_map):
  File "/Users/nripeshpradhan/.local/share/uv/python/cpython-3.11.15-macos-aarch64-none/lib/python3.11/contextlib.py", line 158, in __exit__
    self.gen.throw(typ, value, traceback)
  File "/Users/nripeshpradhan/Documents/Github/i-test-season/.venv/lib/python3.11/site-packages/httpcore/_exceptions.py", line 14, in map_exceptions
    raise to_exc(exc) from exc
httpcore.ReadTimeout: The read operation timed out

The above exception was the direct cause of the following exception:

Traceback (most recent call last):
  File "/Users/nripeshpradhan/Documents/Github/i-test-season/fpl_edge/interfaces/telegram.py", line 503, in run_forever
    self.poll_once(timeout=timeout)
  File "/Users/nripeshpradhan/Documents/Github/i-test-season/fpl_edge/interfaces/telegram.py", line 338, in poll_once
    body = self.transport.call(
           ^^^^^^^^^^^^^^^^^^^^
  File "/Users/nripeshpradhan/Documents/Github/i-test-season/fpl_edge/interfaces/telegram.py", line 102, in call
    resp = self._client.post(f"/{method}", json=payload, timeout=timeout)
           ^^^^^^^^^^^^^^^^^^^^^^^^^^^^^^^^^^^^^^^^^^^^^^^^^^^^^^^^^^^^^^
  File "/Users/nripeshpradhan/Documents/Github/i-test-season/.venv/lib/python3.11/site-packages/httpx/_client.py", line 1144, in post
    return self.request(
           ^^^^^^^^^^^^^
  File "/Users/nripeshpradhan/Documents/Github/i-test-season/.venv/lib/python3.11/site-packages/httpx/_client.py", line 825, in request
    return self.send(request, auth=auth, follow_redirects=follow_redirects)
           ^^^^^^^^^^^^^^^^^^^^^^^^^^^^^^^^^^^^^^^^^^^^^^^^^^^^^^^^^^^^^^^^
  File "/Users/nripeshpradhan/Documents/Github/i-test-season/.venv/lib/python3.11/site-packages/httpx/_client.py", line 914, in send
    response = self._send_handling_auth(
               ^^^^^^^^^^^^^^^^^^^^^^^^^
  File "/Users/nripeshpradhan/Documents/Github/i-test-season/.venv/lib/python3.11/site-packages/httpx/_client.py", line 942, in _send_handling_auth
    response = self._send_handling_redirects(
               ^^^^^^^^^^^^^^^^^^^^^^^^^^^^^^
  File "/Users/nripeshpradhan/Documents/Github/i-test-season/.venv/lib/python3.11/site-packages/httpx/_client.py", line 979, in _send_handling_redirects
    response = self._send_single_request(request)
               ^^^^^^^^^^^^^^^^^^^^^^^^^^^^^^^^^^
  File "/Users/nripeshpradhan/Documents/Github/i-test-season/.venv/lib/python3.11/site-packages/httpx/_client.py", line 1014, in _send_single_request
    response = transport.handle_request(request)
               ^^^^^^^^^^^^^^^^^^^^^^^^^^^^^^^^^
  File "/Users/nripeshpradhan/Documents/Github/i-test-season/.venv/lib/python3.11/site-packages/httpx/_transports/default.py", line 249, in handle_request
    with map_httpcore_exceptions():
  File "/Users/nripeshpradhan/.local/share/uv/python/cpython-3.11.15-macos-aarch64-none/lib/python3.11/contextlib.py", line 158, in __exit__
    self.gen.throw(typ, value, traceback)
  File "/Users/nripeshpradhan/Documents/Github/i-test-season/.venv/lib/python3.11/site-packages/httpx/_transports/default.py", line 118, in map_httpcore_exceptions
    raise mapped_exc(message) from exc
httpx.ReadTimeout: The read operation timed out
2026-08-21 14:00:16,631 ERROR poll cycle failed; backing off
Traceback (most recent call last):
  File "/Users/nripeshpradhan/Documents/Github/i-test-season/.venv/lib/python3.11/site-packages/httpx/_transports/default.py", line 101, in map_httpcore_exceptions
    yield
  File "/Users/nripeshpradhan/Documents/Github/i-test-season/.venv/lib/python3.11/site-packages/httpx/_transports/default.py", line 250, in handle_request
    resp = self._pool.handle_request(req)
           ^^^^^^^^^^^^^^^^^^^^^^^^^^^^^^
  File "/Users/nripeshpradhan/Documents/Github/i-test-season/.venv/lib/python3.11/site-packages/httpcore/_sync/connection_pool.py", line 256, in handle_request
    raise exc from None
  File "/Users/nripeshpradhan/Documents/Github/i-test-season/.venv/lib/python3.11/site-packages/httpcore/_sync/connection_pool.py", line 236, in handle_request
    response = connection.handle_request(
               ^^^^^^^^^^^^^^^^^^^^^^^^^^
  File "/Users/nripeshpradhan/Documents/Github/i-test-season/.venv/lib/python3.11/site-packages/httpcore/_sync/connection.py", line 103, in handle_request
    return self._connection.handle_request(request)
           ^^^^^^^^^^^^^^^^^^^^^^^^^^^^^^^^^^^^^^^^
  File "/Users/nripeshpradhan/Documents/Github/i-test-season/.venv/lib/python3.11/site-packages/httpcore/_sync/http11.py", line 136, in handle_request
    raise exc
  File "/Users/nripeshpradhan/Documents/Github/i-test-season/.venv/lib/python3.11/site-packages/httpcore/_sync/http11.py", line 106, in handle_request
    ) = self._receive_response_headers(**kwargs)
        ^^^^^^^^^^^^^^^^^^^^^^^^^^^^^^^^^^^^^^^^
  File "/Users/nripeshpradhan/Documents/Github/i-test-season/.venv/lib/python3.11/site-packages/httpcore/_sync/http11.py", line 177, in _receive_response_headers
    event = self._receive_event(timeout=timeout)
            ^^^^^^^^^^^^^^^^^^^^^^^^^^^^^^^^^^^^
  File "/Users/nripeshpradhan/Documents/Github/i-test-season/.venv/lib/python3.11/site-packages/httpcore/_sync/http11.py", line 217, in _receive_event
    data = self._network_stream.read(
           ^^^^^^^^^^^^^^^^^^^^^^^^^^
  File "/Users/nripeshpradhan/Documents/Github/i-test-season/.venv/lib/python3.11/site-packages/httpcore/_backends/sync.py", line 126, in read
    with map_exceptions(exc_map):
  File "/Users/nripeshpradhan/.local/share/uv/python/cpython-3.11.15-macos-aarch64-none/lib/python3.11/contextlib.py", line 158, in __exit__
    self.gen.throw(typ, value, traceback)
  File "/Users/nripeshpradhan/Documents/Github/i-test-season/.venv/lib/python3.11/site-packages/httpcore/_exceptions.py", line 14, in map_exceptions
    raise to_exc(exc) from exc
httpcore.ReadTimeout: The read operation timed out

The above exception was the direct cause of the following exception:

Traceback (most recent call last):
  File "/Users/nripeshpradhan/Documents/Github/i-test-season/fpl_edge/interfaces/telegram.py", line 503, in run_forever
    self.poll_once(timeout=timeout)
  File "/Users/nripeshpradhan/Documents/Github/i-test-season/fpl_edge/interfaces/telegram.py", line 338, in poll_once
    body = self.transport.call(
           ^^^^^^^^^^^^^^^^^^^^
  File "/Users/nripeshpradhan/Documents/Github/i-test-season/fpl_edge/interfaces/telegram.py", line 102, in call
    resp = self._client.post(f"/{method}", json=payload, timeout=timeout)
           ^^^^^^^^^^^^^^^^^^^^^^^^^^^^^^^^^^^^^^^^^^^^^^^^^^^^^^^^^^^^^^
  File "/Users/nripeshpradhan/Documents/Github/i-test-season/.venv/lib/python3.11/site-packages/httpx/_client.py", line 1144, in post
    return self.request(
           ^^^^^^^^^^^^^
  File "/Users/nripeshpradhan/Documents/Github/i-test-season/.venv/lib/python3.11/site-packages/httpx/_client.py", line 825, in request
    return self.send(request, auth=auth, follow_redirects=follow_redirects)
           ^^^^^^^^^^^^^^^^^^^^^^^^^^^^^^^^^^^^^^^^^^^^^^^^^^^^^^^^^^^^^^^^
  File "/Users/nripeshpradhan/Documents/Github/i-test-season/.venv/lib/python3.11/site-packages/httpx/_client.py", line 914, in send
    response = self._send_handling_auth(
               ^^^^^^^^^^^^^^^^^^^^^^^^^
  File "/Users/nripeshpradhan/Documents/Github/i-test-season/.venv/lib/python3.11/site-packages/httpx/_client.py", line 942, in _send_handling_auth
    response = self._send_handling_redirects(
               ^^^^^^^^^^^^^^^^^^^^^^^^^^^^^^
  File "/Users/nripeshpradhan/Documents/Github/i-test-season/.venv/lib/python3.11/site-packages/httpx/_client.py", line 979, in _send_handling_redirects
    response = self._send_single_request(request)
               ^^^^^^^^^^^^^^^^^^^^^^^^^^^^^^^^^^
  File "/Users/nripeshpradhan/Documents/Github/i-test-season/.venv/lib/python3.11/site-packages/httpx/_client.py", line 1014, in _send_single_request
    response = transport.handle_request(request)
               ^^^^^^^^^^^^^^^^^^^^^^^^^^^^^^^^^
  File "/Users/nripeshpradhan/Documents/Github/i-test-season/.venv/lib/python3.11/site-packages/httpx/_transports/default.py", line 249, in handle_request
    with map_httpcore_exceptions():
  File "/Users/nripeshpradhan/.local/share/uv/python/cpython-3.11.15-macos-aarch64-none/lib/python3.11/contextlib.py", line 158, in __exit__
    self.gen.throw(typ, value, traceback)
  File "/Users/nripeshpradhan/Documents/Github/i-test-season/.venv/lib/python3.11/site-packages/httpx/_transports/default.py", line 118, in map_httpcore_exceptions
    raise mapped_exc(message) from exc
httpx.ReadTimeout: The read operation timed out
2026-08-21 14:32:16,425 ERROR poll cycle failed; backing off
Traceback (most recent call last):
  File "/Users/nripeshpradhan/Documents/Github/i-test-season/.venv/lib/python3.11/site-packages/httpx/_transports/default.py", line 101, in map_httpcore_exceptions
    yield
  File "/Users/nripeshpradhan/Documents/Github/i-test-season/.venv/lib/python3.11/site-packages/httpx/_transports/default.py", line 250, in handle_request
    resp = self._pool.handle_request(req)
           ^^^^^^^^^^^^^^^^^^^^^^^^^^^^^^
  File "/Users/nripeshpradhan/Documents/Github/i-test-season/.venv/lib/python3.11/site-packages/httpcore/_sync/connection_pool.py", line 256, in handle_request
    raise exc from None
  File "/Users/nripeshpradhan/Documents/Github/i-test-season/.venv/lib/python3.11/site-packages/httpcore/_sync/connection_pool.py", line 236, in handle_request
    response = connection.handle_request(
               ^^^^^^^^^^^^^^^^^^^^^^^^^^
  File "/Users/nripeshpradhan/Documents/Github/i-test-season/.venv/lib/python3.11/site-packages/httpcore/_sync/connection.py", line 103, in handle_request
    return self._connection.handle_request(request)
           ^^^^^^^^^^^^^^^^^^^^^^^^^^^^^^^^^^^^^^^^
  File "/Users/nripeshpradhan/Documents/Github/i-test-season/.venv/lib/python3.11/site-packages/httpcore/_sync/http11.py", line 136, in handle_request
    raise exc
  File "/Users/nripeshpradhan/Documents/Github/i-test-season/.venv/lib/python3.11/site-packages/httpcore/_sync/http11.py", line 106, in handle_request
    ) = self._receive_response_headers(**kwargs)
        ^^^^^^^^^^^^^^^^^^^^^^^^^^^^^^^^^^^^^^^^
  File "/Users/nripeshpradhan/Documents/Github/i-test-season/.venv/lib/python3.11/site-packages/httpcore/_sync/http11.py", line 177, in _receive_response_headers
    event = self._receive_event(timeout=timeout)
            ^^^^^^^^^^^^^^^^^^^^^^^^^^^^^^^^^^^^
  File "/Users/nripeshpradhan/Documents/Github/i-test-season/.venv/lib/python3.11/site-packages/httpcore/_sync/http11.py", line 217, in _receive_event
    data = self._network_stream.read(
           ^^^^^^^^^^^^^^^^^^^^^^^^^^
  File "/Users/nripeshpradhan/Documents/Github/i-test-season/.venv/lib/python3.11/site-packages/httpcore/_backends/sync.py", line 126, in read
    with map_exceptions(exc_map):
  File "/Users/nripeshpradhan/.local/share/uv/python/cpython-3.11.15-macos-aarch64-none/lib/python3.11/contextlib.py", line 158, in __exit__
    self.gen.throw(typ, value, traceback)
  File "/Users/nripeshpradhan/Documents/Github/i-test-season/.venv/lib/python3.11/site-packages/httpcore/_exceptions.py", line 14, in map_exceptions
    raise to_exc(exc) from exc
httpcore.ReadTimeout: The read operation timed out

The above exception was the direct cause of the following exception:

Traceback (most recent call last):
  File "/Users/nripeshpradhan/Documents/Github/i-test-season/fpl_edge/interfaces/telegram.py", line 503, in run_forever
    self.poll_once(timeout=timeout)
  File "/Users/nripeshpradhan/Documents/Github/i-test-season/fpl_edge/interfaces/telegram.py", line 338, in poll_once
    body = self.transport.call(
           ^^^^^^^^^^^^^^^^^^^^
  File "/Users/nripeshpradhan/Documents/Github/i-test-season/fpl_edge/interfaces/telegram.py", line 102, in call
    resp = self._client.post(f"/{method}", json=payload, timeout=timeout)
           ^^^^^^^^^^^^^^^^^^^^^^^^^^^^^^^^^^^^^^^^^^^^^^^^^^^^^^^^^^^^^^
  File "/Users/nripeshpradhan/Documents/Github/i-test-season/.venv/lib/python3.11/site-packages/httpx/_client.py", line 1144, in post
    return self.request(
           ^^^^^^^^^^^^^
  File "/Users/nripeshpradhan/Documents/Github/i-test-season/.venv/lib/python3.11/site-packages/httpx/_client.py", line 825, in request
    return self.send(request, auth=auth, follow_redirects=follow_redirects)
           ^^^^^^^^^^^^^^^^^^^^^^^^^^^^^^^^^^^^^^^^^^^^^^^^^^^^^^^^^^^^^^^^
  File "/Users/nripeshpradhan/Documents/Github/i-test-season/.venv/lib/python3.11/site-packages/httpx/_client.py", line 914, in send
    response = self._send_handling_auth(
               ^^^^^^^^^^^^^^^^^^^^^^^^^
  File "/Users/nripeshpradhan/Documents/Github/i-test-season/.venv/lib/python3.11/site-packages/httpx/_client.py", line 942, in _send_handling_auth
    response = self._send_handling_redirects(
               ^^^^^^^^^^^^^^^^^^^^^^^^^^^^^^
  File "/Users/nripeshpradhan/Documents/Github/i-test-season/.venv/lib/python3.11/site-packages/httpx/_client.py", line 979, in _send_handling_redirects
    response = self._send_single_request(request)
               ^^^^^^^^^^^^^^^^^^^^^^^^^^^^^^^^^^
  File "/Users/nripeshpradhan/Documents/Github/i-test-season/.venv/lib/python3.11/site-packages/httpx/_client.py", line 1014, in _send_single_request
    response = transport.handle_request(request)
               ^^^^^^^^^^^^^^^^^^^^^^^^^^^^^^^^^
  File "/Users/nripeshpradhan/Documents/Github/i-test-season/.venv/lib/python3.11/site-packages/httpx/_transports/default.py", line 249, in handle_request
    with map_httpcore_exceptions():
  File "/Users/nripeshpradhan/.local/share/uv/python/cpython-3.11.15-macos-aarch64-none/lib/python3.11/contextlib.py", line 158, in __exit__
    self.gen.throw(typ, value, traceback)
  File "/Users/nripeshpradhan/Documents/Github/i-test-season/.venv/lib/python3.11/site-packages/httpx/_transports/default.py", line 118, in map_httpcore_exceptions
    raise mapped_exc(message) from exc
httpx.ReadTimeout: The read operation timed out
2026-08-21 14:58:25,631 ERROR poll cycle failed; backing off
Traceback (most recent call last):
  File "/Users/nripeshpradhan/Documents/Github/i-test-season/.venv/lib/python3.11/site-packages/httpx/_transports/default.py", line 101, in map_httpcore_exceptions
    yield
  File "/Users/nripeshpradhan/Documents/Github/i-test-season/.venv/lib/python3.11/site-packages/httpx/_transports/default.py", line 250, in handle_request
    resp = self._pool.handle_request(req)
           ^^^^^^^^^^^^^^^^^^^^^^^^^^^^^^
  File "/Users/nripeshpradhan/Documents/Github/i-test-season/.venv/lib/python3.11/site-packages/httpcore/_sync/connection_pool.py", line 256, in handle_request
    raise exc from None
  File "/Users/nripeshpradhan/Documents/Github/i-test-season/.venv/lib/python3.11/site-packages/httpcore/_sync/connection_pool.py", line 236, in handle_request
    response = connection.handle_request(
               ^^^^^^^^^^^^^^^^^^^^^^^^^^
  File "/Users/nripeshpradhan/Documents/Github/i-test-season/.venv/lib/python3.11/site-packages/httpcore/_sync/connection.py", line 103, in handle_request
    return self._connection.handle_request(request)
           ^^^^^^^^^^^^^^^^^^^^^^^^^^^^^^^^^^^^^^^^
  File "/Users/nripeshpradhan/Documents/Github/i-test-season/.venv/lib/python3.11/site-packages/httpcore/_sync/http11.py", line 136, in handle_request
    raise exc
  File "/Users/nripeshpradhan/Documents/Github/i-test-season/.venv/lib/python3.11/site-packages/httpcore/_sync/http11.py", line 106, in handle_request
    ) = self._receive_response_headers(**kwargs)
        ^^^^^^^^^^^^^^^^^^^^^^^^^^^^^^^^^^^^^^^^
  File "/Users/nripeshpradhan/Documents/Github/i-test-season/.venv/lib/python3.11/site-packages/httpcore/_sync/http11.py", line 177, in _receive_response_headers
    event = self._receive_event(timeout=timeout)
            ^^^^^^^^^^^^^^^^^^^^^^^^^^^^^^^^^^^^
  File "/Users/nripeshpradhan/Documents/Github/i-test-season/.venv/lib/python3.11/site-packages/httpcore/_sync/http11.py", line 217, in _receive_event
    data = self._network_stream.read(
           ^^^^^^^^^^^^^^^^^^^^^^^^^^
  File "/Users/nripeshpradhan/Documents/Github/i-test-season/.venv/lib/python3.11/site-packages/httpcore/_backends/sync.py", line 126, in read
    with map_exceptions(exc_map):
  File "/Users/nripeshpradhan/.local/share/uv/python/cpython-3.11.15-macos-aarch64-none/lib/python3.11/contextlib.py", line 158, in __exit__
    self.gen.throw(typ, value, traceback)
  File "/Users/nripeshpradhan/Documents/Github/i-test-season/.venv/lib/python3.11/site-packages/httpcore/_exceptions.py", line 14, in map_exceptions
    raise to_exc(exc) from exc
httpcore.ReadTimeout: The read operation timed out

The above exception was the direct cause of the following exception:

Traceback (most recent call last):
  File "/Users/nripeshpradhan/Documents/Github/i-test-season/fpl_edge/interfaces/telegram.py", line 503, in run_forever
    self.poll_once(timeout=timeout)
  File "/Users/nripeshpradhan/Documents/Github/i-test-season/fpl_edge/interfaces/telegram.py", line 338, in poll_once
    body = self.transport.call(
           ^^^^^^^^^^^^^^^^^^^^
  File "/Users/nripeshpradhan/Documents/Github/i-test-season/fpl_edge/interfaces/telegram.py", line 102, in call
    resp = self._client.post(f"/{method}", json=payload, timeout=timeout)
           ^^^^^^^^^^^^^^^^^^^^^^^^^^^^^^^^^^^^^^^^^^^^^^^^^^^^^^^^^^^^^^
  File "/Users/nripeshpradhan/Documents/Github/i-test-season/.venv/lib/python3.11/site-packages/httpx/_client.py", line 1144, in post
    return self.request(
           ^^^^^^^^^^^^^
  File "/Users/nripeshpradhan/Documents/Github/i-test-season/.venv/lib/python3.11/site-packages/httpx/_client.py", line 825, in request
    return self.send(request, auth=auth, follow_redirects=follow_redirects)
           ^^^^^^^^^^^^^^^^^^^^^^^^^^^^^^^^^^^^^^^^^^^^^^^^^^^^^^^^^^^^^^^^
  File "/Users/nripeshpradhan/Documents/Github/i-test-season/.venv/lib/python3.11/site-packages/httpx/_client.py", line 914, in send
    response = self._send_handling_auth(
               ^^^^^^^^^^^^^^^^^^^^^^^^^
  File "/Users/nripeshpradhan/Documents/Github/i-test-season/.venv/lib/python3.11/site-packages/httpx/_client.py", line 942, in _send_handling_auth
    response = self._send_handling_redirects(
               ^^^^^^^^^^^^^^^^^^^^^^^^^^^^^^
  File "/Users/nripeshpradhan/Documents/Github/i-test-season/.venv/lib/python3.11/site-packages/httpx/_client.py", line 979, in _send_handling_redirects
    response = self._send_single_request(request)
               ^^^^^^^^^^^^^^^^^^^^^^^^^^^^^^^^^^
  File "/Users/nripeshpradhan/Documents/Github/i-test-season/.venv/lib/python3.11/site-packages/httpx/_client.py", line 1014, in _send_single_request
    response = transport.handle_request(request)
               ^^^^^^^^^^^^^^^^^^^^^^^^^^^^^^^^^
  File "/Users/nripeshpradhan/Documents/Github/i-test-season/.venv/lib/python3.11/site-packages/httpx/_transports/default.py", line 249, in handle_request
    with map_httpcore_exceptions():
  File "/Users/nripeshpradhan/.local/share/uv/python/cpython-3.11.15-macos-aarch64-none/lib/python3.11/contextlib.py", line 158, in __exit__
    self.gen.throw(typ, value, traceback)
  File "/Users/nripeshpradhan/Documents/Github/i-test-season/.venv/lib/python3.11/site-packages/httpx/_transports/default.py", line 118, in map_httpcore_exceptions
    raise mapped_exc(message) from exc
httpx.ReadTimeout: The read operation timed out
2026-08-21 15:32:21,809 ERROR poll cycle failed; backing off
Traceback (most recent call last):
  File "/Users/nripeshpradhan/Documents/Github/i-test-season/.venv/lib/python3.11/site-packages/httpx/_transports/default.py", line 101, in map_httpcore_exceptions
    yield
  File "/Users/nripeshpradhan/Documents/Github/i-test-season/.venv/lib/python3.11/site-packages/httpx/_transports/default.py", line 250, in handle_request
    resp = self._pool.handle_request(req)
           ^^^^^^^^^^^^^^^^^^^^^^^^^^^^^^
  File "/Users/nripeshpradhan/Documents/Github/i-test-season/.venv/lib/python3.11/site-packages/httpcore/_sync/connection_pool.py", line 256, in handle_request
    raise exc from None
  File "/Users/nripeshpradhan/Documents/Github/i-test-season/.venv/lib/python3.11/site-packages/httpcore/_sync/connection_pool.py", line 236, in handle_request
    response = connection.handle_request(
               ^^^^^^^^^^^^^^^^^^^^^^^^^^
  File "/Users/nripeshpradhan/Documents/Github/i-test-season/.venv/lib/python3.11/site-packages/httpcore/_sync/connection.py", line 103, in handle_request
    return self._connection.handle_request(request)
           ^^^^^^^^^^^^^^^^^^^^^^^^^^^^^^^^^^^^^^^^
  File "/Users/nripeshpradhan/Documents/Github/i-test-season/.venv/lib/python3.11/site-packages/httpcore/_sync/http11.py", line 136, in handle_request
    raise exc
  File "/Users/nripeshpradhan/Documents/Github/i-test-season/.venv/lib/python3.11/site-packages/httpcore/_sync/http11.py", line 106, in handle_request
    ) = self._receive_response_headers(**kwargs)
        ^^^^^^^^^^^^^^^^^^^^^^^^^^^^^^^^^^^^^^^^
  File "/Users/nripeshpradhan/Documents/Github/i-test-season/.venv/lib/python3.11/site-packages/httpcore/_sync/http11.py", line 177, in _receive_response_headers
    event = self._receive_event(timeout=timeout)
            ^^^^^^^^^^^^^^^^^^^^^^^^^^^^^^^^^^^^
  File "/Users/nripeshpradhan/Documents/Github/i-test-season/.venv/lib/python3.11/site-packages/httpcore/_sync/http11.py", line 231, in _receive_event
    raise RemoteProtocolError(msg)
httpcore.RemoteProtocolError: Server disconnected without sending a response.

The above exception was the direct cause of the following exception:

Traceback (most recent call last):
  File "/Users/nripeshpradhan/Documents/Github/i-test-season/fpl_edge/interfaces/telegram.py", line 503, in run_forever
    self.poll_once(timeout=timeout)
  File "/Users/nripeshpradhan/Documents/Github/i-test-season/fpl_edge/interfaces/telegram.py", line 338, in poll_once
    body = self.transport.call(
           ^^^^^^^^^^^^^^^^^^^^
  File "/Users/nripeshpradhan/Documents/Github/i-test-season/fpl_edge/interfaces/telegram.py", line 102, in call
    resp = self._client.post(f"/{method}", json=payload, timeout=timeout)
           ^^^^^^^^^^^^^^^^^^^^^^^^^^^^^^^^^^^^^^^^^^^^^^^^^^^^^^^^^^^^^^
  File "/Users/nripeshpradhan/Documents/Github/i-test-season/.venv/lib/python3.11/site-packages/httpx/_client.py", line 1144, in post
    return self.request(
           ^^^^^^^^^^^^^
  File "/Users/nripeshpradhan/Documents/Github/i-test-season/.venv/lib/python3.11/site-packages/httpx/_client.py", line 825, in request
    return self.send(request, auth=auth, follow_redirects=follow_redirects)
           ^^^^^^^^^^^^^^^^^^^^^^^^^^^^^^^^^^^^^^^^^^^^^^^^^^^^^^^^^^^^^^^^
  File "/Users/nripeshpradhan/Documents/Github/i-test-season/.venv/lib/python3.11/site-packages/httpx/_client.py", line 914, in send
    response = self._send_handling_auth(
               ^^^^^^^^^^^^^^^^^^^^^^^^^
  File "/Users/nripeshpradhan/Documents/Github/i-test-season/.venv/lib/python3.11/site-packages/httpx/_client.py", line 942, in _send_handling_auth
    response = self._send_handling_redirects(
               ^^^^^^^^^^^^^^^^^^^^^^^^^^^^^^
  File "/Users/nripeshpradhan/Documents/Github/i-test-season/.venv/lib/python3.11/site-packages/httpx/_client.py", line 979, in _send_handling_redirects
    response = self._send_single_request(request)
               ^^^^^^^^^^^^^^^^^^^^^^^^^^^^^^^^^^
  File "/Users/nripeshpradhan/Documents/Github/i-test-season/.venv/lib/python3.11/site-packages/httpx/_client.py", line 1014, in _send_single_request
    response = transport.handle_request(request)
               ^^^^^^^^^^^^^^^^^^^^^^^^^^^^^^^^^
  File "/Users/nripeshpradhan/Documents/Github/i-test-season/.venv/lib/python3.11/site-packages/httpx/_transports/default.py", line 249, in handle_request
    with map_httpcore_exceptions():
  File "/Users/nripeshpradhan/.local/share/uv/python/cpython-3.11.15-macos-aarch64-none/lib/python3.11/contextlib.py", line 158, in __exit__
    self.gen.throw(typ, value, traceback)
  File "/Users/nripeshpradhan/Documents/Github/i-test-season/.venv/lib/python3.11/site-packages/httpx/_transports/default.py", line 118, in map_httpcore_exceptions
    raise mapped_exc(message) from exc
httpx.RemoteProtocolError: Server disconnected without sending a response.
2026-08-21 15:44:31,147 ERROR poll cycle failed; backing off
Traceback (most recent call last):
  File "/Users/nripeshpradhan/Documents/Github/i-test-season/.venv/lib/python3.11/site-packages/httpx/_transports/default.py", line 101, in map_httpcore_exceptions
    yield
  File "/Users/nripeshpradhan/Documents/Github/i-test-season/.venv/lib/python3.11/site-packages/httpx/_transports/default.py", line 250, in handle_request
    resp = self._pool.handle_request(req)
           ^^^^^^^^^^^^^^^^^^^^^^^^^^^^^^
  File "/Users/nripeshpradhan/Documents/Github/i-test-season/.venv/lib/python3.11/site-packages/httpcore/_sync/connection_pool.py", line 256, in handle_request
    raise exc from None
  File "/Users/nripeshpradhan/Documents/Github/i-test-season/.venv/lib/python3.11/site-packages/httpcore/_sync/connection_pool.py", line 236, in handle_request
    response = connection.handle_request(
               ^^^^^^^^^^^^^^^^^^^^^^^^^^
  File "/Users/nripeshpradhan/Documents/Github/i-test-season/.venv/lib/python3.11/site-packages/httpcore/_sync/connection.py", line 103, in handle_request
    return self._connection.handle_request(request)
           ^^^^^^^^^^^^^^^^^^^^^^^^^^^^^^^^^^^^^^^^
  File "/Users/nripeshpradhan/Documents/Github/i-test-season/.venv/lib/python3.11/site-packages/httpcore/_sync/http11.py", line 136, in handle_request
    raise exc
  File "/Users/nripeshpradhan/Documents/Github/i-test-season/.venv/lib/python3.11/site-packages/httpcore/_sync/http11.py", line 106, in handle_request
    ) = self._receive_response_headers(**kwargs)
        ^^^^^^^^^^^^^^^^^^^^^^^^^^^^^^^^^^^^^^^^
  File "/Users/nripeshpradhan/Documents/Github/i-test-season/.venv/lib/python3.11/site-packages/httpcore/_sync/http11.py", line 177, in _receive_response_headers
    event = self._receive_event(timeout=timeout)
            ^^^^^^^^^^^^^^^^^^^^^^^^^^^^^^^^^^^^
  File "/Users/nripeshpradhan/Documents/Github/i-test-season/.venv/lib/python3.11/site-packages/httpcore/_sync/http11.py", line 217, in _receive_event
    data = self._network_stream.read(
           ^^^^^^^^^^^^^^^^^^^^^^^^^^
  File "/Users/nripeshpradhan/Documents/Github/i-test-season/.venv/lib/python3.11/site-packages/httpcore/_backends/sync.py", line 126, in read
    with map_exceptions(exc_map):
  File "/Users/nripeshpradhan/.local/share/uv/python/cpython-3.11.15-macos-aarch64-none/lib/python3.11/contextlib.py", line 158, in __exit__
    self.gen.throw(typ, value, traceback)
  File "/Users/nripeshpradhan/Documents/Github/i-test-season/.venv/lib/python3.11/site-packages/httpcore/_exceptions.py", line 14, in map_exceptions
    raise to_exc(exc) from exc
httpcore.ReadTimeout: The read operation timed out

The above exception was the direct cause of the following exception:

Traceback (most recent call last):
  File "/Users/nripeshpradhan/Documents/Github/i-test-season/fpl_edge/interfaces/telegram.py", line 503, in run_forever
    self.poll_once(timeout=timeout)
  File "/Users/nripeshpradhan/Documents/Github/i-test-season/fpl_edge/interfaces/telegram.py", line 338, in poll_once
    body = self.transport.call(
           ^^^^^^^^^^^^^^^^^^^^
  File "/Users/nripeshpradhan/Documents/Github/i-test-season/fpl_edge/interfaces/telegram.py", line 102, in call
    resp = self._client.post(f"/{method}", json=payload, timeout=timeout)
           ^^^^^^^^^^^^^^^^^^^^^^^^^^^^^^^^^^^^^^^^^^^^^^^^^^^^^^^^^^^^^^
  File "/Users/nripeshpradhan/Documents/Github/i-test-season/.venv/lib/python3.11/site-packages/httpx/_client.py", line 1144, in post
    return self.request(
           ^^^^^^^^^^^^^
  File "/Users/nripeshpradhan/Documents/Github/i-test-season/.venv/lib/python3.11/site-packages/httpx/_client.py", line 825, in request
    return self.send(request, auth=auth, follow_redirects=follow_redirects)
           ^^^^^^^^^^^^^^^^^^^^^^^^^^^^^^^^^^^^^^^^^^^^^^^^^^^^^^^^^^^^^^^^
  File "/Users/nripeshpradhan/Documents/Github/i-test-season/.venv/lib/python3.11/site-packages/httpx/_client.py", line 914, in send
    response = self._send_handling_auth(
               ^^^^^^^^^^^^^^^^^^^^^^^^^
  File "/Users/nripeshpradhan/Documents/Github/i-test-season/.venv/lib/python3.11/site-packages/httpx/_client.py", line 942, in _send_handling_auth
    response = self._send_handling_redirects(
               ^^^^^^^^^^^^^^^^^^^^^^^^^^^^^^
  File "/Users/nripeshpradhan/Documents/Github/i-test-season/.venv/lib/python3.11/site-packages/httpx/_client.py", line 979, in _send_handling_redirects
    response = self._send_single_request(request)
               ^^^^^^^^^^^^^^^^^^^^^^^^^^^^^^^^^^
  File "/Users/nripeshpradhan/Documents/Github/i-test-season/.venv/lib/python3.11/site-packages/httpx/_client.py", line 1014, in _send_single_request
    response = transport.handle_request(request)
               ^^^^^^^^^^^^^^^^^^^^^^^^^^^^^^^^^
  File "/Users/nripeshpradhan/Documents/Github/i-test-season/.venv/lib/python3.11/site-packages/httpx/_transports/default.py", line 249, in handle_request
    with map_httpcore_exceptions():
  File "/Users/nripeshpradhan/.local/share/uv/python/cpython-3.11.15-macos-aarch64-none/lib/python3.11/contextlib.py", line 158, in __exit__
    self.gen.throw(typ, value, traceback)
  File "/Users/nripeshpradhan/Documents/Github/i-test-season/.venv/lib/python3.11/site-packages/httpx/_transports/default.py", line 118, in map_httpcore_exceptions
    raise mapped_exc(message) from exc
httpx.ReadTimeout: The read operation timed out
2026-08-21 15:46:20,987 ERROR poll cycle failed; backing off
Traceback (most recent call last):
  File "/Users/nripeshpradhan/Documents/Github/i-test-season/.venv/lib/python3.11/site-packages/httpx/_transports/default.py", line 101, in map_httpcore_exceptions
    yield
  File "/Users/nripeshpradhan/Documents/Github/i-test-season/.venv/lib/python3.11/site-packages/httpx/_transports/default.py", line 250, in handle_request
    resp = self._pool.handle_request(req)
           ^^^^^^^^^^^^^^^^^^^^^^^^^^^^^^
  File "/Users/nripeshpradhan/Documents/Github/i-test-season/.venv/lib/python3.11/site-packages/httpcore/_sync/connection_pool.py", line 256, in handle_request
    raise exc from None
  File "/Users/nripeshpradhan/Documents/Github/i-test-season/.venv/lib/python3.11/site-packages/httpcore/_sync/connection_pool.py", line 236, in handle_request
    response = connection.handle_request(
               ^^^^^^^^^^^^^^^^^^^^^^^^^^
  File "/Users/nripeshpradhan/Documents/Github/i-test-season/.venv/lib/python3.11/site-packages/httpcore/_sync/connection.py", line 103, in handle_request
    return self._connection.handle_request(request)
           ^^^^^^^^^^^^^^^^^^^^^^^^^^^^^^^^^^^^^^^^
  File "/Users/nripeshpradhan/Documents/Github/i-test-season/.venv/lib/python3.11/site-packages/httpcore/_sync/http11.py", line 136, in handle_request
    raise exc
  File "/Users/nripeshpradhan/Documents/Github/i-test-season/.venv/lib/python3.11/site-packages/httpcore/_sync/http11.py", line 106, in handle_request
    ) = self._receive_response_headers(**kwargs)
        ^^^^^^^^^^^^^^^^^^^^^^^^^^^^^^^^^^^^^^^^
  File "/Users/nripeshpradhan/Documents/Github/i-test-season/.venv/lib/python3.11/site-packages/httpcore/_sync/http11.py", line 177, in _receive_response_headers
    event = self._receive_event(timeout=timeout)
            ^^^^^^^^^^^^^^^^^^^^^^^^^^^^^^^^^^^^
  File "/Users/nripeshpradhan/Documents/Github/i-test-season/.venv/lib/python3.11/site-packages/httpcore/_sync/http11.py", line 217, in _receive_event
    data = self._network_stream.read(
           ^^^^^^^^^^^^^^^^^^^^^^^^^^
  File "/Users/nripeshpradhan/Documents/Github/i-test-season/.venv/lib/python3.11/site-packages/httpcore/_backends/sync.py", line 126, in read
    with map_exceptions(exc_map):
  File "/Users/nripeshpradhan/.local/share/uv/python/cpython-3.11.15-macos-aarch64-none/lib/python3.11/contextlib.py", line 158, in __exit__
    self.gen.throw(typ, value, traceback)
  File "/Users/nripeshpradhan/Documents/Github/i-test-season/.venv/lib/python3.11/site-packages/httpcore/_exceptions.py", line 14, in map_exceptions
    raise to_exc(exc) from exc
httpcore.ReadTimeout: The read operation timed out

The above exception was the direct cause of the following exception:

Traceback (most recent call last):
  File "/Users/nripeshpradhan/Documents/Github/i-test-season/fpl_edge/interfaces/telegram.py", line 503, in run_forever
    self.poll_once(timeout=timeout)
  File "/Users/nripeshpradhan/Documents/Github/i-test-season/fpl_edge/interfaces/telegram.py", line 338, in poll_once
    body = self.transport.call(
           ^^^^^^^^^^^^^^^^^^^^
  File "/Users/nripeshpradhan/Documents/Github/i-test-season/fpl_edge/interfaces/telegram.py", line 102, in call
    resp = self._client.post(f"/{method}", json=payload, timeout=timeout)
           ^^^^^^^^^^^^^^^^^^^^^^^^^^^^^^^^^^^^^^^^^^^^^^^^^^^^^^^^^^^^^^
  File "/Users/nripeshpradhan/Documents/Github/i-test-season/.venv/lib/python3.11/site-packages/httpx/_client.py", line 1144, in post
    return self.request(
           ^^^^^^^^^^^^^
  File "/Users/nripeshpradhan/Documents/Github/i-test-season/.venv/lib/python3.11/site-packages/httpx/_client.py", line 825, in request
    return self.send(request, auth=auth, follow_redirects=follow_redirects)
           ^^^^^^^^^^^^^^^^^^^^^^^^^^^^^^^^^^^^^^^^^^^^^^^^^^^^^^^^^^^^^^^^
  File "/Users/nripeshpradhan/Documents/Github/i-test-season/.venv/lib/python3.11/site-packages/httpx/_client.py", line 914, in send
    response = self._send_handling_auth(
               ^^^^^^^^^^^^^^^^^^^^^^^^^
  File "/Users/nripeshpradhan/Documents/Github/i-test-season/.venv/lib/python3.11/site-packages/httpx/_client.py", line 942, in _send_handling_auth
    response = self._send_handling_redirects(
               ^^^^^^^^^^^^^^^^^^^^^^^^^^^^^^
  File "/Users/nripeshpradhan/Documents/Github/i-test-season/.venv/lib/python3.11/site-packages/httpx/_client.py", line 979, in _send_handling_redirects
    response = self._send_single_request(request)
               ^^^^^^^^^^^^^^^^^^^^^^^^^^^^^^^^^^
  File "/Users/nripeshpradhan/Documents/Github/i-test-season/.venv/lib/python3.11/site-packages/httpx/_client.py", line 1014, in _send_single_request
    response = transport.handle_request(request)
               ^^^^^^^^^^^^^^^^^^^^^^^^^^^^^^^^^
  File "/Users/nripeshpradhan/Documents/Github/i-test-season/.venv/lib/python3.11/site-packages/httpx/_transports/default.py", line 249, in handle_request
    with map_httpcore_exceptions():
  File "/Users/nripeshpradhan/.local/share/uv/python/cpython-3.11.15-macos-aarch64-none/lib/python3.11/contextlib.py", line 158, in __exit__
    self.gen.throw(typ, value, traceback)
  File "/Users/nripeshpradhan/Documents/Github/i-test-season/.venv/lib/python3.11/site-packages/httpx/_transports/default.py", line 118, in map_httpcore_exceptions
    raise mapped_exc(message) from exc
httpx.ReadTimeout: The read operation timed out
2026-08-21 15:52:29,665 ERROR poll cycle failed; backing off
Traceback (most recent call last):
  File "/Users/nripeshpradhan/Documents/Github/i-test-season/.venv/lib/python3.11/site-packages/httpx/_transports/default.py", line 101, in map_httpcore_exceptions
    yield
  File "/Users/nripeshpradhan/Documents/Github/i-test-season/.venv/lib/python3.11/site-packages/httpx/_transports/default.py", line 250, in handle_request
    resp = self._pool.handle_request(req)
           ^^^^^^^^^^^^^^^^^^^^^^^^^^^^^^
  File "/Users/nripeshpradhan/Documents/Github/i-test-season/.venv/lib/python3.11/site-packages/httpcore/_sync/connection_pool.py", line 256, in handle_request
    raise exc from None
  File "/Users/nripeshpradhan/Documents/Github/i-test-season/.venv/lib/python3.11/site-packages/httpcore/_sync/connection_pool.py", line 236, in handle_request
    response = connection.handle_request(
               ^^^^^^^^^^^^^^^^^^^^^^^^^^
  File "/Users/nripeshpradhan/Documents/Github/i-test-season/.venv/lib/python3.11/site-packages/httpcore/_sync/connection.py", line 103, in handle_request
    return self._connection.handle_request(request)
           ^^^^^^^^^^^^^^^^^^^^^^^^^^^^^^^^^^^^^^^^
  File "/Users/nripeshpradhan/Documents/Github/i-test-season/.venv/lib/python3.11/site-packages/httpcore/_sync/http11.py", line 136, in handle_request
    raise exc
  File "/Users/nripeshpradhan/Documents/Github/i-test-season/.venv/lib/python3.11/site-packages/httpcore/_sync/http11.py", line 106, in handle_request
    ) = self._receive_response_headers(**kwargs)
        ^^^^^^^^^^^^^^^^^^^^^^^^^^^^^^^^^^^^^^^^
  File "/Users/nripeshpradhan/Documents/Github/i-test-season/.venv/lib/python3.11/site-packages/httpcore/_sync/http11.py", line 177, in _receive_response_headers
    event = self._receive_event(timeout=timeout)
            ^^^^^^^^^^^^^^^^^^^^^^^^^^^^^^^^^^^^
  File "/Users/nripeshpradhan/Documents/Github/i-test-season/.venv/lib/python3.11/site-packages/httpcore/_sync/http11.py", line 217, in _receive_event
    data = self._network_stream.read(
           ^^^^^^^^^^^^^^^^^^^^^^^^^^
  File "/Users/nripeshpradhan/Documents/Github/i-test-season/.venv/lib/python3.11/site-packages/httpcore/_backends/sync.py", line 126, in read
    with map_exceptions(exc_map):
  File "/Users/nripeshpradhan/.local/share/uv/python/cpython-3.11.15-macos-aarch64-none/lib/python3.11/contextlib.py", line 158, in __exit__
    self.gen.throw(typ, value, traceback)
  File "/Users/nripeshpradhan/Documents/Github/i-test-season/.venv/lib/python3.11/site-packages/httpcore/_exceptions.py", line 14, in map_exceptions
    raise to_exc(exc) from exc
httpcore.ReadTimeout: The read operation timed out

The above exception was the direct cause of the following exception:

Traceback (most recent call last):
  File "/Users/nripeshpradhan/Documents/Github/i-test-season/fpl_edge/interfaces/telegram.py", line 503, in run_forever
    self.poll_once(timeout=timeout)
  File "/Users/nripeshpradhan/Documents/Github/i-test-season/fpl_edge/interfaces/telegram.py", line 338, in poll_once
    body = self.transport.call(
           ^^^^^^^^^^^^^^^^^^^^
  File "/Users/nripeshpradhan/Documents/Github/i-test-season/fpl_edge/interfaces/telegram.py", line 102, in call
    resp = self._client.post(f"/{method}", json=payload, timeout=timeout)
           ^^^^^^^^^^^^^^^^^^^^^^^^^^^^^^^^^^^^^^^^^^^^^^^^^^^^^^^^^^^^^^
  File "/Users/nripeshpradhan/Documents/Github/i-test-season/.venv/lib/python3.11/site-packages/httpx/_client.py", line 1144, in post
    return self.request(
           ^^^^^^^^^^^^^
  File "/Users/nripeshpradhan/Documents/Github/i-test-season/.venv/lib/python3.11/site-packages/httpx/_client.py", line 825, in request
    return self.send(request, auth=auth, follow_redirects=follow_redirects)
           ^^^^^^^^^^^^^^^^^^^^^^^^^^^^^^^^^^^^^^^^^^^^^^^^^^^^^^^^^^^^^^^^
  File "/Users/nripeshpradhan/Documents/Github/i-test-season/.venv/lib/python3.11/site-packages/httpx/_client.py", line 914, in send
    response = self._send_handling_auth(
               ^^^^^^^^^^^^^^^^^^^^^^^^^
  File "/Users/nripeshpradhan/Documents/Github/i-test-season/.venv/lib/python3.11/site-packages/httpx/_client.py", line 942, in _send_handling_auth
    response = self._send_handling_redirects(
               ^^^^^^^^^^^^^^^^^^^^^^^^^^^^^^
  File "/Users/nripeshpradhan/Documents/Github/i-test-season/.venv/lib/python3.11/site-packages/httpx/_client.py", line 979, in _send_handling_redirects
    response = self._send_single_request(request)
               ^^^^^^^^^^^^^^^^^^^^^^^^^^^^^^^^^^
  File "/Users/nripeshpradhan/Documents/Github/i-test-season/.venv/lib/python3.11/site-packages/httpx/_client.py", line 1014, in _send_single_request
    response = transport.handle_request(request)
               ^^^^^^^^^^^^^^^^^^^^^^^^^^^^^^^^^
  File "/Users/nripeshpradhan/Documents/Github/i-test-season/.venv/lib/python3.11/site-packages/httpx/_transports/default.py", line 249, in handle_request
    with map_httpcore_exceptions():
  File "/Users/nripeshpradhan/.local/share/uv/python/cpython-3.11.15-macos-aarch64-none/lib/python3.11/contextlib.py", line 158, in __exit__
    self.gen.throw(typ, value, traceback)
  File "/Users/nripeshpradhan/Documents/Github/i-test-season/.venv/lib/python3.11/site-packages/httpx/_transports/default.py", line 118, in map_httpcore_exceptions
    raise mapped_exc(message) from exc
httpx.ReadTimeout: The read operation timed out
2026-08-21 15:54:26,695 ERROR poll cycle failed; backing off
Traceback (most recent call last):
  File "/Users/nripeshpradhan/Documents/Github/i-test-season/.venv/lib/python3.11/site-packages/httpx/_transports/default.py", line 101, in map_httpcore_exceptions
    yield
  File "/Users/nripeshpradhan/Documents/Github/i-test-season/.venv/lib/python3.11/site-packages/httpx/_transports/default.py", line 250, in handle_request
    resp = self._pool.handle_request(req)
           ^^^^^^^^^^^^^^^^^^^^^^^^^^^^^^
  File "/Users/nripeshpradhan/Documents/Github/i-test-season/.venv/lib/python3.11/site-packages/httpcore/_sync/connection_pool.py", line 256, in handle_request
    raise exc from None
  File "/Users/nripeshpradhan/Documents/Github/i-test-season/.venv/lib/python3.11/site-packages/httpcore/_sync/connection_pool.py", line 236, in handle_request
    response = connection.handle_request(
               ^^^^^^^^^^^^^^^^^^^^^^^^^^
  File "/Users/nripeshpradhan/Documents/Github/i-test-season/.venv/lib/python3.11/site-packages/httpcore/_sync/connection.py", line 103, in handle_request
    return self._connection.handle_request(request)
           ^^^^^^^^^^^^^^^^^^^^^^^^^^^^^^^^^^^^^^^^
  File "/Users/nripeshpradhan/Documents/Github/i-test-season/.venv/lib/python3.11/site-packages/httpcore/_sync/http11.py", line 136, in handle_request
    raise exc
  File "/Users/nripeshpradhan/Documents/Github/i-test-season/.venv/lib/python3.11/site-packages/httpcore/_sync/http11.py", line 106, in handle_request
    ) = self._receive_response_headers(**kwargs)
        ^^^^^^^^^^^^^^^^^^^^^^^^^^^^^^^^^^^^^^^^
  File "/Users/nripeshpradhan/Documents/Github/i-test-season/.venv/lib/python3.11/site-packages/httpcore/_sync/http11.py", line 177, in _receive_response_headers
    event = self._receive_event(timeout=timeout)
            ^^^^^^^^^^^^^^^^^^^^^^^^^^^^^^^^^^^^
  File "/Users/nripeshpradhan/Documents/Github/i-test-season/.venv/lib/python3.11/site-packages/httpcore/_sync/http11.py", line 217, in _receive_event
    data = self._network_stream.read(
           ^^^^^^^^^^^^^^^^^^^^^^^^^^
  File "/Users/nripeshpradhan/Documents/Github/i-test-season/.venv/lib/python3.11/site-packages/httpcore/_backends/sync.py", line 126, in read
    with map_exceptions(exc_map):
  File "/Users/nripeshpradhan/.local/share/uv/python/cpython-3.11.15-macos-aarch64-none/lib/python3.11/contextlib.py", line 158, in __exit__
    self.gen.throw(typ, value, traceback)
  File "/Users/nripeshpradhan/Documents/Github/i-test-season/.venv/lib/python3.11/site-packages/httpcore/_exceptions.py", line 14, in map_exceptions
    raise to_exc(exc) from exc
httpcore.ReadTimeout: The read operation timed out

The above exception was the direct cause of the following exception:

Traceback (most recent call last):
  File "/Users/nripeshpradhan/Documents/Github/i-test-season/fpl_edge/interfaces/telegram.py", line 503, in run_forever
    self.poll_once(timeout=timeout)
  File "/Users/nripeshpradhan/Documents/Github/i-test-season/fpl_edge/interfaces/telegram.py", line 338, in poll_once
    body = self.transport.call(
           ^^^^^^^^^^^^^^^^^^^^
  File "/Users/nripeshpradhan/Documents/Github/i-test-season/fpl_edge/interfaces/telegram.py", line 102, in call
    resp = self._client.post(f"/{method}", json=payload, timeout=timeout)
           ^^^^^^^^^^^^^^^^^^^^^^^^^^^^^^^^^^^^^^^^^^^^^^^^^^^^^^^^^^^^^^
  File "/Users/nripeshpradhan/Documents/Github/i-test-season/.venv/lib/python3.11/site-packages/httpx/_client.py", line 1144, in post
    return self.request(
           ^^^^^^^^^^^^^
  File "/Users/nripeshpradhan/Documents/Github/i-test-season/.venv/lib/python3.11/site-packages/httpx/_client.py", line 825, in request
    return self.send(request, auth=auth, follow_redirects=follow_redirects)
           ^^^^^^^^^^^^^^^^^^^^^^^^^^^^^^^^^^^^^^^^^^^^^^^^^^^^^^^^^^^^^^^^
  File "/Users/nripeshpradhan/Documents/Github/i-test-season/.venv/lib/python3.11/site-packages/httpx/_client.py", line 914, in send
    response = self._send_handling_auth(
               ^^^^^^^^^^^^^^^^^^^^^^^^^
  File "/Users/nripeshpradhan/Documents/Github/i-test-season/.venv/lib/python3.11/site-packages/httpx/_client.py", line 942, in _send_handling_auth
    response = self._send_handling_redirects(
               ^^^^^^^^^^^^^^^^^^^^^^^^^^^^^^
  File "/Users/nripeshpradhan/Documents/Github/i-test-season/.venv/lib/python3.11/site-packages/httpx/_client.py", line 979, in _send_handling_redirects
    response = self._send_single_request(request)
               ^^^^^^^^^^^^^^^^^^^^^^^^^^^^^^^^^^
  File "/Users/nripeshpradhan/Documents/Github/i-test-season/.venv/lib/python3.11/site-packages/httpx/_client.py", line 1014, in _send_single_request
    response = transport.handle_request(request)
               ^^^^^^^^^^^^^^^^^^^^^^^^^^^^^^^^^
  File "/Users/nripeshpradhan/Documents/Github/i-test-season/.venv/lib/python3.11/site-packages/httpx/_transports/default.py", line 249, in handle_request
    with map_httpcore_exceptions():
  File "/Users/nripeshpradhan/.local/share/uv/python/cpython-3.11.15-macos-aarch64-none/lib/python3.11/contextlib.py", line 158, in __exit__
    self.gen.throw(typ, value, traceback)
  File "/Users/nripeshpradhan/Documents/Github/i-test-season/.venv/lib/python3.11/site-packages/httpx/_transports/default.py", line 118, in map_httpcore_exceptions
    raise mapped_exc(message) from exc
httpx.ReadTimeout: The read operation timed out
2026-08-21 16:05:49,452 ERROR poll cycle failed; backing off
Traceback (most recent call last):
  File "/Users/nripeshpradhan/Documents/Github/i-test-season/.venv/lib/python3.11/site-packages/httpx/_transports/default.py", line 101, in map_httpcore_exceptions
    yield
  File "/Users/nripeshpradhan/Documents/Github/i-test-season/.venv/lib/python3.11/site-packages/httpx/_transports/default.py", line 250, in handle_request
    resp = self._pool.handle_request(req)
           ^^^^^^^^^^^^^^^^^^^^^^^^^^^^^^
  File "/Users/nripeshpradhan/Documents/Github/i-test-season/.venv/lib/python3.11/site-packages/httpcore/_sync/connection_pool.py", line 256, in handle_request
    raise exc from None
  File "/Users/nripeshpradhan/Documents/Github/i-test-season/.venv/lib/python3.11/site-packages/httpcore/_sync/connection_pool.py", line 236, in handle_request
    response = connection.handle_request(
               ^^^^^^^^^^^^^^^^^^^^^^^^^^
  File "/Users/nripeshpradhan/Documents/Github/i-test-season/.venv/lib/python3.11/site-packages/httpcore/_sync/connection.py", line 103, in handle_request
    return self._connection.handle_request(request)
           ^^^^^^^^^^^^^^^^^^^^^^^^^^^^^^^^^^^^^^^^
  File "/Users/nripeshpradhan/Documents/Github/i-test-season/.venv/lib/python3.11/site-packages/httpcore/_sync/http11.py", line 136, in handle_request
    raise exc
  File "/Users/nripeshpradhan/Documents/Github/i-test-season/.venv/lib/python3.11/site-packages/httpcore/_sync/http11.py", line 106, in handle_request
    ) = self._receive_response_headers(**kwargs)
        ^^^^^^^^^^^^^^^^^^^^^^^^^^^^^^^^^^^^^^^^
  File "/Users/nripeshpradhan/Documents/Github/i-test-season/.venv/lib/python3.11/site-packages/httpcore/_sync/http11.py", line 177, in _receive_response_headers
    event = self._receive_event(timeout=timeout)
            ^^^^^^^^^^^^^^^^^^^^^^^^^^^^^^^^^^^^
  File "/Users/nripeshpradhan/Documents/Github/i-test-season/.venv/lib/python3.11/site-packages/httpcore/_sync/http11.py", line 217, in _receive_event
    data = self._network_stream.read(
           ^^^^^^^^^^^^^^^^^^^^^^^^^^
  File "/Users/nripeshpradhan/Documents/Github/i-test-season/.venv/lib/python3.11/site-packages/httpcore/_backends/sync.py", line 126, in read
    with map_exceptions(exc_map):
  File "/Users/nripeshpradhan/.local/share/uv/python/cpython-3.11.15-macos-aarch64-none/lib/python3.11/contextlib.py", line 158, in __exit__
    self.gen.throw(typ, value, traceback)
  File "/Users/nripeshpradhan/Documents/Github/i-test-season/.venv/lib/python3.11/site-packages/httpcore/_exceptions.py", line 14, in map_exceptions
    raise to_exc(exc) from exc
httpcore.ReadTimeout: The read operation timed out

The above exception was the direct cause of the following exception:

Traceback (most recent call last):
  File "/Users/nripeshpradhan/Documents/Github/i-test-season/fpl_edge/interfaces/telegram.py", line 503, in run_forever
    self.poll_once(timeout=timeout)
  File "/Users/nripeshpradhan/Documents/Github/i-test-season/fpl_edge/interfaces/telegram.py", line 338, in poll_once
    body = self.transport.call(
           ^^^^^^^^^^^^^^^^^^^^
  File "/Users/nripeshpradhan/Documents/Github/i-test-season/fpl_edge/interfaces/telegram.py", line 102, in call
    resp = self._client.post(f"/{method}", json=payload, timeout=timeout)
           ^^^^^^^^^^^^^^^^^^^^^^^^^^^^^^^^^^^^^^^^^^^^^^^^^^^^^^^^^^^^^^
  File "/Users/nripeshpradhan/Documents/Github/i-test-season/.venv/lib/python3.11/site-packages/httpx/_client.py", line 1144, in post
    return self.request(
           ^^^^^^^^^^^^^
  File "/Users/nripeshpradhan/Documents/Github/i-test-season/.venv/lib/python3.11/site-packages/httpx/_client.py", line 825, in request
    return self.send(request, auth=auth, follow_redirects=follow_redirects)
           ^^^^^^^^^^^^^^^^^^^^^^^^^^^^^^^^^^^^^^^^^^^^^^^^^^^^^^^^^^^^^^^^
  File "/Users/nripeshpradhan/Documents/Github/i-test-season/.venv/lib/python3.11/site-packages/httpx/_client.py", line 914, in send
    response = self._send_handling_auth(
               ^^^^^^^^^^^^^^^^^^^^^^^^^
  File "/Users/nripeshpradhan/Documents/Github/i-test-season/.venv/lib/python3.11/site-packages/httpx/_client.py", line 942, in _send_handling_auth
    response = self._send_handling_redirects(
               ^^^^^^^^^^^^^^^^^^^^^^^^^^^^^^
  File "/Users/nripeshpradhan/Documents/Github/i-test-season/.venv/lib/python3.11/site-packages/httpx/_client.py", line 979, in _send_handling_redirects
    response = self._send_single_request(request)
               ^^^^^^^^^^^^^^^^^^^^^^^^^^^^^^^^^^
  File "/Users/nripeshpradhan/Documents/Github/i-test-season/.venv/lib/python3.11/site-packages/httpx/_client.py", line 1014, in _send_single_request
    response = transport.handle_request(request)
               ^^^^^^^^^^^^^^^^^^^^^^^^^^^^^^^^^
  File "/Users/nripeshpradhan/Documents/Github/i-test-season/.venv/lib/python3.11/site-packages/httpx/_transports/default.py", line 249, in handle_request
    with map_httpcore_exceptions():
  File "/Users/nripeshpradhan/.local/share/uv/python/cpython-3.11.15-macos-aarch64-none/lib/python3.11/contextlib.py", line 158, in __exit__
    self.gen.throw(typ, value, traceback)
  File "/Users/nripeshpradhan/Documents/Github/i-test-season/.venv/lib/python3.11/site-packages/httpx/_transports/default.py", line 118, in map_httpcore_exceptions
    raise mapped_exc(message) from exc
httpx.ReadTimeout: The read operation timed out
2026-08-21 16:07:10,338 ERROR poll cycle failed; backing off
Traceback (most recent call last):
  File "/Users/nripeshpradhan/Documents/Github/i-test-season/.venv/lib/python3.11/site-packages/httpx/_transports/default.py", line 101, in map_httpcore_exceptions
    yield
  File "/Users/nripeshpradhan/Documents/Github/i-test-season/.venv/lib/python3.11/site-packages/httpx/_transports/default.py", line 250, in handle_request
    resp = self._pool.handle_request(req)
           ^^^^^^^^^^^^^^^^^^^^^^^^^^^^^^
  File "/Users/nripeshpradhan/Documents/Github/i-test-season/.venv/lib/python3.11/site-packages/httpcore/_sync/connection_pool.py", line 256, in handle_request
    raise exc from None
  File "/Users/nripeshpradhan/Documents/Github/i-test-season/.venv/lib/python3.11/site-packages/httpcore/_sync/connection_pool.py", line 236, in handle_request
    response = connection.handle_request(
               ^^^^^^^^^^^^^^^^^^^^^^^^^^
  File "/Users/nripeshpradhan/Documents/Github/i-test-season/.venv/lib/python3.11/site-packages/httpcore/_sync/connection.py", line 103, in handle_request
    return self._connection.handle_request(request)
           ^^^^^^^^^^^^^^^^^^^^^^^^^^^^^^^^^^^^^^^^
  File "/Users/nripeshpradhan/Documents/Github/i-test-season/.venv/lib/python3.11/site-packages/httpcore/_sync/http11.py", line 136, in handle_request
    raise exc
  File "/Users/nripeshpradhan/Documents/Github/i-test-season/.venv/lib/python3.11/site-packages/httpcore/_sync/http11.py", line 106, in handle_request
    ) = self._receive_response_headers(**kwargs)
        ^^^^^^^^^^^^^^^^^^^^^^^^^^^^^^^^^^^^^^^^
  File "/Users/nripeshpradhan/Documents/Github/i-test-season/.venv/lib/python3.11/site-packages/httpcore/_sync/http11.py", line 177, in _receive_response_headers
    event = self._receive_event(timeout=timeout)
            ^^^^^^^^^^^^^^^^^^^^^^^^^^^^^^^^^^^^
  File "/Users/nripeshpradhan/Documents/Github/i-test-season/.venv/lib/python3.11/site-packages/httpcore/_sync/http11.py", line 217, in _receive_event
    data = self._network_stream.read(
           ^^^^^^^^^^^^^^^^^^^^^^^^^^
  File "/Users/nripeshpradhan/Documents/Github/i-test-season/.venv/lib/python3.11/site-packages/httpcore/_backends/sync.py", line 126, in read
    with map_exceptions(exc_map):
  File "/Users/nripeshpradhan/.local/share/uv/python/cpython-3.11.15-macos-aarch64-none/lib/python3.11/contextlib.py", line 158, in __exit__
    self.gen.throw(typ, value, traceback)
  File "/Users/nripeshpradhan/Documents/Github/i-test-season/.venv/lib/python3.11/site-packages/httpcore/_exceptions.py", line 14, in map_exceptions
    raise to_exc(exc) from exc
httpcore.ReadTimeout: The read operation timed out

The above exception was the direct cause of the following exception:

Traceback (most recent call last):
  File "/Users/nripeshpradhan/Documents/Github/i-test-season/fpl_edge/interfaces/telegram.py", line 503, in run_forever
    self.poll_once(timeout=timeout)
  File "/Users/nripeshpradhan/Documents/Github/i-test-season/fpl_edge/interfaces/telegram.py", line 338, in poll_once
    body = self.transport.call(
           ^^^^^^^^^^^^^^^^^^^^
  File "/Users/nripeshpradhan/Documents/Github/i-test-season/fpl_edge/interfaces/telegram.py", line 102, in call
    resp = self._client.post(f"/{method}", json=payload, timeout=timeout)
           ^^^^^^^^^^^^^^^^^^^^^^^^^^^^^^^^^^^^^^^^^^^^^^^^^^^^^^^^^^^^^^
  File "/Users/nripeshpradhan/Documents/Github/i-test-season/.venv/lib/python3.11/site-packages/httpx/_client.py", line 1144, in post
    return self.request(
           ^^^^^^^^^^^^^
  File "/Users/nripeshpradhan/Documents/Github/i-test-season/.venv/lib/python3.11/site-packages/httpx/_client.py", line 825, in request
    return self.send(request, auth=auth, follow_redirects=follow_redirects)
           ^^^^^^^^^^^^^^^^^^^^^^^^^^^^^^^^^^^^^^^^^^^^^^^^^^^^^^^^^^^^^^^^
  File "/Users/nripeshpradhan/Documents/Github/i-test-season/.venv/lib/python3.11/site-packages/httpx/_client.py", line 914, in send
    response = self._send_handling_auth(
               ^^^^^^^^^^^^^^^^^^^^^^^^^
  File "/Users/nripeshpradhan/Documents/Github/i-test-season/.venv/lib/python3.11/site-packages/httpx/_client.py", line 942, in _send_handling_auth
    response = self._send_handling_redirects(
               ^^^^^^^^^^^^^^^^^^^^^^^^^^^^^^
  File "/Users/nripeshpradhan/Documents/Github/i-test-season/.venv/lib/python3.11/site-packages/httpx/_client.py", line 979, in _send_handling_redirects
    response = self._send_single_request(request)
               ^^^^^^^^^^^^^^^^^^^^^^^^^^^^^^^^^^
  File "/Users/nripeshpradhan/Documents/Github/i-test-season/.venv/lib/python3.11/site-packages/httpx/_client.py", line 1014, in _send_single_request
    response = transport.handle_request(request)
               ^^^^^^^^^^^^^^^^^^^^^^^^^^^^^^^^^
  File "/Users/nripeshpradhan/Documents/Github/i-test-season/.venv/lib/python3.11/site-packages/httpx/_transports/default.py", line 249, in handle_request
    with map_httpcore_exceptions():
  File "/Users/nripeshpradhan/.local/share/uv/python/cpython-3.11.15-macos-aarch64-none/lib/python3.11/contextlib.py", line 158, in __exit__
    self.gen.throw(typ, value, traceback)
  File "/Users/nripeshpradhan/Documents/Github/i-test-season/.venv/lib/python3.11/site-packages/httpx/_transports/default.py", line 118, in map_httpcore_exceptions
    raise mapped_exc(message) from exc
httpx.ReadTimeout: The read operation timed out
2026-08-21 16:08:32,378 ERROR poll cycle failed; backing off
Traceback (most recent call last):
  File "/Users/nripeshpradhan/Documents/Github/i-test-season/.venv/lib/python3.11/site-packages/httpx/_transports/default.py", line 101, in map_httpcore_exceptions
    yield
  File "/Users/nripeshpradhan/Documents/Github/i-test-season/.venv/lib/python3.11/site-packages/httpx/_transports/default.py", line 250, in handle_request
    resp = self._pool.handle_request(req)
           ^^^^^^^^^^^^^^^^^^^^^^^^^^^^^^
  File "/Users/nripeshpradhan/Documents/Github/i-test-season/.venv/lib/python3.11/site-packages/httpcore/_sync/connection_pool.py", line 256, in handle_request
    raise exc from None
  File "/Users/nripeshpradhan/Documents/Github/i-test-season/.venv/lib/python3.11/site-packages/httpcore/_sync/connection_pool.py", line 236, in handle_request
    response = connection.handle_request(
               ^^^^^^^^^^^^^^^^^^^^^^^^^^
  File "/Users/nripeshpradhan/Documents/Github/i-test-season/.venv/lib/python3.11/site-packages/httpcore/_sync/connection.py", line 103, in handle_request
    return self._connection.handle_request(request)
           ^^^^^^^^^^^^^^^^^^^^^^^^^^^^^^^^^^^^^^^^
  File "/Users/nripeshpradhan/Documents/Github/i-test-season/.venv/lib/python3.11/site-packages/httpcore/_sync/http11.py", line 136, in handle_request
    raise exc
  File "/Users/nripeshpradhan/Documents/Github/i-test-season/.venv/lib/python3.11/site-packages/httpcore/_sync/http11.py", line 106, in handle_request
    ) = self._receive_response_headers(**kwargs)
        ^^^^^^^^^^^^^^^^^^^^^^^^^^^^^^^^^^^^^^^^
  File "/Users/nripeshpradhan/Documents/Github/i-test-season/.venv/lib/python3.11/site-packages/httpcore/_sync/http11.py", line 177, in _receive_response_headers
    event = self._receive_event(timeout=timeout)
            ^^^^^^^^^^^^^^^^^^^^^^^^^^^^^^^^^^^^
  File "/Users/nripeshpradhan/Documents/Github/i-test-season/.venv/lib/python3.11/site-packages/httpcore/_sync/http11.py", line 217, in _receive_event
    data = self._network_stream.read(
           ^^^^^^^^^^^^^^^^^^^^^^^^^^
  File "/Users/nripeshpradhan/Documents/Github/i-test-season/.venv/lib/python3.11/site-packages/httpcore/_backends/sync.py", line 126, in read
    with map_exceptions(exc_map):
  File "/Users/nripeshpradhan/.local/share/uv/python/cpython-3.11.15-macos-aarch64-none/lib/python3.11/contextlib.py", line 158, in __exit__
    self.gen.throw(typ, value, traceback)
  File "/Users/nripeshpradhan/Documents/Github/i-test-season/.venv/lib/python3.11/site-packages/httpcore/_exceptions.py", line 14, in map_exceptions
    raise to_exc(exc) from exc
httpcore.ReadTimeout: The read operation timed out

The above exception was the direct cause of the following exception:

Traceback (most recent call last):
  File "/Users/nripeshpradhan/Documents/Github/i-test-season/fpl_edge/interfaces/telegram.py", line 503, in run_forever
    self.poll_once(timeout=timeout)
  File "/Users/nripeshpradhan/Documents/Github/i-test-season/fpl_edge/interfaces/telegram.py", line 338, in poll_once
    body = self.transport.call(
           ^^^^^^^^^^^^^^^^^^^^
  File "/Users/nripeshpradhan/Documents/Github/i-test-season/fpl_edge/interfaces/telegram.py", line 102, in call
    resp = self._client.post(f"/{method}", json=payload, timeout=timeout)
           ^^^^^^^^^^^^^^^^^^^^^^^^^^^^^^^^^^^^^^^^^^^^^^^^^^^^^^^^^^^^^^
  File "/Users/nripeshpradhan/Documents/Github/i-test-season/.venv/lib/python3.11/site-packages/httpx/_client.py", line 1144, in post
    return self.request(
           ^^^^^^^^^^^^^
  File "/Users/nripeshpradhan/Documents/Github/i-test-season/.venv/lib/python3.11/site-packages/httpx/_client.py", line 825, in request
    return self.send(request, auth=auth, follow_redirects=follow_redirects)
           ^^^^^^^^^^^^^^^^^^^^^^^^^^^^^^^^^^^^^^^^^^^^^^^^^^^^^^^^^^^^^^^^
  File "/Users/nripeshpradhan/Documents/Github/i-test-season/.venv/lib/python3.11/site-packages/httpx/_client.py", line 914, in send
    response = self._send_handling_auth(
               ^^^^^^^^^^^^^^^^^^^^^^^^^
  File "/Users/nripeshpradhan/Documents/Github/i-test-season/.venv/lib/python3.11/site-packages/httpx/_client.py", line 942, in _send_handling_auth
    response = self._send_handling_redirects(
               ^^^^^^^^^^^^^^^^^^^^^^^^^^^^^^
  File "/Users/nripeshpradhan/Documents/Github/i-test-season/.venv/lib/python3.11/site-packages/httpx/_client.py", line 979, in _send_handling_redirects
    response = self._send_single_request(request)
               ^^^^^^^^^^^^^^^^^^^^^^^^^^^^^^^^^^
  File "/Users/nripeshpradhan/Documents/Github/i-test-season/.venv/lib/python3.11/site-packages/httpx/_client.py", line 1014, in _send_single_request
    response = transport.handle_request(request)
               ^^^^^^^^^^^^^^^^^^^^^^^^^^^^^^^^^
  File "/Users/nripeshpradhan/Documents/Github/i-test-season/.venv/lib/python3.11/site-packages/httpx/_transports/default.py", line 249, in handle_request
    with map_httpcore_exceptions():
  File "/Users/nripeshpradhan/.local/share/uv/python/cpython-3.11.15-macos-aarch64-none/lib/python3.11/contextlib.py", line 158, in __exit__
    self.gen.throw(typ, value, traceback)
  File "/Users/nripeshpradhan/Documents/Github/i-test-season/.venv/lib/python3.11/site-packages/httpx/_transports/default.py", line 118, in map_httpcore_exceptions
    raise mapped_exc(message) from exc
httpx.ReadTimeout: The read operation timed out
2026-08-21 16:10:45,689 ERROR poll cycle failed; backing off
Traceback (most recent call last):
  File "/Users/nripeshpradhan/Documents/Github/i-test-season/.venv/lib/python3.11/site-packages/httpx/_transports/default.py", line 101, in map_httpcore_exceptions
    yield
  File "/Users/nripeshpradhan/Documents/Github/i-test-season/.venv/lib/python3.11/site-packages/httpx/_transports/default.py", line 250, in handle_request
    resp = self._pool.handle_request(req)
           ^^^^^^^^^^^^^^^^^^^^^^^^^^^^^^
  File "/Users/nripeshpradhan/Documents/Github/i-test-season/.venv/lib/python3.11/site-packages/httpcore/_sync/connection_pool.py", line 256, in handle_request
    raise exc from None
  File "/Users/nripeshpradhan/Documents/Github/i-test-season/.venv/lib/python3.11/site-packages/httpcore/_sync/connection_pool.py", line 236, in handle_request
    response = connection.handle_request(
               ^^^^^^^^^^^^^^^^^^^^^^^^^^
  File "/Users/nripeshpradhan/Documents/Github/i-test-season/.venv/lib/python3.11/site-packages/httpcore/_sync/connection.py", line 103, in handle_request
    return self._connection.handle_request(request)
           ^^^^^^^^^^^^^^^^^^^^^^^^^^^^^^^^^^^^^^^^
  File "/Users/nripeshpradhan/Documents/Github/i-test-season/.venv/lib/python3.11/site-packages/httpcore/_sync/http11.py", line 136, in handle_request
    raise exc
  File "/Users/nripeshpradhan/Documents/Github/i-test-season/.venv/lib/python3.11/site-packages/httpcore/_sync/http11.py", line 106, in handle_request
    ) = self._receive_response_headers(**kwargs)
        ^^^^^^^^^^^^^^^^^^^^^^^^^^^^^^^^^^^^^^^^
  File "/Users/nripeshpradhan/Documents/Github/i-test-season/.venv/lib/python3.11/site-packages/httpcore/_sync/http11.py", line 177, in _receive_response_headers
    event = self._receive_event(timeout=timeout)
            ^^^^^^^^^^^^^^^^^^^^^^^^^^^^^^^^^^^^
  File "/Users/nripeshpradhan/Documents/Github/i-test-season/.venv/lib/python3.11/site-packages/httpcore/_sync/http11.py", line 217, in _receive_event
    data = self._network_stream.read(
           ^^^^^^^^^^^^^^^^^^^^^^^^^^
  File "/Users/nripeshpradhan/Documents/Github/i-test-season/.venv/lib/python3.11/site-packages/httpcore/_backends/sync.py", line 126, in read
    with map_exceptions(exc_map):
  File "/Users/nripeshpradhan/.local/share/uv/python/cpython-3.11.15-macos-aarch64-none/lib/python3.11/contextlib.py", line 158, in __exit__
    self.gen.throw(typ, value, traceback)
  File "/Users/nripeshpradhan/Documents/Github/i-test-season/.venv/lib/python3.11/site-packages/httpcore/_exceptions.py", line 14, in map_exceptions
    raise to_exc(exc) from exc
httpcore.ReadTimeout: The read operation timed out

The above exception was the direct cause of the following exception:

Traceback (most recent call last):
  File "/Users/nripeshpradhan/Documents/Github/i-test-season/fpl_edge/interfaces/telegram.py", line 503, in run_forever
    self.poll_once(timeout=timeout)
  File "/Users/nripeshpradhan/Documents/Github/i-test-season/fpl_edge/interfaces/telegram.py", line 338, in poll_once
    body = self.transport.call(
           ^^^^^^^^^^^^^^^^^^^^
  File "/Users/nripeshpradhan/Documents/Github/i-test-season/fpl_edge/interfaces/telegram.py", line 102, in call
    resp = self._client.post(f"/{method}", json=payload, timeout=timeout)
           ^^^^^^^^^^^^^^^^^^^^^^^^^^^^^^^^^^^^^^^^^^^^^^^^^^^^^^^^^^^^^^
  File "/Users/nripeshpradhan/Documents/Github/i-test-season/.venv/lib/python3.11/site-packages/httpx/_client.py", line 1144, in post
    return self.request(
           ^^^^^^^^^^^^^
  File "/Users/nripeshpradhan/Documents/Github/i-test-season/.venv/lib/python3.11/site-packages/httpx/_client.py", line 825, in request
    return self.send(request, auth=auth, follow_redirects=follow_redirects)
           ^^^^^^^^^^^^^^^^^^^^^^^^^^^^^^^^^^^^^^^^^^^^^^^^^^^^^^^^^^^^^^^^
  File "/Users/nripeshpradhan/Documents/Github/i-test-season/.venv/lib/python3.11/site-packages/httpx/_client.py", line 914, in send
    response = self._send_handling_auth(
               ^^^^^^^^^^^^^^^^^^^^^^^^^
  File "/Users/nripeshpradhan/Documents/Github/i-test-season/.venv/lib/python3.11/site-packages/httpx/_client.py", line 942, in _send_handling_auth
    response = self._send_handling_redirects(
               ^^^^^^^^^^^^^^^^^^^^^^^^^^^^^^
  File "/Users/nripeshpradhan/Documents/Github/i-test-season/.venv/lib/python3.11/site-packages/httpx/_client.py", line 979, in _send_handling_redirects
    response = self._send_single_request(request)
               ^^^^^^^^^^^^^^^^^^^^^^^^^^^^^^^^^^
  File "/Users/nripeshpradhan/Documents/Github/i-test-season/.venv/lib/python3.11/site-packages/httpx/_client.py", line 1014, in _send_single_request
    response = transport.handle_request(request)
               ^^^^^^^^^^^^^^^^^^^^^^^^^^^^^^^^^
  File "/Users/nripeshpradhan/Documents/Github/i-test-season/.venv/lib/python3.11/site-packages/httpx/_transports/default.py", line 249, in handle_request
    with map_httpcore_exceptions():
  File "/Users/nripeshpradhan/.local/share/uv/python/cpython-3.11.15-macos-aarch64-none/lib/python3.11/contextlib.py", line 158, in __exit__
    self.gen.throw(typ, value, traceback)
  File "/Users/nripeshpradhan/Documents/Github/i-test-season/.venv/lib/python3.11/site-packages/httpx/_transports/default.py", line 118, in map_httpcore_exceptions
    raise mapped_exc(message) from exc
httpx.ReadTimeout: The read operation timed out
2026-08-21 16:16:56,662 ERROR poll cycle failed; backing off
Traceback (most recent call last):
  File "/Users/nripeshpradhan/Documents/Github/i-test-season/.venv/lib/python3.11/site-packages/httpx/_transports/default.py", line 101, in map_httpcore_exceptions
    yield
  File "/Users/nripeshpradhan/Documents/Github/i-test-season/.venv/lib/python3.11/site-packages/httpx/_transports/default.py", line 250, in handle_request
    resp = self._pool.handle_request(req)
           ^^^^^^^^^^^^^^^^^^^^^^^^^^^^^^
  File "/Users/nripeshpradhan/Documents/Github/i-test-season/.venv/lib/python3.11/site-packages/httpcore/_sync/connection_pool.py", line 256, in handle_request
    raise exc from None
  File "/Users/nripeshpradhan/Documents/Github/i-test-season/.venv/lib/python3.11/site-packages/httpcore/_sync/connection_pool.py", line 236, in handle_request
    response = connection.handle_request(
               ^^^^^^^^^^^^^^^^^^^^^^^^^^
  File "/Users/nripeshpradhan/Documents/Github/i-test-season/.venv/lib/python3.11/site-packages/httpcore/_sync/connection.py", line 103, in handle_request
    return self._connection.handle_request(request)
           ^^^^^^^^^^^^^^^^^^^^^^^^^^^^^^^^^^^^^^^^
  File "/Users/nripeshpradhan/Documents/Github/i-test-season/.venv/lib/python3.11/site-packages/httpcore/_sync/http11.py", line 136, in handle_request
    raise exc
  File "/Users/nripeshpradhan/Documents/Github/i-test-season/.venv/lib/python3.11/site-packages/httpcore/_sync/http11.py", line 106, in handle_request
    ) = self._receive_response_headers(**kwargs)
        ^^^^^^^^^^^^^^^^^^^^^^^^^^^^^^^^^^^^^^^^
  File "/Users/nripeshpradhan/Documents/Github/i-test-season/.venv/lib/python3.11/site-packages/httpcore/_sync/http11.py", line 177, in _receive_response_headers
    event = self._receive_event(timeout=timeout)
            ^^^^^^^^^^^^^^^^^^^^^^^^^^^^^^^^^^^^
  File "/Users/nripeshpradhan/Documents/Github/i-test-season/.venv/lib/python3.11/site-packages/httpcore/_sync/http11.py", line 217, in _receive_event
    data = self._network_stream.read(
           ^^^^^^^^^^^^^^^^^^^^^^^^^^
  File "/Users/nripeshpradhan/Documents/Github/i-test-season/.venv/lib/python3.11/site-packages/httpcore/_backends/sync.py", line 126, in read
    with map_exceptions(exc_map):
  File "/Users/nripeshpradhan/.local/share/uv/python/cpython-3.11.15-macos-aarch64-none/lib/python3.11/contextlib.py", line 158, in __exit__
    self.gen.throw(typ, value, traceback)
  File "/Users/nripeshpradhan/Documents/Github/i-test-season/.venv/lib/python3.11/site-packages/httpcore/_exceptions.py", line 14, in map_exceptions
    raise to_exc(exc) from exc
httpcore.ReadTimeout: The read operation timed out

The above exception was the direct cause of the following exception:

Traceback (most recent call last):
  File "/Users/nripeshpradhan/Documents/Github/i-test-season/fpl_edge/interfaces/telegram.py", line 503, in run_forever
    self.poll_once(timeout=timeout)
  File "/Users/nripeshpradhan/Documents/Github/i-test-season/fpl_edge/interfaces/telegram.py", line 338, in poll_once
    body = self.transport.call(
           ^^^^^^^^^^^^^^^^^^^^
  File "/Users/nripeshpradhan/Documents/Github/i-test-season/fpl_edge/interfaces/telegram.py", line 102, in call
    resp = self._client.post(f"/{method}", json=payload, timeout=timeout)
           ^^^^^^^^^^^^^^^^^^^^^^^^^^^^^^^^^^^^^^^^^^^^^^^^^^^^^^^^^^^^^^
  File "/Users/nripeshpradhan/Documents/Github/i-test-season/.venv/lib/python3.11/site-packages/httpx/_client.py", line 1144, in post
    return self.request(
           ^^^^^^^^^^^^^
  File "/Users/nripeshpradhan/Documents/Github/i-test-season/.venv/lib/python3.11/site-packages/httpx/_client.py", line 825, in request
    return self.send(request, auth=auth, follow_redirects=follow_redirects)
           ^^^^^^^^^^^^^^^^^^^^^^^^^^^^^^^^^^^^^^^^^^^^^^^^^^^^^^^^^^^^^^^^
  File "/Users/nripeshpradhan/Documents/Github/i-test-season/.venv/lib/python3.11/site-packages/httpx/_client.py", line 914, in send
    response = self._send_handling_auth(
               ^^^^^^^^^^^^^^^^^^^^^^^^^
  File "/Users/nripeshpradhan/Documents/Github/i-test-season/.venv/lib/python3.11/site-packages/httpx/_client.py", line 942, in _send_handling_auth
    response = self._send_handling_redirects(
               ^^^^^^^^^^^^^^^^^^^^^^^^^^^^^^
  File "/Users/nripeshpradhan/Documents/Github/i-test-season/.venv/lib/python3.11/site-packages/httpx/_client.py", line 979, in _send_handling_redirects
    response = self._send_single_request(request)
               ^^^^^^^^^^^^^^^^^^^^^^^^^^^^^^^^^^
  File "/Users/nripeshpradhan/Documents/Github/i-test-season/.venv/lib/python3.11/site-packages/httpx/_client.py", line 1014, in _send_single_request
    response = transport.handle_request(request)
               ^^^^^^^^^^^^^^^^^^^^^^^^^^^^^^^^^
  File "/Users/nripeshpradhan/Documents/Github/i-test-season/.venv/lib/python3.11/site-packages/httpx/_transports/default.py", line 249, in handle_request
    with map_httpcore_exceptions():
  File "/Users/nripeshpradhan/.local/share/uv/python/cpython-3.11.15-macos-aarch64-none/lib/python3.11/contextlib.py", line 158, in __exit__
    self.gen.throw(typ, value, traceback)
  File "/Users/nripeshpradhan/Documents/Github/i-test-season/.venv/lib/python3.11/site-packages/httpx/_transports/default.py", line 118, in map_httpcore_exceptions
    raise mapped_exc(message) from exc
httpx.ReadTimeout: The read operation timed out
2026-08-21 16:38:39,675 ERROR poll cycle failed; backing off
Traceback (most recent call last):
  File "/Users/nripeshpradhan/Documents/Github/i-test-season/.venv/lib/python3.11/site-packages/httpx/_transports/default.py", line 101, in map_httpcore_exceptions
    yield
  File "/Users/nripeshpradhan/Documents/Github/i-test-season/.venv/lib/python3.11/site-packages/httpx/_transports/default.py", line 250, in handle_request
    resp = self._pool.handle_request(req)
           ^^^^^^^^^^^^^^^^^^^^^^^^^^^^^^
  File "/Users/nripeshpradhan/Documents/Github/i-test-season/.venv/lib/python3.11/site-packages/httpcore/_sync/connection_pool.py", line 256, in handle_request
    raise exc from None
  File "/Users/nripeshpradhan/Documents/Github/i-test-season/.venv/lib/python3.11/site-packages/httpcore/_sync/connection_pool.py", line 236, in handle_request
    response = connection.handle_request(
               ^^^^^^^^^^^^^^^^^^^^^^^^^^
  File "/Users/nripeshpradhan/Documents/Github/i-test-season/.venv/lib/python3.11/site-packages/httpcore/_sync/connection.py", line 103, in handle_request
    return self._connection.handle_request(request)
           ^^^^^^^^^^^^^^^^^^^^^^^^^^^^^^^^^^^^^^^^
  File "/Users/nripeshpradhan/Documents/Github/i-test-season/.venv/lib/python3.11/site-packages/httpcore/_sync/http11.py", line 136, in handle_request
    raise exc
  File "/Users/nripeshpradhan/Documents/Github/i-test-season/.venv/lib/python3.11/site-packages/httpcore/_sync/http11.py", line 106, in handle_request
    ) = self._receive_response_headers(**kwargs)
        ^^^^^^^^^^^^^^^^^^^^^^^^^^^^^^^^^^^^^^^^
  File "/Users/nripeshpradhan/Documents/Github/i-test-season/.venv/lib/python3.11/site-packages/httpcore/_sync/http11.py", line 177, in _receive_response_headers
    event = self._receive_event(timeout=timeout)
            ^^^^^^^^^^^^^^^^^^^^^^^^^^^^^^^^^^^^
  File "/Users/nripeshpradhan/Documents/Github/i-test-season/.venv/lib/python3.11/site-packages/httpcore/_sync/http11.py", line 231, in _receive_event
    raise RemoteProtocolError(msg)
httpcore.RemoteProtocolError: Server disconnected without sending a response.

The above exception was the direct cause of the following exception:

Traceback (most recent call last):
  File "/Users/nripeshpradhan/Documents/Github/i-test-season/fpl_edge/interfaces/telegram.py", line 503, in run_forever
    self.poll_once(timeout=timeout)
  File "/Users/nripeshpradhan/Documents/Github/i-test-season/fpl_edge/interfaces/telegram.py", line 338, in poll_once
    body = self.transport.call(
           ^^^^^^^^^^^^^^^^^^^^
  File "/Users/nripeshpradhan/Documents/Github/i-test-season/fpl_edge/interfaces/telegram.py", line 102, in call
    resp = self._client.post(f"/{method}", json=payload, timeout=timeout)
           ^^^^^^^^^^^^^^^^^^^^^^^^^^^^^^^^^^^^^^^^^^^^^^^^^^^^^^^^^^^^^^
  File "/Users/nripeshpradhan/Documents/Github/i-test-season/.venv/lib/python3.11/site-packages/httpx/_client.py", line 1144, in post
    return self.request(
           ^^^^^^^^^^^^^
  File "/Users/nripeshpradhan/Documents/Github/i-test-season/.venv/lib/python3.11/site-packages/httpx/_client.py", line 825, in request
    return self.send(request, auth=auth, follow_redirects=follow_redirects)
           ^^^^^^^^^^^^^^^^^^^^^^^^^^^^^^^^^^^^^^^^^^^^^^^^^^^^^^^^^^^^^^^^
  File "/Users/nripeshpradhan/Documents/Github/i-test-season/.venv/lib/python3.11/site-packages/httpx/_client.py", line 914, in send
    response = self._send_handling_auth(
               ^^^^^^^^^^^^^^^^^^^^^^^^^
  File "/Users/nripeshpradhan/Documents/Github/i-test-season/.venv/lib/python3.11/site-packages/httpx/_client.py", line 942, in _send_handling_auth
    response = self._send_handling_redirects(
               ^^^^^^^^^^^^^^^^^^^^^^^^^^^^^^
  File "/Users/nripeshpradhan/Documents/Github/i-test-season/.venv/lib/python3.11/site-packages/httpx/_client.py", line 979, in _send_handling_redirects
    response = self._send_single_request(request)
               ^^^^^^^^^^^^^^^^^^^^^^^^^^^^^^^^^^
  File "/Users/nripeshpradhan/Documents/Github/i-test-season/.venv/lib/python3.11/site-packages/httpx/_client.py", line 1014, in _send_single_request
    response = transport.handle_request(request)
               ^^^^^^^^^^^^^^^^^^^^^^^^^^^^^^^^^
  File "/Users/nripeshpradhan/Documents/Github/i-test-season/.venv/lib/python3.11/site-packages/httpx/_transports/default.py", line 249, in handle_request
    with map_httpcore_exceptions():
  File "/Users/nripeshpradhan/.local/share/uv/python/cpython-3.11.15-macos-aarch64-none/lib/python3.11/contextlib.py", line 158, in __exit__
    self.gen.throw(typ, value, traceback)
  File "/Users/nripeshpradhan/Documents/Github/i-test-season/.venv/lib/python3.11/site-packages/httpx/_transports/default.py", line 118, in map_httpcore_exceptions
    raise mapped_exc(message) from exc
httpx.RemoteProtocolError: Server disconnected without sending a response.
2026-08-21 17:01:23,684 ERROR poll cycle failed; backing off
Traceback (most recent call last):
  File "/Users/nripeshpradhan/Documents/Github/i-test-season/.venv/lib/python3.11/site-packages/httpx/_transports/default.py", line 101, in map_httpcore_exceptions
    yield
  File "/Users/nripeshpradhan/Documents/Github/i-test-season/.venv/lib/python3.11/site-packages/httpx/_transports/default.py", line 250, in handle_request
    resp = self._pool.handle_request(req)
           ^^^^^^^^^^^^^^^^^^^^^^^^^^^^^^
  File "/Users/nripeshpradhan/Documents/Github/i-test-season/.venv/lib/python3.11/site-packages/httpcore/_sync/connection_pool.py", line 256, in handle_request
    raise exc from None
  File "/Users/nripeshpradhan/Documents/Github/i-test-season/.venv/lib/python3.11/site-packages/httpcore/_sync/connection_pool.py", line 236, in handle_request
    response = connection.handle_request(
               ^^^^^^^^^^^^^^^^^^^^^^^^^^
  File "/Users/nripeshpradhan/Documents/Github/i-test-season/.venv/lib/python3.11/site-packages/httpcore/_sync/connection.py", line 103, in handle_request
    return self._connection.handle_request(request)
           ^^^^^^^^^^^^^^^^^^^^^^^^^^^^^^^^^^^^^^^^
  File "/Users/nripeshpradhan/Documents/Github/i-test-season/.venv/lib/python3.11/site-packages/httpcore/_sync/http11.py", line 136, in handle_request
    raise exc
  File "/Users/nripeshpradhan/Documents/Github/i-test-season/.venv/lib/python3.11/site-packages/httpcore/_sync/http11.py", line 106, in handle_request
    ) = self._receive_response_headers(**kwargs)
        ^^^^^^^^^^^^^^^^^^^^^^^^^^^^^^^^^^^^^^^^
  File "/Users/nripeshpradhan/Documents/Github/i-test-season/.venv/lib/python3.11/site-packages/httpcore/_sync/http11.py", line 177, in _receive_response_headers
    event = self._receive_event(timeout=timeout)
            ^^^^^^^^^^^^^^^^^^^^^^^^^^^^^^^^^^^^
  File "/Users/nripeshpradhan/Documents/Github/i-test-season/.venv/lib/python3.11/site-packages/httpcore/_sync/http11.py", line 217, in _receive_event
    data = self._network_stream.read(
           ^^^^^^^^^^^^^^^^^^^^^^^^^^
  File "/Users/nripeshpradhan/Documents/Github/i-test-season/.venv/lib/python3.11/site-packages/httpcore/_backends/sync.py", line 126, in read
    with map_exceptions(exc_map):
  File "/Users/nripeshpradhan/.local/share/uv/python/cpython-3.11.15-macos-aarch64-none/lib/python3.11/contextlib.py", line 158, in __exit__
    self.gen.throw(typ, value, traceback)
  File "/Users/nripeshpradhan/Documents/Github/i-test-season/.venv/lib/python3.11/site-packages/httpcore/_exceptions.py", line 14, in map_exceptions
    raise to_exc(exc) from exc
httpcore.ReadTimeout: The read operation timed out

The above exception was the direct cause of the following exception:

Traceback (most recent call last):
  File "/Users/nripeshpradhan/Documents/Github/i-test-season/fpl_edge/interfaces/telegram.py", line 503, in run_forever
    self.poll_once(timeout=timeout)
  File "/Users/nripeshpradhan/Documents/Github/i-test-season/fpl_edge/interfaces/telegram.py", line 338, in poll_once
    body = self.transport.call(
           ^^^^^^^^^^^^^^^^^^^^
  File "/Users/nripeshpradhan/Documents/Github/i-test-season/fpl_edge/interfaces/telegram.py", line 102, in call
    resp = self._client.post(f"/{method}", json=payload, timeout=timeout)
           ^^^^^^^^^^^^^^^^^^^^^^^^^^^^^^^^^^^^^^^^^^^^^^^^^^^^^^^^^^^^^^
  File "/Users/nripeshpradhan/Documents/Github/i-test-season/.venv/lib/python3.11/site-packages/httpx/_client.py", line 1144, in post
    return self.request(
           ^^^^^^^^^^^^^
  File "/Users/nripeshpradhan/Documents/Github/i-test-season/.venv/lib/python3.11/site-packages/httpx/_client.py", line 825, in request
    return self.send(request, auth=auth, follow_redirects=follow_redirects)
           ^^^^^^^^^^^^^^^^^^^^^^^^^^^^^^^^^^^^^^^^^^^^^^^^^^^^^^^^^^^^^^^^
  File "/Users/nripeshpradhan/Documents/Github/i-test-season/.venv/lib/python3.11/site-packages/httpx/_client.py", line 914, in send
    response = self._send_handling_auth(
               ^^^^^^^^^^^^^^^^^^^^^^^^^
  File "/Users/nripeshpradhan/Documents/Github/i-test-season/.venv/lib/python3.11/site-packages/httpx/_client.py", line 942, in _send_handling_auth
    response = self._send_handling_redirects(
               ^^^^^^^^^^^^^^^^^^^^^^^^^^^^^^
  File "/Users/nripeshpradhan/Documents/Github/i-test-season/.venv/lib/python3.11/site-packages/httpx/_client.py", line 979, in _send_handling_redirects
    response = self._send_single_request(request)
               ^^^^^^^^^^^^^^^^^^^^^^^^^^^^^^^^^^
  File "/Users/nripeshpradhan/Documents/Github/i-test-season/.venv/lib/python3.11/site-packages/httpx/_client.py", line 1014, in _send_single_request
    response = transport.handle_request(request)
               ^^^^^^^^^^^^^^^^^^^^^^^^^^^^^^^^^
  File "/Users/nripeshpradhan/Documents/Github/i-test-season/.venv/lib/python3.11/site-packages/httpx/_transports/default.py", line 249, in handle_request
    with map_httpcore_exceptions():
  File "/Users/nripeshpradhan/.local/share/uv/python/cpython-3.11.15-macos-aarch64-none/lib/python3.11/contextlib.py", line 158, in __exit__
    self.gen.throw(typ, value, traceback)
  File "/Users/nripeshpradhan/Documents/Github/i-test-season/.venv/lib/python3.11/site-packages/httpx/_transports/default.py", line 118, in map_httpcore_exceptions
    raise mapped_exc(message) from exc
httpx.ReadTimeout: The read operation timed out
2026-08-21 17:05:22,309 ERROR poll cycle failed; backing off
Traceback (most recent call last):
  File "/Users/nripeshpradhan/Documents/Github/i-test-season/.venv/lib/python3.11/site-packages/httpx/_transports/default.py", line 101, in map_httpcore_exceptions
    yield
  File "/Users/nripeshpradhan/Documents/Github/i-test-season/.venv/lib/python3.11/site-packages/httpx/_transports/default.py", line 250, in handle_request
    resp = self._pool.handle_request(req)
           ^^^^^^^^^^^^^^^^^^^^^^^^^^^^^^
  File "/Users/nripeshpradhan/Documents/Github/i-test-season/.venv/lib/python3.11/site-packages/httpcore/_sync/connection_pool.py", line 256, in handle_request
    raise exc from None
  File "/Users/nripeshpradhan/Documents/Github/i-test-season/.venv/lib/python3.11/site-packages/httpcore/_sync/connection_pool.py", line 236, in handle_request
    response = connection.handle_request(
               ^^^^^^^^^^^^^^^^^^^^^^^^^^
  File "/Users/nripeshpradhan/Documents/Github/i-test-season/.venv/lib/python3.11/site-packages/httpcore/_sync/connection.py", line 103, in handle_request
    return self._connection.handle_request(request)
           ^^^^^^^^^^^^^^^^^^^^^^^^^^^^^^^^^^^^^^^^
  File "/Users/nripeshpradhan/Documents/Github/i-test-season/.venv/lib/python3.11/site-packages/httpcore/_sync/http11.py", line 136, in handle_request
    raise exc
  File "/Users/nripeshpradhan/Documents/Github/i-test-season/.venv/lib/python3.11/site-packages/httpcore/_sync/http11.py", line 106, in handle_request
    ) = self._receive_response_headers(**kwargs)
        ^^^^^^^^^^^^^^^^^^^^^^^^^^^^^^^^^^^^^^^^
  File "/Users/nripeshpradhan/Documents/Github/i-test-season/.venv/lib/python3.11/site-packages/httpcore/_sync/http11.py", line 177, in _receive_response_headers
    event = self._receive_event(timeout=timeout)
            ^^^^^^^^^^^^^^^^^^^^^^^^^^^^^^^^^^^^
  File "/Users/nripeshpradhan/Documents/Github/i-test-season/.venv/lib/python3.11/site-packages/httpcore/_sync/http11.py", line 217, in _receive_event
    data = self._network_stream.read(
           ^^^^^^^^^^^^^^^^^^^^^^^^^^
  File "/Users/nripeshpradhan/Documents/Github/i-test-season/.venv/lib/python3.11/site-packages/httpcore/_backends/sync.py", line 126, in read
    with map_exceptions(exc_map):
  File "/Users/nripeshpradhan/.local/share/uv/python/cpython-3.11.15-macos-aarch64-none/lib/python3.11/contextlib.py", line 158, in __exit__
    self.gen.throw(typ, value, traceback)
  File "/Users/nripeshpradhan/Documents/Github/i-test-season/.venv/lib/python3.11/site-packages/httpcore/_exceptions.py", line 14, in map_exceptions
    raise to_exc(exc) from exc
httpcore.ReadTimeout: The read operation timed out

The above exception was the direct cause of the following exception:

Traceback (most recent call last):
  File "/Users/nripeshpradhan/Documents/Github/i-test-season/fpl_edge/interfaces/telegram.py", line 503, in run_forever
    self.poll_once(timeout=timeout)
  File "/Users/nripeshpradhan/Documents/Github/i-test-season/fpl_edge/interfaces/telegram.py", line 338, in poll_once
    body = self.transport.call(
           ^^^^^^^^^^^^^^^^^^^^
  File "/Users/nripeshpradhan/Documents/Github/i-test-season/fpl_edge/interfaces/telegram.py", line 102, in call
    resp = self._client.post(f"/{method}", json=payload, timeout=timeout)
           ^^^^^^^^^^^^^^^^^^^^^^^^^^^^^^^^^^^^^^^^^^^^^^^^^^^^^^^^^^^^^^
  File "/Users/nripeshpradhan/Documents/Github/i-test-season/.venv/lib/python3.11/site-packages/httpx/_client.py", line 1144, in post
    return self.request(
           ^^^^^^^^^^^^^
  File "/Users/nripeshpradhan/Documents/Github/i-test-season/.venv/lib/python3.11/site-packages/httpx/_client.py", line 825, in request
    return self.send(request, auth=auth, follow_redirects=follow_redirects)
           ^^^^^^^^^^^^^^^^^^^^^^^^^^^^^^^^^^^^^^^^^^^^^^^^^^^^^^^^^^^^^^^^
  File "/Users/nripeshpradhan/Documents/Github/i-test-season/.venv/lib/python3.11/site-packages/httpx/_client.py", line 914, in send
    response = self._send_handling_auth(
               ^^^^^^^^^^^^^^^^^^^^^^^^^
  File "/Users/nripeshpradhan/Documents/Github/i-test-season/.venv/lib/python3.11/site-packages/httpx/_client.py", line 942, in _send_handling_auth
    response = self._send_handling_redirects(
               ^^^^^^^^^^^^^^^^^^^^^^^^^^^^^^
  File "/Users/nripeshpradhan/Documents/Github/i-test-season/.venv/lib/python3.11/site-packages/httpx/_client.py", line 979, in _send_handling_redirects
    response = self._send_single_request(request)
               ^^^^^^^^^^^^^^^^^^^^^^^^^^^^^^^^^^
  File "/Users/nripeshpradhan/Documents/Github/i-test-season/.venv/lib/python3.11/site-packages/httpx/_client.py", line 1014, in _send_single_request
    response = transport.handle_request(request)
               ^^^^^^^^^^^^^^^^^^^^^^^^^^^^^^^^^
  File "/Users/nripeshpradhan/Documents/Github/i-test-season/.venv/lib/python3.11/site-packages/httpx/_transports/default.py", line 249, in handle_request
    with map_httpcore_exceptions():
  File "/Users/nripeshpradhan/.local/share/uv/python/cpython-3.11.15-macos-aarch64-none/lib/python3.11/contextlib.py", line 158, in __exit__
    self.gen.throw(typ, value, traceback)
  File "/Users/nripeshpradhan/Documents/Github/i-test-season/.venv/lib/python3.11/site-packages/httpx/_transports/default.py", line 118, in map_httpcore_exceptions
    raise mapped_exc(message) from exc
httpx.ReadTimeout: The read operation timed out
2026-08-21 17:10:42,515 ERROR poll cycle failed; backing off
Traceback (most recent call last):
  File "/Users/nripeshpradhan/Documents/Github/i-test-season/.venv/lib/python3.11/site-packages/httpx/_transports/default.py", line 101, in map_httpcore_exceptions
    yield
  File "/Users/nripeshpradhan/Documents/Github/i-test-season/.venv/lib/python3.11/site-packages/httpx/_transports/default.py", line 250, in handle_request
    resp = self._pool.handle_request(req)
           ^^^^^^^^^^^^^^^^^^^^^^^^^^^^^^
  File "/Users/nripeshpradhan/Documents/Github/i-test-season/.venv/lib/python3.11/site-packages/httpcore/_sync/connection_pool.py", line 256, in handle_request
    raise exc from None
  File "/Users/nripeshpradhan/Documents/Github/i-test-season/.venv/lib/python3.11/site-packages/httpcore/_sync/connection_pool.py", line 236, in handle_request
    response = connection.handle_request(
               ^^^^^^^^^^^^^^^^^^^^^^^^^^
  File "/Users/nripeshpradhan/Documents/Github/i-test-season/.venv/lib/python3.11/site-packages/httpcore/_sync/connection.py", line 103, in handle_request
    return self._connection.handle_request(request)
           ^^^^^^^^^^^^^^^^^^^^^^^^^^^^^^^^^^^^^^^^
  File "/Users/nripeshpradhan/Documents/Github/i-test-season/.venv/lib/python3.11/site-packages/httpcore/_sync/http11.py", line 136, in handle_request
    raise exc
  File "/Users/nripeshpradhan/Documents/Github/i-test-season/.venv/lib/python3.11/site-packages/httpcore/_sync/http11.py", line 106, in handle_request
    ) = self._receive_response_headers(**kwargs)
        ^^^^^^^^^^^^^^^^^^^^^^^^^^^^^^^^^^^^^^^^
  File "/Users/nripeshpradhan/Documents/Github/i-test-season/.venv/lib/python3.11/site-packages/httpcore/_sync/http11.py", line 177, in _receive_response_headers
    event = self._receive_event(timeout=timeout)
            ^^^^^^^^^^^^^^^^^^^^^^^^^^^^^^^^^^^^
  File "/Users/nripeshpradhan/Documents/Github/i-test-season/.venv/lib/python3.11/site-packages/httpcore/_sync/http11.py", line 217, in _receive_event
    data = self._network_stream.read(
           ^^^^^^^^^^^^^^^^^^^^^^^^^^
  File "/Users/nripeshpradhan/Documents/Github/i-test-season/.venv/lib/python3.11/site-packages/httpcore/_backends/sync.py", line 126, in read
    with map_exceptions(exc_map):
  File "/Users/nripeshpradhan/.local/share/uv/python/cpython-3.11.15-macos-aarch64-none/lib/python3.11/contextlib.py", line 158, in __exit__
    self.gen.throw(typ, value, traceback)
  File "/Users/nripeshpradhan/Documents/Github/i-test-season/.venv/lib/python3.11/site-packages/httpcore/_exceptions.py", line 14, in map_exceptions
    raise to_exc(exc) from exc
httpcore.ReadTimeout: The read operation timed out

The above exception was the direct cause of the following exception:

Traceback (most recent call last):
  File "/Users/nripeshpradhan/Documents/Github/i-test-season/fpl_edge/interfaces/telegram.py", line 503, in run_forever
    self.poll_once(timeout=timeout)
  File "/Users/nripeshpradhan/Documents/Github/i-test-season/fpl_edge/interfaces/telegram.py", line 338, in poll_once
    body = self.transport.call(
           ^^^^^^^^^^^^^^^^^^^^
  File "/Users/nripeshpradhan/Documents/Github/i-test-season/fpl_edge/interfaces/telegram.py", line 102, in call
    resp = self._client.post(f"/{method}", json=payload, timeout=timeout)
           ^^^^^^^^^^^^^^^^^^^^^^^^^^^^^^^^^^^^^^^^^^^^^^^^^^^^^^^^^^^^^^
  File "/Users/nripeshpradhan/Documents/Github/i-test-season/.venv/lib/python3.11/site-packages/httpx/_client.py", line 1144, in post
    return self.request(
           ^^^^^^^^^^^^^
  File "/Users/nripeshpradhan/Documents/Github/i-test-season/.venv/lib/python3.11/site-packages/httpx/_client.py", line 825, in request
    return self.send(request, auth=auth, follow_redirects=follow_redirects)
           ^^^^^^^^^^^^^^^^^^^^^^^^^^^^^^^^^^^^^^^^^^^^^^^^^^^^^^^^^^^^^^^^
  File "/Users/nripeshpradhan/Documents/Github/i-test-season/.venv/lib/python3.11/site-packages/httpx/_client.py", line 914, in send
    response = self._send_handling_auth(
               ^^^^^^^^^^^^^^^^^^^^^^^^^
  File "/Users/nripeshpradhan/Documents/Github/i-test-season/.venv/lib/python3.11/site-packages/httpx/_client.py", line 942, in _send_handling_auth
    response = self._send_handling_redirects(
               ^^^^^^^^^^^^^^^^^^^^^^^^^^^^^^
  File "/Users/nripeshpradhan/Documents/Github/i-test-season/.venv/lib/python3.11/site-packages/httpx/_client.py", line 979, in _send_handling_redirects
    response = self._send_single_request(request)
               ^^^^^^^^^^^^^^^^^^^^^^^^^^^^^^^^^^
  File "/Users/nripeshpradhan/Documents/Github/i-test-season/.venv/lib/python3.11/site-packages/httpx/_client.py", line 1014, in _send_single_request
    response = transport.handle_request(request)
               ^^^^^^^^^^^^^^^^^^^^^^^^^^^^^^^^^
  File "/Users/nripeshpradhan/Documents/Github/i-test-season/.venv/lib/python3.11/site-packages/httpx/_transports/default.py", line 249, in handle_request
    with map_httpcore_exceptions():
  File "/Users/nripeshpradhan/.local/share/uv/python/cpython-3.11.15-macos-aarch64-none/lib/python3.11/contextlib.py", line 158, in __exit__
    self.gen.throw(typ, value, traceback)
  File "/Users/nripeshpradhan/Documents/Github/i-test-season/.venv/lib/python3.11/site-packages/httpx/_transports/default.py", line 118, in map_httpcore_exceptions
    raise mapped_exc(message) from exc
httpx.ReadTimeout: The read operation timed out
2026-08-21 17:14:40,118 ERROR poll cycle failed; backing off
Traceback (most recent call last):
  File "/Users/nripeshpradhan/Documents/Github/i-test-season/.venv/lib/python3.11/site-packages/httpx/_transports/default.py", line 101, in map_httpcore_exceptions
    yield
  File "/Users/nripeshpradhan/Documents/Github/i-test-season/.venv/lib/python3.11/site-packages/httpx/_transports/default.py", line 250, in handle_request
    resp = self._pool.handle_request(req)
           ^^^^^^^^^^^^^^^^^^^^^^^^^^^^^^
  File "/Users/nripeshpradhan/Documents/Github/i-test-season/.venv/lib/python3.11/site-packages/httpcore/_sync/connection_pool.py", line 256, in handle_request
    raise exc from None
  File "/Users/nripeshpradhan/Documents/Github/i-test-season/.venv/lib/python3.11/site-packages/httpcore/_sync/connection_pool.py", line 236, in handle_request
    response = connection.handle_request(
               ^^^^^^^^^^^^^^^^^^^^^^^^^^
  File "/Users/nripeshpradhan/Documents/Github/i-test-season/.venv/lib/python3.11/site-packages/httpcore/_sync/connection.py", line 103, in handle_request
    return self._connection.handle_request(request)
           ^^^^^^^^^^^^^^^^^^^^^^^^^^^^^^^^^^^^^^^^
  File "/Users/nripeshpradhan/Documents/Github/i-test-season/.venv/lib/python3.11/site-packages/httpcore/_sync/http11.py", line 136, in handle_request
    raise exc
  File "/Users/nripeshpradhan/Documents/Github/i-test-season/.venv/lib/python3.11/site-packages/httpcore/_sync/http11.py", line 106, in handle_request
    ) = self._receive_response_headers(**kwargs)
        ^^^^^^^^^^^^^^^^^^^^^^^^^^^^^^^^^^^^^^^^
  File "/Users/nripeshpradhan/Documents/Github/i-test-season/.venv/lib/python3.11/site-packages/httpcore/_sync/http11.py", line 177, in _receive_response_headers
    event = self._receive_event(timeout=timeout)
            ^^^^^^^^^^^^^^^^^^^^^^^^^^^^^^^^^^^^
  File "/Users/nripeshpradhan/Documents/Github/i-test-season/.venv/lib/python3.11/site-packages/httpcore/_sync/http11.py", line 217, in _receive_event
    data = self._network_stream.read(
           ^^^^^^^^^^^^^^^^^^^^^^^^^^
  File "/Users/nripeshpradhan/Documents/Github/i-test-season/.venv/lib/python3.11/site-packages/httpcore/_backends/sync.py", line 126, in read
    with map_exceptions(exc_map):
  File "/Users/nripeshpradhan/.local/share/uv/python/cpython-3.11.15-macos-aarch64-none/lib/python3.11/contextlib.py", line 158, in __exit__
    self.gen.throw(typ, value, traceback)
  File "/Users/nripeshpradhan/Documents/Github/i-test-season/.venv/lib/python3.11/site-packages/httpcore/_exceptions.py", line 14, in map_exceptions
    raise to_exc(exc) from exc
httpcore.ReadTimeout: The read operation timed out

The above exception was the direct cause of the following exception:

Traceback (most recent call last):
  File "/Users/nripeshpradhan/Documents/Github/i-test-season/fpl_edge/interfaces/telegram.py", line 503, in run_forever
    self.poll_once(timeout=timeout)
  File "/Users/nripeshpradhan/Documents/Github/i-test-season/fpl_edge/interfaces/telegram.py", line 338, in poll_once
    body = self.transport.call(
           ^^^^^^^^^^^^^^^^^^^^
  File "/Users/nripeshpradhan/Documents/Github/i-test-season/fpl_edge/interfaces/telegram.py", line 102, in call
    resp = self._client.post(f"/{method}", json=payload, timeout=timeout)
           ^^^^^^^^^^^^^^^^^^^^^^^^^^^^^^^^^^^^^^^^^^^^^^^^^^^^^^^^^^^^^^
  File "/Users/nripeshpradhan/Documents/Github/i-test-season/.venv/lib/python3.11/site-packages/httpx/_client.py", line 1144, in post
    return self.request(
           ^^^^^^^^^^^^^
  File "/Users/nripeshpradhan/Documents/Github/i-test-season/.venv/lib/python3.11/site-packages/httpx/_client.py", line 825, in request
    return self.send(request, auth=auth, follow_redirects=follow_redirects)
           ^^^^^^^^^^^^^^^^^^^^^^^^^^^^^^^^^^^^^^^^^^^^^^^^^^^^^^^^^^^^^^^^
  File "/Users/nripeshpradhan/Documents/Github/i-test-season/.venv/lib/python3.11/site-packages/httpx/_client.py", line 914, in send
    response = self._send_handling_auth(
               ^^^^^^^^^^^^^^^^^^^^^^^^^
  File "/Users/nripeshpradhan/Documents/Github/i-test-season/.venv/lib/python3.11/site-packages/httpx/_client.py", line 942, in _send_handling_auth
    response = self._send_handling_redirects(
               ^^^^^^^^^^^^^^^^^^^^^^^^^^^^^^
  File "/Users/nripeshpradhan/Documents/Github/i-test-season/.venv/lib/python3.11/site-packages/httpx/_client.py", line 979, in _send_handling_redirects
    response = self._send_single_request(request)
               ^^^^^^^^^^^^^^^^^^^^^^^^^^^^^^^^^^
  File "/Users/nripeshpradhan/Documents/Github/i-test-season/.venv/lib/python3.11/site-packages/httpx/_client.py", line 1014, in _send_single_request
    response = transport.handle_request(request)
               ^^^^^^^^^^^^^^^^^^^^^^^^^^^^^^^^^
  File "/Users/nripeshpradhan/Documents/Github/i-test-season/.venv/lib/python3.11/site-packages/httpx/_transports/default.py", line 249, in handle_request
    with map_httpcore_exceptions():
  File "/Users/nripeshpradhan/.local/share/uv/python/cpython-3.11.15-macos-aarch64-none/lib/python3.11/contextlib.py", line 158, in __exit__
    self.gen.throw(typ, value, traceback)
  File "/Users/nripeshpradhan/Documents/Github/i-test-season/.venv/lib/python3.11/site-packages/httpx/_transports/default.py", line 118, in map_httpcore_exceptions
    raise mapped_exc(message) from exc
httpx.ReadTimeout: The read operation timed out
2026-08-21 17:25:31,268 ERROR poll cycle failed; backing off
Traceback (most recent call last):
  File "/Users/nripeshpradhan/Documents/Github/i-test-season/.venv/lib/python3.11/site-packages/httpx/_transports/default.py", line 101, in map_httpcore_exceptions
    yield
  File "/Users/nripeshpradhan/Documents/Github/i-test-season/.venv/lib/python3.11/site-packages/httpx/_transports/default.py", line 250, in handle_request
    resp = self._pool.handle_request(req)
           ^^^^^^^^^^^^^^^^^^^^^^^^^^^^^^
  File "/Users/nripeshpradhan/Documents/Github/i-test-season/.venv/lib/python3.11/site-packages/httpcore/_sync/connection_pool.py", line 256, in handle_request
    raise exc from None
  File "/Users/nripeshpradhan/Documents/Github/i-test-season/.venv/lib/python3.11/site-packages/httpcore/_sync/connection_pool.py", line 236, in handle_request
    response = connection.handle_request(
               ^^^^^^^^^^^^^^^^^^^^^^^^^^
  File "/Users/nripeshpradhan/Documents/Github/i-test-season/.venv/lib/python3.11/site-packages/httpcore/_sync/connection.py", line 103, in handle_request
    return self._connection.handle_request(request)
           ^^^^^^^^^^^^^^^^^^^^^^^^^^^^^^^^^^^^^^^^
  File "/Users/nripeshpradhan/Documents/Github/i-test-season/.venv/lib/python3.11/site-packages/httpcore/_sync/http11.py", line 136, in handle_request
    raise exc
  File "/Users/nripeshpradhan/Documents/Github/i-test-season/.venv/lib/python3.11/site-packages/httpcore/_sync/http11.py", line 106, in handle_request
    ) = self._receive_response_headers(**kwargs)
        ^^^^^^^^^^^^^^^^^^^^^^^^^^^^^^^^^^^^^^^^
  File "/Users/nripeshpradhan/Documents/Github/i-test-season/.venv/lib/python3.11/site-packages/httpcore/_sync/http11.py", line 177, in _receive_response_headers
    event = self._receive_event(timeout=timeout)
            ^^^^^^^^^^^^^^^^^^^^^^^^^^^^^^^^^^^^
  File "/Users/nripeshpradhan/Documents/Github/i-test-season/.venv/lib/python3.11/site-packages/httpcore/_sync/http11.py", line 217, in _receive_event
    data = self._network_stream.read(
           ^^^^^^^^^^^^^^^^^^^^^^^^^^
  File "/Users/nripeshpradhan/Documents/Github/i-test-season/.venv/lib/python3.11/site-packages/httpcore/_backends/sync.py", line 126, in read
    with map_exceptions(exc_map):
  File "/Users/nripeshpradhan/.local/share/uv/python/cpython-3.11.15-macos-aarch64-none/lib/python3.11/contextlib.py", line 158, in __exit__
    self.gen.throw(typ, value, traceback)
  File "/Users/nripeshpradhan/Documents/Github/i-test-season/.venv/lib/python3.11/site-packages/httpcore/_exceptions.py", line 14, in map_exceptions
    raise to_exc(exc) from exc
httpcore.ReadTimeout: The read operation timed out

The above exception was the direct cause of the following exception:

Traceback (most recent call last):
  File "/Users/nripeshpradhan/Documents/Github/i-test-season/fpl_edge/interfaces/telegram.py", line 503, in run_forever
    self.poll_once(timeout=timeout)
  File "/Users/nripeshpradhan/Documents/Github/i-test-season/fpl_edge/interfaces/telegram.py", line 338, in poll_once
    body = self.transport.call(
           ^^^^^^^^^^^^^^^^^^^^
  File "/Users/nripeshpradhan/Documents/Github/i-test-season/fpl_edge/interfaces/telegram.py", line 102, in call
    resp = self._client.post(f"/{method}", json=payload, timeout=timeout)
           ^^^^^^^^^^^^^^^^^^^^^^^^^^^^^^^^^^^^^^^^^^^^^^^^^^^^^^^^^^^^^^
  File "/Users/nripeshpradhan/Documents/Github/i-test-season/.venv/lib/python3.11/site-packages/httpx/_client.py", line 1144, in post
    return self.request(
           ^^^^^^^^^^^^^
  File "/Users/nripeshpradhan/Documents/Github/i-test-season/.venv/lib/python3.11/site-packages/httpx/_client.py", line 825, in request
    return self.send(request, auth=auth, follow_redirects=follow_redirects)
           ^^^^^^^^^^^^^^^^^^^^^^^^^^^^^^^^^^^^^^^^^^^^^^^^^^^^^^^^^^^^^^^^
  File "/Users/nripeshpradhan/Documents/Github/i-test-season/.venv/lib/python3.11/site-packages/httpx/_client.py", line 914, in send
    response = self._send_handling_auth(
               ^^^^^^^^^^^^^^^^^^^^^^^^^
  File "/Users/nripeshpradhan/Documents/Github/i-test-season/.venv/lib/python3.11/site-packages/httpx/_client.py", line 942, in _send_handling_auth
    response = self._send_handling_redirects(
               ^^^^^^^^^^^^^^^^^^^^^^^^^^^^^^
  File "/Users/nripeshpradhan/Documents/Github/i-test-season/.venv/lib/python3.11/site-packages/httpx/_client.py", line 979, in _send_handling_redirects
    response = self._send_single_request(request)
               ^^^^^^^^^^^^^^^^^^^^^^^^^^^^^^^^^^
  File "/Users/nripeshpradhan/Documents/Github/i-test-season/.venv/lib/python3.11/site-packages/httpx/_client.py", line 1014, in _send_single_request
    response = transport.handle_request(request)
               ^^^^^^^^^^^^^^^^^^^^^^^^^^^^^^^^^
  File "/Users/nripeshpradhan/Documents/Github/i-test-season/.venv/lib/python3.11/site-packages/httpx/_transports/default.py", line 249, in handle_request
    with map_httpcore_exceptions():
  File "/Users/nripeshpradhan/.local/share/uv/python/cpython-3.11.15-macos-aarch64-none/lib/python3.11/contextlib.py", line 158, in __exit__
    self.gen.throw(typ, value, traceback)
  File "/Users/nripeshpradhan/Documents/Github/i-test-season/.venv/lib/python3.11/site-packages/httpx/_transports/default.py", line 118, in map_httpcore_exceptions
    raise mapped_exc(message) from exc
httpx.ReadTimeout: The read operation timed out
2026-08-21 17:31:20,317 ERROR poll cycle failed; backing off
Traceback (most recent call last):
  File "/Users/nripeshpradhan/Documents/Github/i-test-season/.venv/lib/python3.11/site-packages/httpx/_transports/default.py", line 101, in map_httpcore_exceptions
    yield
  File "/Users/nripeshpradhan/Documents/Github/i-test-season/.venv/lib/python3.11/site-packages/httpx/_transports/default.py", line 250, in handle_request
    resp = self._pool.handle_request(req)
           ^^^^^^^^^^^^^^^^^^^^^^^^^^^^^^
  File "/Users/nripeshpradhan/Documents/Github/i-test-season/.venv/lib/python3.11/site-packages/httpcore/_sync/connection_pool.py", line 256, in handle_request
    raise exc from None
  File "/Users/nripeshpradhan/Documents/Github/i-test-season/.venv/lib/python3.11/site-packages/httpcore/_sync/connection_pool.py", line 236, in handle_request
    response = connection.handle_request(
               ^^^^^^^^^^^^^^^^^^^^^^^^^^
  File "/Users/nripeshpradhan/Documents/Github/i-test-season/.venv/lib/python3.11/site-packages/httpcore/_sync/connection.py", line 103, in handle_request
    return self._connection.handle_request(request)
           ^^^^^^^^^^^^^^^^^^^^^^^^^^^^^^^^^^^^^^^^
  File "/Users/nripeshpradhan/Documents/Github/i-test-season/.venv/lib/python3.11/site-packages/httpcore/_sync/http11.py", line 136, in handle_request
    raise exc
  File "/Users/nripeshpradhan/Documents/Github/i-test-season/.venv/lib/python3.11/site-packages/httpcore/_sync/http11.py", line 106, in handle_request
    ) = self._receive_response_headers(**kwargs)
        ^^^^^^^^^^^^^^^^^^^^^^^^^^^^^^^^^^^^^^^^
  File "/Users/nripeshpradhan/Documents/Github/i-test-season/.venv/lib/python3.11/site-packages/httpcore/_sync/http11.py", line 177, in _receive_response_headers
    event = self._receive_event(timeout=timeout)
            ^^^^^^^^^^^^^^^^^^^^^^^^^^^^^^^^^^^^
  File "/Users/nripeshpradhan/Documents/Github/i-test-season/.venv/lib/python3.11/site-packages/httpcore/_sync/http11.py", line 217, in _receive_event
    data = self._network_stream.read(
           ^^^^^^^^^^^^^^^^^^^^^^^^^^
  File "/Users/nripeshpradhan/Documents/Github/i-test-season/.venv/lib/python3.11/site-packages/httpcore/_backends/sync.py", line 126, in read
    with map_exceptions(exc_map):
  File "/Users/nripeshpradhan/.local/share/uv/python/cpython-3.11.15-macos-aarch64-none/lib/python3.11/contextlib.py", line 158, in __exit__
    self.gen.throw(typ, value, traceback)
  File "/Users/nripeshpradhan/Documents/Github/i-test-season/.venv/lib/python3.11/site-packages/httpcore/_exceptions.py", line 14, in map_exceptions
    raise to_exc(exc) from exc
httpcore.ReadTimeout: The read operation timed out

The above exception was the direct cause of the following exception:

Traceback (most recent call last):
  File "/Users/nripeshpradhan/Documents/Github/i-test-season/fpl_edge/interfaces/telegram.py", line 503, in run_forever
    self.poll_once(timeout=timeout)
  File "/Users/nripeshpradhan/Documents/Github/i-test-season/fpl_edge/interfaces/telegram.py", line 338, in poll_once
    body = self.transport.call(
           ^^^^^^^^^^^^^^^^^^^^
  File "/Users/nripeshpradhan/Documents/Github/i-test-season/fpl_edge/interfaces/telegram.py", line 102, in call
    resp = self._client.post(f"/{method}", json=payload, timeout=timeout)
           ^^^^^^^^^^^^^^^^^^^^^^^^^^^^^^^^^^^^^^^^^^^^^^^^^^^^^^^^^^^^^^
  File "/Users/nripeshpradhan/Documents/Github/i-test-season/.venv/lib/python3.11/site-packages/httpx/_client.py", line 1144, in post
    return self.request(
           ^^^^^^^^^^^^^
  File "/Users/nripeshpradhan/Documents/Github/i-test-season/.venv/lib/python3.11/site-packages/httpx/_client.py", line 825, in request
    return self.send(request, auth=auth, follow_redirects=follow_redirects)
           ^^^^^^^^^^^^^^^^^^^^^^^^^^^^^^^^^^^^^^^^^^^^^^^^^^^^^^^^^^^^^^^^
  File "/Users/nripeshpradhan/Documents/Github/i-test-season/.venv/lib/python3.11/site-packages/httpx/_client.py", line 914, in send
    response = self._send_handling_auth(
               ^^^^^^^^^^^^^^^^^^^^^^^^^
  File "/Users/nripeshpradhan/Documents/Github/i-test-season/.venv/lib/python3.11/site-packages/httpx/_client.py", line 942, in _send_handling_auth
    response = self._send_handling_redirects(
               ^^^^^^^^^^^^^^^^^^^^^^^^^^^^^^
  File "/Users/nripeshpradhan/Documents/Github/i-test-season/.venv/lib/python3.11/site-packages/httpx/_client.py", line 979, in _send_handling_redirects
    response = self._send_single_request(request)
               ^^^^^^^^^^^^^^^^^^^^^^^^^^^^^^^^^^
  File "/Users/nripeshpradhan/Documents/Github/i-test-season/.venv/lib/python3.11/site-packages/httpx/_client.py", line 1014, in _send_single_request
    response = transport.handle_request(request)
               ^^^^^^^^^^^^^^^^^^^^^^^^^^^^^^^^^
  File "/Users/nripeshpradhan/Documents/Github/i-test-season/.venv/lib/python3.11/site-packages/httpx/_transports/default.py", line 249, in handle_request
    with map_httpcore_exceptions():
  File "/Users/nripeshpradhan/.local/share/uv/python/cpython-3.11.15-macos-aarch64-none/lib/python3.11/contextlib.py", line 158, in __exit__
    self.gen.throw(typ, value, traceback)
  File "/Users/nripeshpradhan/Documents/Github/i-test-season/.venv/lib/python3.11/site-packages/httpx/_transports/default.py", line 118, in map_httpcore_exceptions
    raise mapped_exc(message) from exc
httpx.ReadTimeout: The read operation timed out
2026-08-21 17:41:18,539 ERROR poll cycle failed; backing off
Traceback (most recent call last):
  File "/Users/nripeshpradhan/Documents/Github/i-test-season/.venv/lib/python3.11/site-packages/httpx/_transports/default.py", line 101, in map_httpcore_exceptions
    yield
  File "/Users/nripeshpradhan/Documents/Github/i-test-season/.venv/lib/python3.11/site-packages/httpx/_transports/default.py", line 250, in handle_request
    resp = self._pool.handle_request(req)
           ^^^^^^^^^^^^^^^^^^^^^^^^^^^^^^
  File "/Users/nripeshpradhan/Documents/Github/i-test-season/.venv/lib/python3.11/site-packages/httpcore/_sync/connection_pool.py", line 256, in handle_request
    raise exc from None
  File "/Users/nripeshpradhan/Documents/Github/i-test-season/.venv/lib/python3.11/site-packages/httpcore/_sync/connection_pool.py", line 236, in handle_request
    response = connection.handle_request(
               ^^^^^^^^^^^^^^^^^^^^^^^^^^
  File "/Users/nripeshpradhan/Documents/Github/i-test-season/.venv/lib/python3.11/site-packages/httpcore/_sync/connection.py", line 103, in handle_request
    return self._connection.handle_request(request)
           ^^^^^^^^^^^^^^^^^^^^^^^^^^^^^^^^^^^^^^^^
  File "/Users/nripeshpradhan/Documents/Github/i-test-season/.venv/lib/python3.11/site-packages/httpcore/_sync/http11.py", line 136, in handle_request
    raise exc
  File "/Users/nripeshpradhan/Documents/Github/i-test-season/.venv/lib/python3.11/site-packages/httpcore/_sync/http11.py", line 106, in handle_request
    ) = self._receive_response_headers(**kwargs)
        ^^^^^^^^^^^^^^^^^^^^^^^^^^^^^^^^^^^^^^^^
  File "/Users/nripeshpradhan/Documents/Github/i-test-season/.venv/lib/python3.11/site-packages/httpcore/_sync/http11.py", line 177, in _receive_response_headers
    event = self._receive_event(timeout=timeout)
            ^^^^^^^^^^^^^^^^^^^^^^^^^^^^^^^^^^^^
  File "/Users/nripeshpradhan/Documents/Github/i-test-season/.venv/lib/python3.11/site-packages/httpcore/_sync/http11.py", line 217, in _receive_event
    data = self._network_stream.read(
           ^^^^^^^^^^^^^^^^^^^^^^^^^^
  File "/Users/nripeshpradhan/Documents/Github/i-test-season/.venv/lib/python3.11/site-packages/httpcore/_backends/sync.py", line 126, in read
    with map_exceptions(exc_map):
  File "/Users/nripeshpradhan/.local/share/uv/python/cpython-3.11.15-macos-aarch64-none/lib/python3.11/contextlib.py", line 158, in __exit__
    self.gen.throw(typ, value, traceback)
  File "/Users/nripeshpradhan/Documents/Github/i-test-season/.venv/lib/python3.11/site-packages/httpcore/_exceptions.py", line 14, in map_exceptions
    raise to_exc(exc) from exc
httpcore.ReadTimeout: The read operation timed out

The above exception was the direct cause of the following exception:

Traceback (most recent call last):
  File "/Users/nripeshpradhan/Documents/Github/i-test-season/fpl_edge/interfaces/telegram.py", line 503, in run_forever
    self.poll_once(timeout=timeout)
  File "/Users/nripeshpradhan/Documents/Github/i-test-season/fpl_edge/interfaces/telegram.py", line 338, in poll_once
    body = self.transport.call(
           ^^^^^^^^^^^^^^^^^^^^
  File "/Users/nripeshpradhan/Documents/Github/i-test-season/fpl_edge/interfaces/telegram.py", line 102, in call
    resp = self._client.post(f"/{method}", json=payload, timeout=timeout)
           ^^^^^^^^^^^^^^^^^^^^^^^^^^^^^^^^^^^^^^^^^^^^^^^^^^^^^^^^^^^^^^
  File "/Users/nripeshpradhan/Documents/Github/i-test-season/.venv/lib/python3.11/site-packages/httpx/_client.py", line 1144, in post
    return self.request(
           ^^^^^^^^^^^^^
  File "/Users/nripeshpradhan/Documents/Github/i-test-season/.venv/lib/python3.11/site-packages/httpx/_client.py", line 825, in request
    return self.send(request, auth=auth, follow_redirects=follow_redirects)
           ^^^^^^^^^^^^^^^^^^^^^^^^^^^^^^^^^^^^^^^^^^^^^^^^^^^^^^^^^^^^^^^^
  File "/Users/nripeshpradhan/Documents/Github/i-test-season/.venv/lib/python3.11/site-packages/httpx/_client.py", line 914, in send
    response = self._send_handling_auth(
               ^^^^^^^^^^^^^^^^^^^^^^^^^
  File "/Users/nripeshpradhan/Documents/Github/i-test-season/.venv/lib/python3.11/site-packages/httpx/_client.py", line 942, in _send_handling_auth
    response = self._send_handling_redirects(
               ^^^^^^^^^^^^^^^^^^^^^^^^^^^^^^
  File "/Users/nripeshpradhan/Documents/Github/i-test-season/.venv/lib/python3.11/site-packages/httpx/_client.py", line 979, in _send_handling_redirects
    response = self._send_single_request(request)
               ^^^^^^^^^^^^^^^^^^^^^^^^^^^^^^^^^^
  File "/Users/nripeshpradhan/Documents/Github/i-test-season/.venv/lib/python3.11/site-packages/httpx/_client.py", line 1014, in _send_single_request
    response = transport.handle_request(request)
               ^^^^^^^^^^^^^^^^^^^^^^^^^^^^^^^^^
  File "/Users/nripeshpradhan/Documents/Github/i-test-season/.venv/lib/python3.11/site-packages/httpx/_transports/default.py", line 249, in handle_request
    with map_httpcore_exceptions():
  File "/Users/nripeshpradhan/.local/share/uv/python/cpython-3.11.15-macos-aarch64-none/lib/python3.11/contextlib.py", line 158, in __exit__
    self.gen.throw(typ, value, traceback)
  File "/Users/nripeshpradhan/Documents/Github/i-test-season/.venv/lib/python3.11/site-packages/httpx/_transports/default.py", line 118, in map_httpcore_exceptions
    raise mapped_exc(message) from exc
httpx.ReadTimeout: The read operation timed out
2026-08-21 18:06:25,385 ERROR poll cycle failed; backing off
Traceback (most recent call last):
  File "/Users/nripeshpradhan/Documents/Github/i-test-season/.venv/lib/python3.11/site-packages/httpx/_transports/default.py", line 101, in map_httpcore_exceptions
    yield
  File "/Users/nripeshpradhan/Documents/Github/i-test-season/.venv/lib/python3.11/site-packages/httpx/_transports/default.py", line 250, in handle_request
    resp = self._pool.handle_request(req)
           ^^^^^^^^^^^^^^^^^^^^^^^^^^^^^^
  File "/Users/nripeshpradhan/Documents/Github/i-test-season/.venv/lib/python3.11/site-packages/httpcore/_sync/connection_pool.py", line 256, in handle_request
    raise exc from None
  File "/Users/nripeshpradhan/Documents/Github/i-test-season/.venv/lib/python3.11/site-packages/httpcore/_sync/connection_pool.py", line 236, in handle_request
    response = connection.handle_request(
               ^^^^^^^^^^^^^^^^^^^^^^^^^^
  File "/Users/nripeshpradhan/Documents/Github/i-test-season/.venv/lib/python3.11/site-packages/httpcore/_sync/connection.py", line 103, in handle_request
    return self._connection.handle_request(request)
           ^^^^^^^^^^^^^^^^^^^^^^^^^^^^^^^^^^^^^^^^
  File "/Users/nripeshpradhan/Documents/Github/i-test-season/.venv/lib/python3.11/site-packages/httpcore/_sync/http11.py", line 136, in handle_request
    raise exc
  File "/Users/nripeshpradhan/Documents/Github/i-test-season/.venv/lib/python3.11/site-packages/httpcore/_sync/http11.py", line 106, in handle_request
    ) = self._receive_response_headers(**kwargs)
        ^^^^^^^^^^^^^^^^^^^^^^^^^^^^^^^^^^^^^^^^
  File "/Users/nripeshpradhan/Documents/Github/i-test-season/.venv/lib/python3.11/site-packages/httpcore/_sync/http11.py", line 177, in _receive_response_headers
    event = self._receive_event(timeout=timeout)
            ^^^^^^^^^^^^^^^^^^^^^^^^^^^^^^^^^^^^
  File "/Users/nripeshpradhan/Documents/Github/i-test-season/.venv/lib/python3.11/site-packages/httpcore/_sync/http11.py", line 217, in _receive_event
    data = self._network_stream.read(
           ^^^^^^^^^^^^^^^^^^^^^^^^^^
  File "/Users/nripeshpradhan/Documents/Github/i-test-season/.venv/lib/python3.11/site-packages/httpcore/_backends/sync.py", line 126, in read
    with map_exceptions(exc_map):
  File "/Users/nripeshpradhan/.local/share/uv/python/cpython-3.11.15-macos-aarch64-none/lib/python3.11/contextlib.py", line 158, in __exit__
    self.gen.throw(typ, value, traceback)
  File "/Users/nripeshpradhan/Documents/Github/i-test-season/.venv/lib/python3.11/site-packages/httpcore/_exceptions.py", line 14, in map_exceptions
    raise to_exc(exc) from exc
httpcore.ReadTimeout: The read operation timed out

The above exception was the direct cause of the following exception:

Traceback (most recent call last):
  File "/Users/nripeshpradhan/Documents/Github/i-test-season/fpl_edge/interfaces/telegram.py", line 503, in run_forever
    self.poll_once(timeout=timeout)
  File "/Users/nripeshpradhan/Documents/Github/i-test-season/fpl_edge/interfaces/telegram.py", line 338, in poll_once
    body = self.transport.call(
           ^^^^^^^^^^^^^^^^^^^^
  File "/Users/nripeshpradhan/Documents/Github/i-test-season/fpl_edge/interfaces/telegram.py", line 102, in call
    resp = self._client.post(f"/{method}", json=payload, timeout=timeout)
           ^^^^^^^^^^^^^^^^^^^^^^^^^^^^^^^^^^^^^^^^^^^^^^^^^^^^^^^^^^^^^^
  File "/Users/nripeshpradhan/Documents/Github/i-test-season/.venv/lib/python3.11/site-packages/httpx/_client.py", line 1144, in post
    return self.request(
           ^^^^^^^^^^^^^
  File "/Users/nripeshpradhan/Documents/Github/i-test-season/.venv/lib/python3.11/site-packages/httpx/_client.py", line 825, in request
    return self.send(request, auth=auth, follow_redirects=follow_redirects)
           ^^^^^^^^^^^^^^^^^^^^^^^^^^^^^^^^^^^^^^^^^^^^^^^^^^^^^^^^^^^^^^^^
  File "/Users/nripeshpradhan/Documents/Github/i-test-season/.venv/lib/python3.11/site-packages/httpx/_client.py", line 914, in send
    response = self._send_handling_auth(
               ^^^^^^^^^^^^^^^^^^^^^^^^^
  File "/Users/nripeshpradhan/Documents/Github/i-test-season/.venv/lib/python3.11/site-packages/httpx/_client.py", line 942, in _send_handling_auth
    response = self._send_handling_redirects(
               ^^^^^^^^^^^^^^^^^^^^^^^^^^^^^^
  File "/Users/nripeshpradhan/Documents/Github/i-test-season/.venv/lib/python3.11/site-packages/httpx/_client.py", line 979, in _send_handling_redirects
    response = self._send_single_request(request)
               ^^^^^^^^^^^^^^^^^^^^^^^^^^^^^^^^^^
  File "/Users/nripeshpradhan/Documents/Github/i-test-season/.venv/lib/python3.11/site-packages/httpx/_client.py", line 1014, in _send_single_request
    response = transport.handle_request(request)
               ^^^^^^^^^^^^^^^^^^^^^^^^^^^^^^^^^
  File "/Users/nripeshpradhan/Documents/Github/i-test-season/.venv/lib/python3.11/site-packages/httpx/_transports/default.py", line 249, in handle_request
    with map_httpcore_exceptions():
  File "/Users/nripeshpradhan/.local/share/uv/python/cpython-3.11.15-macos-aarch64-none/lib/python3.11/contextlib.py", line 158, in __exit__
    self.gen.throw(typ, value, traceback)
  File "/Users/nripeshpradhan/Documents/Github/i-test-season/.venv/lib/python3.11/site-packages/httpx/_transports/default.py", line 118, in map_httpcore_exceptions
    raise mapped_exc(message) from exc
httpx.ReadTimeout: The read operation timed out
2026-08-21 18:32:05,433 ERROR poll cycle failed; backing off
Traceback (most recent call last):
  File "/Users/nripeshpradhan/Documents/Github/i-test-season/.venv/lib/python3.11/site-packages/httpx/_transports/default.py", line 101, in map_httpcore_exceptions
    yield
  File "/Users/nripeshpradhan/Documents/Github/i-test-season/.venv/lib/python3.11/site-packages/httpx/_transports/default.py", line 250, in handle_request
    resp = self._pool.handle_request(req)
           ^^^^^^^^^^^^^^^^^^^^^^^^^^^^^^
  File "/Users/nripeshpradhan/Documents/Github/i-test-season/.venv/lib/python3.11/site-packages/httpcore/_sync/connection_pool.py", line 256, in handle_request
    raise exc from None
  File "/Users/nripeshpradhan/Documents/Github/i-test-season/.venv/lib/python3.11/site-packages/httpcore/_sync/connection_pool.py", line 236, in handle_request
    response = connection.handle_request(
               ^^^^^^^^^^^^^^^^^^^^^^^^^^
  File "/Users/nripeshpradhan/Documents/Github/i-test-season/.venv/lib/python3.11/site-packages/httpcore/_sync/connection.py", line 103, in handle_request
    return self._connection.handle_request(request)
           ^^^^^^^^^^^^^^^^^^^^^^^^^^^^^^^^^^^^^^^^
  File "/Users/nripeshpradhan/Documents/Github/i-test-season/.venv/lib/python3.11/site-packages/httpcore/_sync/http11.py", line 136, in handle_request
    raise exc
  File "/Users/nripeshpradhan/Documents/Github/i-test-season/.venv/lib/python3.11/site-packages/httpcore/_sync/http11.py", line 106, in handle_request
    ) = self._receive_response_headers(**kwargs)
        ^^^^^^^^^^^^^^^^^^^^^^^^^^^^^^^^^^^^^^^^
  File "/Users/nripeshpradhan/Documents/Github/i-test-season/.venv/lib/python3.11/site-packages/httpcore/_sync/http11.py", line 177, in _receive_response_headers
    event = self._receive_event(timeout=timeout)
            ^^^^^^^^^^^^^^^^^^^^^^^^^^^^^^^^^^^^
  File "/Users/nripeshpradhan/Documents/Github/i-test-season/.venv/lib/python3.11/site-packages/httpcore/_sync/http11.py", line 217, in _receive_event
    data = self._network_stream.read(
           ^^^^^^^^^^^^^^^^^^^^^^^^^^
  File "/Users/nripeshpradhan/Documents/Github/i-test-season/.venv/lib/python3.11/site-packages/httpcore/_backends/sync.py", line 126, in read
    with map_exceptions(exc_map):
  File "/Users/nripeshpradhan/.local/share/uv/python/cpython-3.11.15-macos-aarch64-none/lib/python3.11/contextlib.py", line 158, in __exit__
    self.gen.throw(typ, value, traceback)
  File "/Users/nripeshpradhan/Documents/Github/i-test-season/.venv/lib/python3.11/site-packages/httpcore/_exceptions.py", line 14, in map_exceptions
    raise to_exc(exc) from exc
httpcore.ReadTimeout: The read operation timed out

The above exception was the direct cause of the following exception:

Traceback (most recent call last):
  File "/Users/nripeshpradhan/Documents/Github/i-test-season/fpl_edge/interfaces/telegram.py", line 503, in run_forever
    self.poll_once(timeout=timeout)
  File "/Users/nripeshpradhan/Documents/Github/i-test-season/fpl_edge/interfaces/telegram.py", line 338, in poll_once
    body = self.transport.call(
           ^^^^^^^^^^^^^^^^^^^^
  File "/Users/nripeshpradhan/Documents/Github/i-test-season/fpl_edge/interfaces/telegram.py", line 102, in call
    resp = self._client.post(f"/{method}", json=payload, timeout=timeout)
           ^^^^^^^^^^^^^^^^^^^^^^^^^^^^^^^^^^^^^^^^^^^^^^^^^^^^^^^^^^^^^^
  File "/Users/nripeshpradhan/Documents/Github/i-test-season/.venv/lib/python3.11/site-packages/httpx/_client.py", line 1144, in post
    return self.request(
           ^^^^^^^^^^^^^
  File "/Users/nripeshpradhan/Documents/Github/i-test-season/.venv/lib/python3.11/site-packages/httpx/_client.py", line 825, in request
    return self.send(request, auth=auth, follow_redirects=follow_redirects)
           ^^^^^^^^^^^^^^^^^^^^^^^^^^^^^^^^^^^^^^^^^^^^^^^^^^^^^^^^^^^^^^^^
  File "/Users/nripeshpradhan/Documents/Github/i-test-season/.venv/lib/python3.11/site-packages/httpx/_client.py", line 914, in send
    response = self._send_handling_auth(
               ^^^^^^^^^^^^^^^^^^^^^^^^^
  File "/Users/nripeshpradhan/Documents/Github/i-test-season/.venv/lib/python3.11/site-packages/httpx/_client.py", line 942, in _send_handling_auth
    response = self._send_handling_redirects(
               ^^^^^^^^^^^^^^^^^^^^^^^^^^^^^^
  File "/Users/nripeshpradhan/Documents/Github/i-test-season/.venv/lib/python3.11/site-packages/httpx/_client.py", line 979, in _send_handling_redirects
    response = self._send_single_request(request)
               ^^^^^^^^^^^^^^^^^^^^^^^^^^^^^^^^^^
  File "/Users/nripeshpradhan/Documents/Github/i-test-season/.venv/lib/python3.11/site-packages/httpx/_client.py", line 1014, in _send_single_request
    response = transport.handle_request(request)
               ^^^^^^^^^^^^^^^^^^^^^^^^^^^^^^^^^
  File "/Users/nripeshpradhan/Documents/Github/i-test-season/.venv/lib/python3.11/site-packages/httpx/_transports/default.py", line 249, in handle_request
    with map_httpcore_exceptions():
  File "/Users/nripeshpradhan/.local/share/uv/python/cpython-3.11.15-macos-aarch64-none/lib/python3.11/contextlib.py", line 158, in __exit__
    self.gen.throw(typ, value, traceback)
  File "/Users/nripeshpradhan/Documents/Github/i-test-season/.venv/lib/python3.11/site-packages/httpx/_transports/default.py", line 118, in map_httpcore_exceptions
    raise mapped_exc(message) from exc
httpx.ReadTimeout: The read operation timed out
2026-08-21 18:44:34,804 ERROR poll cycle failed; backing off
Traceback (most recent call last):
  File "/Users/nripeshpradhan/Documents/Github/i-test-season/.venv/lib/python3.11/site-packages/httpx/_transports/default.py", line 101, in map_httpcore_exceptions
    yield
  File "/Users/nripeshpradhan/Documents/Github/i-test-season/.venv/lib/python3.11/site-packages/httpx/_transports/default.py", line 250, in handle_request
    resp = self._pool.handle_request(req)
           ^^^^^^^^^^^^^^^^^^^^^^^^^^^^^^
  File "/Users/nripeshpradhan/Documents/Github/i-test-season/.venv/lib/python3.11/site-packages/httpcore/_sync/connection_pool.py", line 256, in handle_request
    raise exc from None
  File "/Users/nripeshpradhan/Documents/Github/i-test-season/.venv/lib/python3.11/site-packages/httpcore/_sync/connection_pool.py", line 236, in handle_request
    response = connection.handle_request(
               ^^^^^^^^^^^^^^^^^^^^^^^^^^
  File "/Users/nripeshpradhan/Documents/Github/i-test-season/.venv/lib/python3.11/site-packages/httpcore/_sync/connection.py", line 103, in handle_request
    return self._connection.handle_request(request)
           ^^^^^^^^^^^^^^^^^^^^^^^^^^^^^^^^^^^^^^^^
  File "/Users/nripeshpradhan/Documents/Github/i-test-season/.venv/lib/python3.11/site-packages/httpcore/_sync/http11.py", line 136, in handle_request
    raise exc
  File "/Users/nripeshpradhan/Documents/Github/i-test-season/.venv/lib/python3.11/site-packages/httpcore/_sync/http11.py", line 106, in handle_request
    ) = self._receive_response_headers(**kwargs)
        ^^^^^^^^^^^^^^^^^^^^^^^^^^^^^^^^^^^^^^^^
  File "/Users/nripeshpradhan/Documents/Github/i-test-season/.venv/lib/python3.11/site-packages/httpcore/_sync/http11.py", line 177, in _receive_response_headers
    event = self._receive_event(timeout=timeout)
            ^^^^^^^^^^^^^^^^^^^^^^^^^^^^^^^^^^^^
  File "/Users/nripeshpradhan/Documents/Github/i-test-season/.venv/lib/python3.11/site-packages/httpcore/_sync/http11.py", line 217, in _receive_event
    data = self._network_stream.read(
           ^^^^^^^^^^^^^^^^^^^^^^^^^^
  File "/Users/nripeshpradhan/Documents/Github/i-test-season/.venv/lib/python3.11/site-packages/httpcore/_backends/sync.py", line 126, in read
    with map_exceptions(exc_map):
  File "/Users/nripeshpradhan/.local/share/uv/python/cpython-3.11.15-macos-aarch64-none/lib/python3.11/contextlib.py", line 158, in __exit__
    self.gen.throw(typ, value, traceback)
  File "/Users/nripeshpradhan/Documents/Github/i-test-season/.venv/lib/python3.11/site-packages/httpcore/_exceptions.py", line 14, in map_exceptions
    raise to_exc(exc) from exc
httpcore.ReadTimeout: The read operation timed out

The above exception was the direct cause of the following exception:

Traceback (most recent call last):
  File "/Users/nripeshpradhan/Documents/Github/i-test-season/fpl_edge/interfaces/telegram.py", line 503, in run_forever
    self.poll_once(timeout=timeout)
  File "/Users/nripeshpradhan/Documents/Github/i-test-season/fpl_edge/interfaces/telegram.py", line 338, in poll_once
    body = self.transport.call(
           ^^^^^^^^^^^^^^^^^^^^
  File "/Users/nripeshpradhan/Documents/Github/i-test-season/fpl_edge/interfaces/telegram.py", line 102, in call
    resp = self._client.post(f"/{method}", json=payload, timeout=timeout)
           ^^^^^^^^^^^^^^^^^^^^^^^^^^^^^^^^^^^^^^^^^^^^^^^^^^^^^^^^^^^^^^
  File "/Users/nripeshpradhan/Documents/Github/i-test-season/.venv/lib/python3.11/site-packages/httpx/_client.py", line 1144, in post
    return self.request(
           ^^^^^^^^^^^^^
  File "/Users/nripeshpradhan/Documents/Github/i-test-season/.venv/lib/python3.11/site-packages/httpx/_client.py", line 825, in request
    return self.send(request, auth=auth, follow_redirects=follow_redirects)
           ^^^^^^^^^^^^^^^^^^^^^^^^^^^^^^^^^^^^^^^^^^^^^^^^^^^^^^^^^^^^^^^^
  File "/Users/nripeshpradhan/Documents/Github/i-test-season/.venv/lib/python3.11/site-packages/httpx/_client.py", line 914, in send
    response = self._send_handling_auth(
               ^^^^^^^^^^^^^^^^^^^^^^^^^
  File "/Users/nripeshpradhan/Documents/Github/i-test-season/.venv/lib/python3.11/site-packages/httpx/_client.py", line 942, in _send_handling_auth
    response = self._send_handling_redirects(
               ^^^^^^^^^^^^^^^^^^^^^^^^^^^^^^
  File "/Users/nripeshpradhan/Documents/Github/i-test-season/.venv/lib/python3.11/site-packages/httpx/_client.py", line 979, in _send_handling_redirects
    response = self._send_single_request(request)
               ^^^^^^^^^^^^^^^^^^^^^^^^^^^^^^^^^^
  File "/Users/nripeshpradhan/Documents/Github/i-test-season/.venv/lib/python3.11/site-packages/httpx/_client.py", line 1014, in _send_single_request
    response = transport.handle_request(request)
               ^^^^^^^^^^^^^^^^^^^^^^^^^^^^^^^^^
  File "/Users/nripeshpradhan/Documents/Github/i-test-season/.venv/lib/python3.11/site-packages/httpx/_transports/default.py", line 249, in handle_request
    with map_httpcore_exceptions():
  File "/Users/nripeshpradhan/.local/share/uv/python/cpython-3.11.15-macos-aarch64-none/lib/python3.11/contextlib.py", line 158, in __exit__
    self.gen.throw(typ, value, traceback)
  File "/Users/nripeshpradhan/Documents/Github/i-test-season/.venv/lib/python3.11/site-packages/httpx/_transports/default.py", line 118, in map_httpcore_exceptions
    raise mapped_exc(message) from exc
httpx.ReadTimeout: The read operation timed out
2026-08-21 18:56:51,650 ERROR poll cycle failed; backing off
Traceback (most recent call last):
  File "/Users/nripeshpradhan/Documents/Github/i-test-season/.venv/lib/python3.11/site-packages/httpx/_transports/default.py", line 101, in map_httpcore_exceptions
    yield
  File "/Users/nripeshpradhan/Documents/Github/i-test-season/.venv/lib/python3.11/site-packages/httpx/_transports/default.py", line 250, in handle_request
    resp = self._pool.handle_request(req)
           ^^^^^^^^^^^^^^^^^^^^^^^^^^^^^^
  File "/Users/nripeshpradhan/Documents/Github/i-test-season/.venv/lib/python3.11/site-packages/httpcore/_sync/connection_pool.py", line 256, in handle_request
    raise exc from None
  File "/Users/nripeshpradhan/Documents/Github/i-test-season/.venv/lib/python3.11/site-packages/httpcore/_sync/connection_pool.py", line 236, in handle_request
    response = connection.handle_request(
               ^^^^^^^^^^^^^^^^^^^^^^^^^^
  File "/Users/nripeshpradhan/Documents/Github/i-test-season/.venv/lib/python3.11/site-packages/httpcore/_sync/connection.py", line 103, in handle_request
    return self._connection.handle_request(request)
           ^^^^^^^^^^^^^^^^^^^^^^^^^^^^^^^^^^^^^^^^
  File "/Users/nripeshpradhan/Documents/Github/i-test-season/.venv/lib/python3.11/site-packages/httpcore/_sync/http11.py", line 136, in handle_request
    raise exc
  File "/Users/nripeshpradhan/Documents/Github/i-test-season/.venv/lib/python3.11/site-packages/httpcore/_sync/http11.py", line 106, in handle_request
    ) = self._receive_response_headers(**kwargs)
        ^^^^^^^^^^^^^^^^^^^^^^^^^^^^^^^^^^^^^^^^
  File "/Users/nripeshpradhan/Documents/Github/i-test-season/.venv/lib/python3.11/site-packages/httpcore/_sync/http11.py", line 177, in _receive_response_headers
    event = self._receive_event(timeout=timeout)
            ^^^^^^^^^^^^^^^^^^^^^^^^^^^^^^^^^^^^
  File "/Users/nripeshpradhan/Documents/Github/i-test-season/.venv/lib/python3.11/site-packages/httpcore/_sync/http11.py", line 217, in _receive_event
    data = self._network_stream.read(
           ^^^^^^^^^^^^^^^^^^^^^^^^^^
  File "/Users/nripeshpradhan/Documents/Github/i-test-season/.venv/lib/python3.11/site-packages/httpcore/_backends/sync.py", line 126, in read
    with map_exceptions(exc_map):
  File "/Users/nripeshpradhan/.local/share/uv/python/cpython-3.11.15-macos-aarch64-none/lib/python3.11/contextlib.py", line 158, in __exit__
    self.gen.throw(typ, value, traceback)
  File "/Users/nripeshpradhan/Documents/Github/i-test-season/.venv/lib/python3.11/site-packages/httpcore/_exceptions.py", line 14, in map_exceptions
    raise to_exc(exc) from exc
httpcore.ReadTimeout: The read operation timed out

The above exception was the direct cause of the following exception:

Traceback (most recent call last):
  File "/Users/nripeshpradhan/Documents/Github/i-test-season/fpl_edge/interfaces/telegram.py", line 503, in run_forever
    self.poll_once(timeout=timeout)
  File "/Users/nripeshpradhan/Documents/Github/i-test-season/fpl_edge/interfaces/telegram.py", line 338, in poll_once
    body = self.transport.call(
           ^^^^^^^^^^^^^^^^^^^^
  File "/Users/nripeshpradhan/Documents/Github/i-test-season/fpl_edge/interfaces/telegram.py", line 102, in call
    resp = self._client.post(f"/{method}", json=payload, timeout=timeout)
           ^^^^^^^^^^^^^^^^^^^^^^^^^^^^^^^^^^^^^^^^^^^^^^^^^^^^^^^^^^^^^^
  File "/Users/nripeshpradhan/Documents/Github/i-test-season/.venv/lib/python3.11/site-packages/httpx/_client.py", line 1144, in post
    return self.request(
           ^^^^^^^^^^^^^
  File "/Users/nripeshpradhan/Documents/Github/i-test-season/.venv/lib/python3.11/site-packages/httpx/_client.py", line 825, in request
    return self.send(request, auth=auth, follow_redirects=follow_redirects)
           ^^^^^^^^^^^^^^^^^^^^^^^^^^^^^^^^^^^^^^^^^^^^^^^^^^^^^^^^^^^^^^^^
  File "/Users/nripeshpradhan/Documents/Github/i-test-season/.venv/lib/python3.11/site-packages/httpx/_client.py", line 914, in send
    response = self._send_handling_auth(
               ^^^^^^^^^^^^^^^^^^^^^^^^^
  File "/Users/nripeshpradhan/Documents/Github/i-test-season/.venv/lib/python3.11/site-packages/httpx/_client.py", line 942, in _send_handling_auth
    response = self._send_handling_redirects(
               ^^^^^^^^^^^^^^^^^^^^^^^^^^^^^^
  File "/Users/nripeshpradhan/Documents/Github/i-test-season/.venv/lib/python3.11/site-packages/httpx/_client.py", line 979, in _send_handling_redirects
    response = self._send_single_request(request)
               ^^^^^^^^^^^^^^^^^^^^^^^^^^^^^^^^^^
  File "/Users/nripeshpradhan/Documents/Github/i-test-season/.venv/lib/python3.11/site-packages/httpx/_client.py", line 1014, in _send_single_request
    response = transport.handle_request(request)
               ^^^^^^^^^^^^^^^^^^^^^^^^^^^^^^^^^
  File "/Users/nripeshpradhan/Documents/Github/i-test-season/.venv/lib/python3.11/site-packages/httpx/_transports/default.py", line 249, in handle_request
    with map_httpcore_exceptions():
  File "/Users/nripeshpradhan/.local/share/uv/python/cpython-3.11.15-macos-aarch64-none/lib/python3.11/contextlib.py", line 158, in __exit__
    self.gen.throw(typ, value, traceback)
  File "/Users/nripeshpradhan/Documents/Github/i-test-season/.venv/lib/python3.11/site-packages/httpx/_transports/default.py", line 118, in map_httpcore_exceptions
    raise mapped_exc(message) from exc
httpx.ReadTimeout: The read operation timed out
2026-08-21 19:07:48,843 ERROR poll cycle failed; backing off
Traceback (most recent call last):
  File "/Users/nripeshpradhan/Documents/Github/i-test-season/.venv/lib/python3.11/site-packages/httpx/_transports/default.py", line 101, in map_httpcore_exceptions
    yield
  File "/Users/nripeshpradhan/Documents/Github/i-test-season/.venv/lib/python3.11/site-packages/httpx/_transports/default.py", line 250, in handle_request
    resp = self._pool.handle_request(req)
           ^^^^^^^^^^^^^^^^^^^^^^^^^^^^^^
  File "/Users/nripeshpradhan/Documents/Github/i-test-season/.venv/lib/python3.11/site-packages/httpcore/_sync/connection_pool.py", line 256, in handle_request
    raise exc from None
  File "/Users/nripeshpradhan/Documents/Github/i-test-season/.venv/lib/python3.11/site-packages/httpcore/_sync/connection_pool.py", line 236, in handle_request
    response = connection.handle_request(
               ^^^^^^^^^^^^^^^^^^^^^^^^^^
  File "/Users/nripeshpradhan/Documents/Github/i-test-season/.venv/lib/python3.11/site-packages/httpcore/_sync/connection.py", line 103, in handle_request
    return self._connection.handle_request(request)
           ^^^^^^^^^^^^^^^^^^^^^^^^^^^^^^^^^^^^^^^^
  File "/Users/nripeshpradhan/Documents/Github/i-test-season/.venv/lib/python3.11/site-packages/httpcore/_sync/http11.py", line 136, in handle_request
    raise exc
  File "/Users/nripeshpradhan/Documents/Github/i-test-season/.venv/lib/python3.11/site-packages/httpcore/_sync/http11.py", line 106, in handle_request
    ) = self._receive_response_headers(**kwargs)
        ^^^^^^^^^^^^^^^^^^^^^^^^^^^^^^^^^^^^^^^^
  File "/Users/nripeshpradhan/Documents/Github/i-test-season/.venv/lib/python3.11/site-packages/httpcore/_sync/http11.py", line 177, in _receive_response_headers
    event = self._receive_event(timeout=timeout)
            ^^^^^^^^^^^^^^^^^^^^^^^^^^^^^^^^^^^^
  File "/Users/nripeshpradhan/Documents/Github/i-test-season/.venv/lib/python3.11/site-packages/httpcore/_sync/http11.py", line 217, in _receive_event
    data = self._network_stream.read(
           ^^^^^^^^^^^^^^^^^^^^^^^^^^
  File "/Users/nripeshpradhan/Documents/Github/i-test-season/.venv/lib/python3.11/site-packages/httpcore/_backends/sync.py", line 126, in read
    with map_exceptions(exc_map):
  File "/Users/nripeshpradhan/.local/share/uv/python/cpython-3.11.15-macos-aarch64-none/lib/python3.11/contextlib.py", line 158, in __exit__
    self.gen.throw(typ, value, traceback)
  File "/Users/nripeshpradhan/Documents/Github/i-test-season/.venv/lib/python3.11/site-packages/httpcore/_exceptions.py", line 14, in map_exceptions
    raise to_exc(exc) from exc
httpcore.ReadTimeout: The read operation timed out

The above exception was the direct cause of the following exception:

Traceback (most recent call last):
  File "/Users/nripeshpradhan/Documents/Github/i-test-season/fpl_edge/interfaces/telegram.py", line 503, in run_forever
    self.poll_once(timeout=timeout)
  File "/Users/nripeshpradhan/Documents/Github/i-test-season/fpl_edge/interfaces/telegram.py", line 338, in poll_once
    body = self.transport.call(
           ^^^^^^^^^^^^^^^^^^^^
  File "/Users/nripeshpradhan/Documents/Github/i-test-season/fpl_edge/interfaces/telegram.py", line 102, in call
    resp = self._client.post(f"/{method}", json=payload, timeout=timeout)
           ^^^^^^^^^^^^^^^^^^^^^^^^^^^^^^^^^^^^^^^^^^^^^^^^^^^^^^^^^^^^^^
  File "/Users/nripeshpradhan/Documents/Github/i-test-season/.venv/lib/python3.11/site-packages/httpx/_client.py", line 1144, in post
    return self.request(
           ^^^^^^^^^^^^^
  File "/Users/nripeshpradhan/Documents/Github/i-test-season/.venv/lib/python3.11/site-packages/httpx/_client.py", line 825, in request
    return self.send(request, auth=auth, follow_redirects=follow_redirects)
           ^^^^^^^^^^^^^^^^^^^^^^^^^^^^^^^^^^^^^^^^^^^^^^^^^^^^^^^^^^^^^^^^
  File "/Users/nripeshpradhan/Documents/Github/i-test-season/.venv/lib/python3.11/site-packages/httpx/_client.py", line 914, in send
    response = self._send_handling_auth(
               ^^^^^^^^^^^^^^^^^^^^^^^^^
  File "/Users/nripeshpradhan/Documents/Github/i-test-season/.venv/lib/python3.11/site-packages/httpx/_client.py", line 942, in _send_handling_auth
    response = self._send_handling_redirects(
               ^^^^^^^^^^^^^^^^^^^^^^^^^^^^^^
  File "/Users/nripeshpradhan/Documents/Github/i-test-season/.venv/lib/python3.11/site-packages/httpx/_client.py", line 979, in _send_handling_redirects
    response = self._send_single_request(request)
               ^^^^^^^^^^^^^^^^^^^^^^^^^^^^^^^^^^
  File "/Users/nripeshpradhan/Documents/Github/i-test-season/.venv/lib/python3.11/site-packages/httpx/_client.py", line 1014, in _send_single_request
    response = transport.handle_request(request)
               ^^^^^^^^^^^^^^^^^^^^^^^^^^^^^^^^^
  File "/Users/nripeshpradhan/Documents/Github/i-test-season/.venv/lib/python3.11/site-packages/httpx/_transports/default.py", line 249, in handle_request
    with map_httpcore_exceptions():
  File "/Users/nripeshpradhan/.local/share/uv/python/cpython-3.11.15-macos-aarch64-none/lib/python3.11/contextlib.py", line 158, in __exit__
    self.gen.throw(typ, value, traceback)
  File "/Users/nripeshpradhan/Documents/Github/i-test-season/.venv/lib/python3.11/site-packages/httpx/_transports/default.py", line 118, in map_httpcore_exceptions
    raise mapped_exc(message) from exc
httpx.ReadTimeout: The read operation timed out
2026-08-21 19:09:39,482 ERROR poll cycle failed; backing off
Traceback (most recent call last):
  File "/Users/nripeshpradhan/Documents/Github/i-test-season/.venv/lib/python3.11/site-packages/httpx/_transports/default.py", line 101, in map_httpcore_exceptions
    yield
  File "/Users/nripeshpradhan/Documents/Github/i-test-season/.venv/lib/python3.11/site-packages/httpx/_transports/default.py", line 250, in handle_request
    resp = self._pool.handle_request(req)
           ^^^^^^^^^^^^^^^^^^^^^^^^^^^^^^
  File "/Users/nripeshpradhan/Documents/Github/i-test-season/.venv/lib/python3.11/site-packages/httpcore/_sync/connection_pool.py", line 256, in handle_request
    raise exc from None
  File "/Users/nripeshpradhan/Documents/Github/i-test-season/.venv/lib/python3.11/site-packages/httpcore/_sync/connection_pool.py", line 236, in handle_request
    response = connection.handle_request(
               ^^^^^^^^^^^^^^^^^^^^^^^^^^
  File "/Users/nripeshpradhan/Documents/Github/i-test-season/.venv/lib/python3.11/site-packages/httpcore/_sync/connection.py", line 103, in handle_request
    return self._connection.handle_request(request)
           ^^^^^^^^^^^^^^^^^^^^^^^^^^^^^^^^^^^^^^^^
  File "/Users/nripeshpradhan/Documents/Github/i-test-season/.venv/lib/python3.11/site-packages/httpcore/_sync/http11.py", line 136, in handle_request
    raise exc
  File "/Users/nripeshpradhan/Documents/Github/i-test-season/.venv/lib/python3.11/site-packages/httpcore/_sync/http11.py", line 106, in handle_request
    ) = self._receive_response_headers(**kwargs)
        ^^^^^^^^^^^^^^^^^^^^^^^^^^^^^^^^^^^^^^^^
  File "/Users/nripeshpradhan/Documents/Github/i-test-season/.venv/lib/python3.11/site-packages/httpcore/_sync/http11.py", line 177, in _receive_response_headers
    event = self._receive_event(timeout=timeout)
            ^^^^^^^^^^^^^^^^^^^^^^^^^^^^^^^^^^^^
  File "/Users/nripeshpradhan/Documents/Github/i-test-season/.venv/lib/python3.11/site-packages/httpcore/_sync/http11.py", line 217, in _receive_event
    data = self._network_stream.read(
           ^^^^^^^^^^^^^^^^^^^^^^^^^^
  File "/Users/nripeshpradhan/Documents/Github/i-test-season/.venv/lib/python3.11/site-packages/httpcore/_backends/sync.py", line 126, in read
    with map_exceptions(exc_map):
  File "/Users/nripeshpradhan/.local/share/uv/python/cpython-3.11.15-macos-aarch64-none/lib/python3.11/contextlib.py", line 158, in __exit__
    self.gen.throw(typ, value, traceback)
  File "/Users/nripeshpradhan/Documents/Github/i-test-season/.venv/lib/python3.11/site-packages/httpcore/_exceptions.py", line 14, in map_exceptions
    raise to_exc(exc) from exc
httpcore.ReadTimeout: The read operation timed out

The above exception was the direct cause of the following exception:

Traceback (most recent call last):
  File "/Users/nripeshpradhan/Documents/Github/i-test-season/fpl_edge/interfaces/telegram.py", line 503, in run_forever
    self.poll_once(timeout=timeout)
  File "/Users/nripeshpradhan/Documents/Github/i-test-season/fpl_edge/interfaces/telegram.py", line 338, in poll_once
    body = self.transport.call(
           ^^^^^^^^^^^^^^^^^^^^
  File "/Users/nripeshpradhan/Documents/Github/i-test-season/fpl_edge/interfaces/telegram.py", line 102, in call
    resp = self._client.post(f"/{method}", json=payload, timeout=timeout)
           ^^^^^^^^^^^^^^^^^^^^^^^^^^^^^^^^^^^^^^^^^^^^^^^^^^^^^^^^^^^^^^
  File "/Users/nripeshpradhan/Documents/Github/i-test-season/.venv/lib/python3.11/site-packages/httpx/_client.py", line 1144, in post
    return self.request(
           ^^^^^^^^^^^^^
  File "/Users/nripeshpradhan/Documents/Github/i-test-season/.venv/lib/python3.11/site-packages/httpx/_client.py", line 825, in request
    return self.send(request, auth=auth, follow_redirects=follow_redirects)
           ^^^^^^^^^^^^^^^^^^^^^^^^^^^^^^^^^^^^^^^^^^^^^^^^^^^^^^^^^^^^^^^^
  File "/Users/nripeshpradhan/Documents/Github/i-test-season/.venv/lib/python3.11/site-packages/httpx/_client.py", line 914, in send
    response = self._send_handling_auth(
               ^^^^^^^^^^^^^^^^^^^^^^^^^
  File "/Users/nripeshpradhan/Documents/Github/i-test-season/.venv/lib/python3.11/site-packages/httpx/_client.py", line 942, in _send_handling_auth
    response = self._send_handling_redirects(
               ^^^^^^^^^^^^^^^^^^^^^^^^^^^^^^
  File "/Users/nripeshpradhan/Documents/Github/i-test-season/.venv/lib/python3.11/site-packages/httpx/_client.py", line 979, in _send_handling_redirects
    response = self._send_single_request(request)
               ^^^^^^^^^^^^^^^^^^^^^^^^^^^^^^^^^^
  File "/Users/nripeshpradhan/Documents/Github/i-test-season/.venv/lib/python3.11/site-packages/httpx/_client.py", line 1014, in _send_single_request
    response = transport.handle_request(request)
               ^^^^^^^^^^^^^^^^^^^^^^^^^^^^^^^^^
  File "/Users/nripeshpradhan/Documents/Github/i-test-season/.venv/lib/python3.11/site-packages/httpx/_transports/default.py", line 249, in handle_request
    with map_httpcore_exceptions():
  File "/Users/nripeshpradhan/.local/share/uv/python/cpython-3.11.15-macos-aarch64-none/lib/python3.11/contextlib.py", line 158, in __exit__
    self.gen.throw(typ, value, traceback)
  File "/Users/nripeshpradhan/Documents/Github/i-test-season/.venv/lib/python3.11/site-packages/httpx/_transports/default.py", line 118, in map_httpcore_exceptions
    raise mapped_exc(message) from exc
httpx.ReadTimeout: The read operation timed out
2026-08-21 19:19:36,598 ERROR poll cycle failed; backing off
Traceback (most recent call last):
  File "/Users/nripeshpradhan/Documents/Github/i-test-season/.venv/lib/python3.11/site-packages/httpx/_transports/default.py", line 101, in map_httpcore_exceptions
    yield
  File "/Users/nripeshpradhan/Documents/Github/i-test-season/.venv/lib/python3.11/site-packages/httpx/_transports/default.py", line 250, in handle_request
    resp = self._pool.handle_request(req)
           ^^^^^^^^^^^^^^^^^^^^^^^^^^^^^^
  File "/Users/nripeshpradhan/Documents/Github/i-test-season/.venv/lib/python3.11/site-packages/httpcore/_sync/connection_pool.py", line 256, in handle_request
    raise exc from None
  File "/Users/nripeshpradhan/Documents/Github/i-test-season/.venv/lib/python3.11/site-packages/httpcore/_sync/connection_pool.py", line 236, in handle_request
    response = connection.handle_request(
               ^^^^^^^^^^^^^^^^^^^^^^^^^^
  File "/Users/nripeshpradhan/Documents/Github/i-test-season/.venv/lib/python3.11/site-packages/httpcore/_sync/connection.py", line 103, in handle_request
    return self._connection.handle_request(request)
           ^^^^^^^^^^^^^^^^^^^^^^^^^^^^^^^^^^^^^^^^
  File "/Users/nripeshpradhan/Documents/Github/i-test-season/.venv/lib/python3.11/site-packages/httpcore/_sync/http11.py", line 136, in handle_request
    raise exc
  File "/Users/nripeshpradhan/Documents/Github/i-test-season/.venv/lib/python3.11/site-packages/httpcore/_sync/http11.py", line 106, in handle_request
    ) = self._receive_response_headers(**kwargs)
        ^^^^^^^^^^^^^^^^^^^^^^^^^^^^^^^^^^^^^^^^
  File "/Users/nripeshpradhan/Documents/Github/i-test-season/.venv/lib/python3.11/site-packages/httpcore/_sync/http11.py", line 177, in _receive_response_headers
    event = self._receive_event(timeout=timeout)
            ^^^^^^^^^^^^^^^^^^^^^^^^^^^^^^^^^^^^
  File "/Users/nripeshpradhan/Documents/Github/i-test-season/.venv/lib/python3.11/site-packages/httpcore/_sync/http11.py", line 217, in _receive_event
    data = self._network_stream.read(
           ^^^^^^^^^^^^^^^^^^^^^^^^^^
  File "/Users/nripeshpradhan/Documents/Github/i-test-season/.venv/lib/python3.11/site-packages/httpcore/_backends/sync.py", line 126, in read
    with map_exceptions(exc_map):
  File "/Users/nripeshpradhan/.local/share/uv/python/cpython-3.11.15-macos-aarch64-none/lib/python3.11/contextlib.py", line 158, in __exit__
    self.gen.throw(typ, value, traceback)
  File "/Users/nripeshpradhan/Documents/Github/i-test-season/.venv/lib/python3.11/site-packages/httpcore/_exceptions.py", line 14, in map_exceptions
    raise to_exc(exc) from exc
httpcore.ReadTimeout: The read operation timed out

The above exception was the direct cause of the following exception:

Traceback (most recent call last):
  File "/Users/nripeshpradhan/Documents/Github/i-test-season/fpl_edge/interfaces/telegram.py", line 503, in run_forever
    self.poll_once(timeout=timeout)
  File "/Users/nripeshpradhan/Documents/Github/i-test-season/fpl_edge/interfaces/telegram.py", line 338, in poll_once
    body = self.transport.call(
           ^^^^^^^^^^^^^^^^^^^^
  File "/Users/nripeshpradhan/Documents/Github/i-test-season/fpl_edge/interfaces/telegram.py", line 102, in call
    resp = self._client.post(f"/{method}", json=payload, timeout=timeout)
           ^^^^^^^^^^^^^^^^^^^^^^^^^^^^^^^^^^^^^^^^^^^^^^^^^^^^^^^^^^^^^^
  File "/Users/nripeshpradhan/Documents/Github/i-test-season/.venv/lib/python3.11/site-packages/httpx/_client.py", line 1144, in post
    return self.request(
           ^^^^^^^^^^^^^
  File "/Users/nripeshpradhan/Documents/Github/i-test-season/.venv/lib/python3.11/site-packages/httpx/_client.py", line 825, in request
    return self.send(request, auth=auth, follow_redirects=follow_redirects)
           ^^^^^^^^^^^^^^^^^^^^^^^^^^^^^^^^^^^^^^^^^^^^^^^^^^^^^^^^^^^^^^^^
  File "/Users/nripeshpradhan/Documents/Github/i-test-season/.venv/lib/python3.11/site-packages/httpx/_client.py", line 914, in send
    response = self._send_handling_auth(
               ^^^^^^^^^^^^^^^^^^^^^^^^^
  File "/Users/nripeshpradhan/Documents/Github/i-test-season/.venv/lib/python3.11/site-packages/httpx/_client.py", line 942, in _send_handling_auth
    response = self._send_handling_redirects(
               ^^^^^^^^^^^^^^^^^^^^^^^^^^^^^^
  File "/Users/nripeshpradhan/Documents/Github/i-test-season/.venv/lib/python3.11/site-packages/httpx/_client.py", line 979, in _send_handling_redirects
    response = self._send_single_request(request)
               ^^^^^^^^^^^^^^^^^^^^^^^^^^^^^^^^^^
  File "/Users/nripeshpradhan/Documents/Github/i-test-season/.venv/lib/python3.11/site-packages/httpx/_client.py", line 1014, in _send_single_request
    response = transport.handle_request(request)
               ^^^^^^^^^^^^^^^^^^^^^^^^^^^^^^^^^
  File "/Users/nripeshpradhan/Documents/Github/i-test-season/.venv/lib/python3.11/site-packages/httpx/_transports/default.py", line 249, in handle_request
    with map_httpcore_exceptions():
  File "/Users/nripeshpradhan/.local/share/uv/python/cpython-3.11.15-macos-aarch64-none/lib/python3.11/contextlib.py", line 158, in __exit__
    self.gen.throw(typ, value, traceback)
  File "/Users/nripeshpradhan/Documents/Github/i-test-season/.venv/lib/python3.11/site-packages/httpx/_transports/default.py", line 118, in map_httpcore_exceptions
    raise mapped_exc(message) from exc
httpx.ReadTimeout: The read operation timed out
2026-08-21 19:21:04,149 ERROR poll cycle failed; backing off
Traceback (most recent call last):
  File "/Users/nripeshpradhan/Documents/Github/i-test-season/.venv/lib/python3.11/site-packages/httpx/_transports/default.py", line 101, in map_httpcore_exceptions
    yield
  File "/Users/nripeshpradhan/Documents/Github/i-test-season/.venv/lib/python3.11/site-packages/httpx/_transports/default.py", line 250, in handle_request
    resp = self._pool.handle_request(req)
           ^^^^^^^^^^^^^^^^^^^^^^^^^^^^^^
  File "/Users/nripeshpradhan/Documents/Github/i-test-season/.venv/lib/python3.11/site-packages/httpcore/_sync/connection_pool.py", line 256, in handle_request
    raise exc from None
  File "/Users/nripeshpradhan/Documents/Github/i-test-season/.venv/lib/python3.11/site-packages/httpcore/_sync/connection_pool.py", line 236, in handle_request
    response = connection.handle_request(
               ^^^^^^^^^^^^^^^^^^^^^^^^^^
  File "/Users/nripeshpradhan/Documents/Github/i-test-season/.venv/lib/python3.11/site-packages/httpcore/_sync/connection.py", line 103, in handle_request
    return self._connection.handle_request(request)
           ^^^^^^^^^^^^^^^^^^^^^^^^^^^^^^^^^^^^^^^^
  File "/Users/nripeshpradhan/Documents/Github/i-test-season/.venv/lib/python3.11/site-packages/httpcore/_sync/http11.py", line 136, in handle_request
    raise exc
  File "/Users/nripeshpradhan/Documents/Github/i-test-season/.venv/lib/python3.11/site-packages/httpcore/_sync/http11.py", line 106, in handle_request
    ) = self._receive_response_headers(**kwargs)
        ^^^^^^^^^^^^^^^^^^^^^^^^^^^^^^^^^^^^^^^^
  File "/Users/nripeshpradhan/Documents/Github/i-test-season/.venv/lib/python3.11/site-packages/httpcore/_sync/http11.py", line 177, in _receive_response_headers
    event = self._receive_event(timeout=timeout)
            ^^^^^^^^^^^^^^^^^^^^^^^^^^^^^^^^^^^^
  File "/Users/nripeshpradhan/Documents/Github/i-test-season/.venv/lib/python3.11/site-packages/httpcore/_sync/http11.py", line 217, in _receive_event
    data = self._network_stream.read(
           ^^^^^^^^^^^^^^^^^^^^^^^^^^
  File "/Users/nripeshpradhan/Documents/Github/i-test-season/.venv/lib/python3.11/site-packages/httpcore/_backends/sync.py", line 126, in read
    with map_exceptions(exc_map):
  File "/Users/nripeshpradhan/.local/share/uv/python/cpython-3.11.15-macos-aarch64-none/lib/python3.11/contextlib.py", line 158, in __exit__
    self.gen.throw(typ, value, traceback)
  File "/Users/nripeshpradhan/Documents/Github/i-test-season/.venv/lib/python3.11/site-packages/httpcore/_exceptions.py", line 14, in map_exceptions
    raise to_exc(exc) from exc
httpcore.ReadTimeout: The read operation timed out

The above exception was the direct cause of the following exception:

Traceback (most recent call last):
  File "/Users/nripeshpradhan/Documents/Github/i-test-season/fpl_edge/interfaces/telegram.py", line 503, in run_forever
    self.poll_once(timeout=timeout)
  File "/Users/nripeshpradhan/Documents/Github/i-test-season/fpl_edge/interfaces/telegram.py", line 338, in poll_once
    body = self.transport.call(
           ^^^^^^^^^^^^^^^^^^^^
  File "/Users/nripeshpradhan/Documents/Github/i-test-season/fpl_edge/interfaces/telegram.py", line 102, in call
    resp = self._client.post(f"/{method}", json=payload, timeout=timeout)
           ^^^^^^^^^^^^^^^^^^^^^^^^^^^^^^^^^^^^^^^^^^^^^^^^^^^^^^^^^^^^^^
  File "/Users/nripeshpradhan/Documents/Github/i-test-season/.venv/lib/python3.11/site-packages/httpx/_client.py", line 1144, in post
    return self.request(
           ^^^^^^^^^^^^^
  File "/Users/nripeshpradhan/Documents/Github/i-test-season/.venv/lib/python3.11/site-packages/httpx/_client.py", line 825, in request
    return self.send(request, auth=auth, follow_redirects=follow_redirects)
           ^^^^^^^^^^^^^^^^^^^^^^^^^^^^^^^^^^^^^^^^^^^^^^^^^^^^^^^^^^^^^^^^
  File "/Users/nripeshpradhan/Documents/Github/i-test-season/.venv/lib/python3.11/site-packages/httpx/_client.py", line 914, in send
    response = self._send_handling_auth(
               ^^^^^^^^^^^^^^^^^^^^^^^^^
  File "/Users/nripeshpradhan/Documents/Github/i-test-season/.venv/lib/python3.11/site-packages/httpx/_client.py", line 942, in _send_handling_auth
    response = self._send_handling_redirects(
               ^^^^^^^^^^^^^^^^^^^^^^^^^^^^^^
  File "/Users/nripeshpradhan/Documents/Github/i-test-season/.venv/lib/python3.11/site-packages/httpx/_client.py", line 979, in _send_handling_redirects
    response = self._send_single_request(request)
               ^^^^^^^^^^^^^^^^^^^^^^^^^^^^^^^^^^
  File "/Users/nripeshpradhan/Documents/Github/i-test-season/.venv/lib/python3.11/site-packages/httpx/_client.py", line 1014, in _send_single_request
    response = transport.handle_request(request)
               ^^^^^^^^^^^^^^^^^^^^^^^^^^^^^^^^^
  File "/Users/nripeshpradhan/Documents/Github/i-test-season/.venv/lib/python3.11/site-packages/httpx/_transports/default.py", line 249, in handle_request
    with map_httpcore_exceptions():
  File "/Users/nripeshpradhan/.local/share/uv/python/cpython-3.11.15-macos-aarch64-none/lib/python3.11/contextlib.py", line 158, in __exit__
    self.gen.throw(typ, value, traceback)
  File "/Users/nripeshpradhan/Documents/Github/i-test-season/.venv/lib/python3.11/site-packages/httpx/_transports/default.py", line 118, in map_httpcore_exceptions
    raise mapped_exc(message) from exc
httpx.ReadTimeout: The read operation timed out
2026-08-21 19:32:34,556 ERROR poll cycle failed; backing off
Traceback (most recent call last):
  File "/Users/nripeshpradhan/Documents/Github/i-test-season/.venv/lib/python3.11/site-packages/httpx/_transports/default.py", line 101, in map_httpcore_exceptions
    yield
  File "/Users/nripeshpradhan/Documents/Github/i-test-season/.venv/lib/python3.11/site-packages/httpx/_transports/default.py", line 250, in handle_request
    resp = self._pool.handle_request(req)
           ^^^^^^^^^^^^^^^^^^^^^^^^^^^^^^
  File "/Users/nripeshpradhan/Documents/Github/i-test-season/.venv/lib/python3.11/site-packages/httpcore/_sync/connection_pool.py", line 256, in handle_request
    raise exc from None
  File "/Users/nripeshpradhan/Documents/Github/i-test-season/.venv/lib/python3.11/site-packages/httpcore/_sync/connection_pool.py", line 236, in handle_request
    response = connection.handle_request(
               ^^^^^^^^^^^^^^^^^^^^^^^^^^
  File "/Users/nripeshpradhan/Documents/Github/i-test-season/.venv/lib/python3.11/site-packages/httpcore/_sync/connection.py", line 103, in handle_request
    return self._connection.handle_request(request)
           ^^^^^^^^^^^^^^^^^^^^^^^^^^^^^^^^^^^^^^^^
  File "/Users/nripeshpradhan/Documents/Github/i-test-season/.venv/lib/python3.11/site-packages/httpcore/_sync/http11.py", line 136, in handle_request
    raise exc
  File "/Users/nripeshpradhan/Documents/Github/i-test-season/.venv/lib/python3.11/site-packages/httpcore/_sync/http11.py", line 106, in handle_request
    ) = self._receive_response_headers(**kwargs)
        ^^^^^^^^^^^^^^^^^^^^^^^^^^^^^^^^^^^^^^^^
  File "/Users/nripeshpradhan/Documents/Github/i-test-season/.venv/lib/python3.11/site-packages/httpcore/_sync/http11.py", line 177, in _receive_response_headers
    event = self._receive_event(timeout=timeout)
            ^^^^^^^^^^^^^^^^^^^^^^^^^^^^^^^^^^^^
  File "/Users/nripeshpradhan/Documents/Github/i-test-season/.venv/lib/python3.11/site-packages/httpcore/_sync/http11.py", line 217, in _receive_event
    data = self._network_stream.read(
           ^^^^^^^^^^^^^^^^^^^^^^^^^^
  File "/Users/nripeshpradhan/Documents/Github/i-test-season/.venv/lib/python3.11/site-packages/httpcore/_backends/sync.py", line 126, in read
    with map_exceptions(exc_map):
  File "/Users/nripeshpradhan/.local/share/uv/python/cpython-3.11.15-macos-aarch64-none/lib/python3.11/contextlib.py", line 158, in __exit__
    self.gen.throw(typ, value, traceback)
  File "/Users/nripeshpradhan/Documents/Github/i-test-season/.venv/lib/python3.11/site-packages/httpcore/_exceptions.py", line 14, in map_exceptions
    raise to_exc(exc) from exc
httpcore.ReadTimeout: The read operation timed out

The above exception was the direct cause of the following exception:

Traceback (most recent call last):
  File "/Users/nripeshpradhan/Documents/Github/i-test-season/fpl_edge/interfaces/telegram.py", line 503, in run_forever
    self.poll_once(timeout=timeout)
  File "/Users/nripeshpradhan/Documents/Github/i-test-season/fpl_edge/interfaces/telegram.py", line 338, in poll_once
    body = self.transport.call(
           ^^^^^^^^^^^^^^^^^^^^
  File "/Users/nripeshpradhan/Documents/Github/i-test-season/fpl_edge/interfaces/telegram.py", line 102, in call
    resp = self._client.post(f"/{method}", json=payload, timeout=timeout)
           ^^^^^^^^^^^^^^^^^^^^^^^^^^^^^^^^^^^^^^^^^^^^^^^^^^^^^^^^^^^^^^
  File "/Users/nripeshpradhan/Documents/Github/i-test-season/.venv/lib/python3.11/site-packages/httpx/_client.py", line 1144, in post
    return self.request(
           ^^^^^^^^^^^^^
  File "/Users/nripeshpradhan/Documents/Github/i-test-season/.venv/lib/python3.11/site-packages/httpx/_client.py", line 825, in request
    return self.send(request, auth=auth, follow_redirects=follow_redirects)
           ^^^^^^^^^^^^^^^^^^^^^^^^^^^^^^^^^^^^^^^^^^^^^^^^^^^^^^^^^^^^^^^^
  File "/Users/nripeshpradhan/Documents/Github/i-test-season/.venv/lib/python3.11/site-packages/httpx/_client.py", line 914, in send
    response = self._send_handling_auth(
               ^^^^^^^^^^^^^^^^^^^^^^^^^
  File "/Users/nripeshpradhan/Documents/Github/i-test-season/.venv/lib/python3.11/site-packages/httpx/_client.py", line 942, in _send_handling_auth
    response = self._send_handling_redirects(
               ^^^^^^^^^^^^^^^^^^^^^^^^^^^^^^
  File "/Users/nripeshpradhan/Documents/Github/i-test-season/.venv/lib/python3.11/site-packages/httpx/_client.py", line 979, in _send_handling_redirects
    response = self._send_single_request(request)
               ^^^^^^^^^^^^^^^^^^^^^^^^^^^^^^^^^^
  File "/Users/nripeshpradhan/Documents/Github/i-test-season/.venv/lib/python3.11/site-packages/httpx/_client.py", line 1014, in _send_single_request
    response = transport.handle_request(request)
               ^^^^^^^^^^^^^^^^^^^^^^^^^^^^^^^^^
  File "/Users/nripeshpradhan/Documents/Github/i-test-season/.venv/lib/python3.11/site-packages/httpx/_transports/default.py", line 249, in handle_request
    with map_httpcore_exceptions():
  File "/Users/nripeshpradhan/.local/share/uv/python/cpython-3.11.15-macos-aarch64-none/lib/python3.11/contextlib.py", line 158, in __exit__
    self.gen.throw(typ, value, traceback)
  File "/Users/nripeshpradhan/Documents/Github/i-test-season/.venv/lib/python3.11/site-packages/httpx/_transports/default.py", line 118, in map_httpcore_exceptions
    raise mapped_exc(message) from exc
httpx.ReadTimeout: The read operation timed out
2026-08-21 19:36:02,843 ERROR poll cycle failed; backing off
Traceback (most recent call last):
  File "/Users/nripeshpradhan/Documents/Github/i-test-season/.venv/lib/python3.11/site-packages/httpx/_transports/default.py", line 101, in map_httpcore_exceptions
    yield
  File "/Users/nripeshpradhan/Documents/Github/i-test-season/.venv/lib/python3.11/site-packages/httpx/_transports/default.py", line 250, in handle_request
    resp = self._pool.handle_request(req)
           ^^^^^^^^^^^^^^^^^^^^^^^^^^^^^^
  File "/Users/nripeshpradhan/Documents/Github/i-test-season/.venv/lib/python3.11/site-packages/httpcore/_sync/connection_pool.py", line 256, in handle_request
    raise exc from None
  File "/Users/nripeshpradhan/Documents/Github/i-test-season/.venv/lib/python3.11/site-packages/httpcore/_sync/connection_pool.py", line 236, in handle_request
    response = connection.handle_request(
               ^^^^^^^^^^^^^^^^^^^^^^^^^^
  File "/Users/nripeshpradhan/Documents/Github/i-test-season/.venv/lib/python3.11/site-packages/httpcore/_sync/connection.py", line 103, in handle_request
    return self._connection.handle_request(request)
           ^^^^^^^^^^^^^^^^^^^^^^^^^^^^^^^^^^^^^^^^
  File "/Users/nripeshpradhan/Documents/Github/i-test-season/.venv/lib/python3.11/site-packages/httpcore/_sync/http11.py", line 136, in handle_request
    raise exc
  File "/Users/nripeshpradhan/Documents/Github/i-test-season/.venv/lib/python3.11/site-packages/httpcore/_sync/http11.py", line 106, in handle_request
    ) = self._receive_response_headers(**kwargs)
        ^^^^^^^^^^^^^^^^^^^^^^^^^^^^^^^^^^^^^^^^
  File "/Users/nripeshpradhan/Documents/Github/i-test-season/.venv/lib/python3.11/site-packages/httpcore/_sync/http11.py", line 177, in _receive_response_headers
    event = self._receive_event(timeout=timeout)
            ^^^^^^^^^^^^^^^^^^^^^^^^^^^^^^^^^^^^
  File "/Users/nripeshpradhan/Documents/Github/i-test-season/.venv/lib/python3.11/site-packages/httpcore/_sync/http11.py", line 217, in _receive_event
    data = self._network_stream.read(
           ^^^^^^^^^^^^^^^^^^^^^^^^^^
  File "/Users/nripeshpradhan/Documents/Github/i-test-season/.venv/lib/python3.11/site-packages/httpcore/_backends/sync.py", line 126, in read
    with map_exceptions(exc_map):
  File "/Users/nripeshpradhan/.local/share/uv/python/cpython-3.11.15-macos-aarch64-none/lib/python3.11/contextlib.py", line 158, in __exit__
    self.gen.throw(typ, value, traceback)
  File "/Users/nripeshpradhan/Documents/Github/i-test-season/.venv/lib/python3.11/site-packages/httpcore/_exceptions.py", line 14, in map_exceptions
    raise to_exc(exc) from exc
httpcore.ReadTimeout: The read operation timed out

The above exception was the direct cause of the following exception:

Traceback (most recent call last):
  File "/Users/nripeshpradhan/Documents/Github/i-test-season/fpl_edge/interfaces/telegram.py", line 503, in run_forever
    self.poll_once(timeout=timeout)
  File "/Users/nripeshpradhan/Documents/Github/i-test-season/fpl_edge/interfaces/telegram.py", line 338, in poll_once
    body = self.transport.call(
           ^^^^^^^^^^^^^^^^^^^^
  File "/Users/nripeshpradhan/Documents/Github/i-test-season/fpl_edge/interfaces/telegram.py", line 102, in call
    resp = self._client.post(f"/{method}", json=payload, timeout=timeout)
           ^^^^^^^^^^^^^^^^^^^^^^^^^^^^^^^^^^^^^^^^^^^^^^^^^^^^^^^^^^^^^^
  File "/Users/nripeshpradhan/Documents/Github/i-test-season/.venv/lib/python3.11/site-packages/httpx/_client.py", line 1144, in post
    return self.request(
           ^^^^^^^^^^^^^
  File "/Users/nripeshpradhan/Documents/Github/i-test-season/.venv/lib/python3.11/site-packages/httpx/_client.py", line 825, in request
    return self.send(request, auth=auth, follow_redirects=follow_redirects)
           ^^^^^^^^^^^^^^^^^^^^^^^^^^^^^^^^^^^^^^^^^^^^^^^^^^^^^^^^^^^^^^^^
  File "/Users/nripeshpradhan/Documents/Github/i-test-season/.venv/lib/python3.11/site-packages/httpx/_client.py", line 914, in send
    response = self._send_handling_auth(
               ^^^^^^^^^^^^^^^^^^^^^^^^^
  File "/Users/nripeshpradhan/Documents/Github/i-test-season/.venv/lib/python3.11/site-packages/httpx/_client.py", line 942, in _send_handling_auth
    response = self._send_handling_redirects(
               ^^^^^^^^^^^^^^^^^^^^^^^^^^^^^^
  File "/Users/nripeshpradhan/Documents/Github/i-test-season/.venv/lib/python3.11/site-packages/httpx/_client.py", line 979, in _send_handling_redirects
    response = self._send_single_request(request)
               ^^^^^^^^^^^^^^^^^^^^^^^^^^^^^^^^^^
  File "/Users/nripeshpradhan/Documents/Github/i-test-season/.venv/lib/python3.11/site-packages/httpx/_client.py", line 1014, in _send_single_request
    response = transport.handle_request(request)
               ^^^^^^^^^^^^^^^^^^^^^^^^^^^^^^^^^
  File "/Users/nripeshpradhan/Documents/Github/i-test-season/.venv/lib/python3.11/site-packages/httpx/_transports/default.py", line 249, in handle_request
    with map_httpcore_exceptions():
  File "/Users/nripeshpradhan/.local/share/uv/python/cpython-3.11.15-macos-aarch64-none/lib/python3.11/contextlib.py", line 158, in __exit__
    self.gen.throw(typ, value, traceback)
  File "/Users/nripeshpradhan/Documents/Github/i-test-season/.venv/lib/python3.11/site-packages/httpx/_transports/default.py", line 118, in map_httpcore_exceptions
    raise mapped_exc(message) from exc
httpx.ReadTimeout: The read operation timed out
2026-08-21 19:58:39,327 ERROR poll cycle failed; backing off
Traceback (most recent call last):
  File "/Users/nripeshpradhan/Documents/Github/i-test-season/.venv/lib/python3.11/site-packages/httpx/_transports/default.py", line 101, in map_httpcore_exceptions
    yield
  File "/Users/nripeshpradhan/Documents/Github/i-test-season/.venv/lib/python3.11/site-packages/httpx/_transports/default.py", line 250, in handle_request
    resp = self._pool.handle_request(req)
           ^^^^^^^^^^^^^^^^^^^^^^^^^^^^^^
  File "/Users/nripeshpradhan/Documents/Github/i-test-season/.venv/lib/python3.11/site-packages/httpcore/_sync/connection_pool.py", line 256, in handle_request
    raise exc from None
  File "/Users/nripeshpradhan/Documents/Github/i-test-season/.venv/lib/python3.11/site-packages/httpcore/_sync/connection_pool.py", line 236, in handle_request
    response = connection.handle_request(
               ^^^^^^^^^^^^^^^^^^^^^^^^^^
  File "/Users/nripeshpradhan/Documents/Github/i-test-season/.venv/lib/python3.11/site-packages/httpcore/_sync/connection.py", line 103, in handle_request
    return self._connection.handle_request(request)
           ^^^^^^^^^^^^^^^^^^^^^^^^^^^^^^^^^^^^^^^^
  File "/Users/nripeshpradhan/Documents/Github/i-test-season/.venv/lib/python3.11/site-packages/httpcore/_sync/http11.py", line 136, in handle_request
    raise exc
  File "/Users/nripeshpradhan/Documents/Github/i-test-season/.venv/lib/python3.11/site-packages/httpcore/_sync/http11.py", line 106, in handle_request
    ) = self._receive_response_headers(**kwargs)
        ^^^^^^^^^^^^^^^^^^^^^^^^^^^^^^^^^^^^^^^^
  File "/Users/nripeshpradhan/Documents/Github/i-test-season/.venv/lib/python3.11/site-packages/httpcore/_sync/http11.py", line 177, in _receive_response_headers
    event = self._receive_event(timeout=timeout)
            ^^^^^^^^^^^^^^^^^^^^^^^^^^^^^^^^^^^^
  File "/Users/nripeshpradhan/Documents/Github/i-test-season/.venv/lib/python3.11/site-packages/httpcore/_sync/http11.py", line 231, in _receive_event
    raise RemoteProtocolError(msg)
httpcore.RemoteProtocolError: Server disconnected without sending a response.

The above exception was the direct cause of the following exception:

Traceback (most recent call last):
  File "/Users/nripeshpradhan/Documents/Github/i-test-season/fpl_edge/interfaces/telegram.py", line 503, in run_forever
    self.poll_once(timeout=timeout)
  File "/Users/nripeshpradhan/Documents/Github/i-test-season/fpl_edge/interfaces/telegram.py", line 338, in poll_once
    body = self.transport.call(
           ^^^^^^^^^^^^^^^^^^^^
  File "/Users/nripeshpradhan/Documents/Github/i-test-season/fpl_edge/interfaces/telegram.py", line 102, in call
    resp = self._client.post(f"/{method}", json=payload, timeout=timeout)
           ^^^^^^^^^^^^^^^^^^^^^^^^^^^^^^^^^^^^^^^^^^^^^^^^^^^^^^^^^^^^^^
  File "/Users/nripeshpradhan/Documents/Github/i-test-season/.venv/lib/python3.11/site-packages/httpx/_client.py", line 1144, in post
    return self.request(
           ^^^^^^^^^^^^^
  File "/Users/nripeshpradhan/Documents/Github/i-test-season/.venv/lib/python3.11/site-packages/httpx/_client.py", line 825, in request
    return self.send(request, auth=auth, follow_redirects=follow_redirects)
           ^^^^^^^^^^^^^^^^^^^^^^^^^^^^^^^^^^^^^^^^^^^^^^^^^^^^^^^^^^^^^^^^
  File "/Users/nripeshpradhan/Documents/Github/i-test-season/.venv/lib/python3.11/site-packages/httpx/_client.py", line 914, in send
    response = self._send_handling_auth(
               ^^^^^^^^^^^^^^^^^^^^^^^^^
  File "/Users/nripeshpradhan/Documents/Github/i-test-season/.venv/lib/python3.11/site-packages/httpx/_client.py", line 942, in _send_handling_auth
    response = self._send_handling_redirects(
               ^^^^^^^^^^^^^^^^^^^^^^^^^^^^^^
  File "/Users/nripeshpradhan/Documents/Github/i-test-season/.venv/lib/python3.11/site-packages/httpx/_client.py", line 979, in _send_handling_redirects
    response = self._send_single_request(request)
               ^^^^^^^^^^^^^^^^^^^^^^^^^^^^^^^^^^
  File "/Users/nripeshpradhan/Documents/Github/i-test-season/.venv/lib/python3.11/site-packages/httpx/_client.py", line 1014, in _send_single_request
    response = transport.handle_request(request)
               ^^^^^^^^^^^^^^^^^^^^^^^^^^^^^^^^^
  File "/Users/nripeshpradhan/Documents/Github/i-test-season/.venv/lib/python3.11/site-packages/httpx/_transports/default.py", line 249, in handle_request
    with map_httpcore_exceptions():
  File "/Users/nripeshpradhan/.local/share/uv/python/cpython-3.11.15-macos-aarch64-none/lib/python3.11/contextlib.py", line 158, in __exit__
    self.gen.throw(typ, value, traceback)
  File "/Users/nripeshpradhan/Documents/Github/i-test-season/.venv/lib/python3.11/site-packages/httpx/_transports/default.py", line 118, in map_httpcore_exceptions
    raise mapped_exc(message) from exc
httpx.RemoteProtocolError: Server disconnected without sending a response.
2026-08-21 20:13:32,351 ERROR poll cycle failed; backing off
Traceback (most recent call last):
  File "/Users/nripeshpradhan/Documents/Github/i-test-season/.venv/lib/python3.11/site-packages/httpx/_transports/default.py", line 101, in map_httpcore_exceptions
    yield
  File "/Users/nripeshpradhan/Documents/Github/i-test-season/.venv/lib/python3.11/site-packages/httpx/_transports/default.py", line 250, in handle_request
    resp = self._pool.handle_request(req)
           ^^^^^^^^^^^^^^^^^^^^^^^^^^^^^^
  File "/Users/nripeshpradhan/Documents/Github/i-test-season/.venv/lib/python3.11/site-packages/httpcore/_sync/connection_pool.py", line 256, in handle_request
    raise exc from None
  File "/Users/nripeshpradhan/Documents/Github/i-test-season/.venv/lib/python3.11/site-packages/httpcore/_sync/connection_pool.py", line 236, in handle_request
    response = connection.handle_request(
               ^^^^^^^^^^^^^^^^^^^^^^^^^^
  File "/Users/nripeshpradhan/Documents/Github/i-test-season/.venv/lib/python3.11/site-packages/httpcore/_sync/connection.py", line 103, in handle_request
    return self._connection.handle_request(request)
           ^^^^^^^^^^^^^^^^^^^^^^^^^^^^^^^^^^^^^^^^
  File "/Users/nripeshpradhan/Documents/Github/i-test-season/.venv/lib/python3.11/site-packages/httpcore/_sync/http11.py", line 136, in handle_request
    raise exc
  File "/Users/nripeshpradhan/Documents/Github/i-test-season/.venv/lib/python3.11/site-packages/httpcore/_sync/http11.py", line 106, in handle_request
    ) = self._receive_response_headers(**kwargs)
        ^^^^^^^^^^^^^^^^^^^^^^^^^^^^^^^^^^^^^^^^
  File "/Users/nripeshpradhan/Documents/Github/i-test-season/.venv/lib/python3.11/site-packages/httpcore/_sync/http11.py", line 177, in _receive_response_headers
    event = self._receive_event(timeout=timeout)
            ^^^^^^^^^^^^^^^^^^^^^^^^^^^^^^^^^^^^
  File "/Users/nripeshpradhan/Documents/Github/i-test-season/.venv/lib/python3.11/site-packages/httpcore/_sync/http11.py", line 217, in _receive_event
    data = self._network_stream.read(
           ^^^^^^^^^^^^^^^^^^^^^^^^^^
  File "/Users/nripeshpradhan/Documents/Github/i-test-season/.venv/lib/python3.11/site-packages/httpcore/_backends/sync.py", line 126, in read
    with map_exceptions(exc_map):
  File "/Users/nripeshpradhan/.local/share/uv/python/cpython-3.11.15-macos-aarch64-none/lib/python3.11/contextlib.py", line 158, in __exit__
    self.gen.throw(typ, value, traceback)
  File "/Users/nripeshpradhan/Documents/Github/i-test-season/.venv/lib/python3.11/site-packages/httpcore/_exceptions.py", line 14, in map_exceptions
    raise to_exc(exc) from exc
httpcore.ReadTimeout: The read operation timed out

The above exception was the direct cause of the following exception:

Traceback (most recent call last):
  File "/Users/nripeshpradhan/Documents/Github/i-test-season/fpl_edge/interfaces/telegram.py", line 503, in run_forever
    self.poll_once(timeout=timeout)
  File "/Users/nripeshpradhan/Documents/Github/i-test-season/fpl_edge/interfaces/telegram.py", line 338, in poll_once
    body = self.transport.call(
           ^^^^^^^^^^^^^^^^^^^^
  File "/Users/nripeshpradhan/Documents/Github/i-test-season/fpl_edge/interfaces/telegram.py", line 102, in call
    resp = self._client.post(f"/{method}", json=payload, timeout=timeout)
           ^^^^^^^^^^^^^^^^^^^^^^^^^^^^^^^^^^^^^^^^^^^^^^^^^^^^^^^^^^^^^^
  File "/Users/nripeshpradhan/Documents/Github/i-test-season/.venv/lib/python3.11/site-packages/httpx/_client.py", line 1144, in post
    return self.request(
           ^^^^^^^^^^^^^
  File "/Users/nripeshpradhan/Documents/Github/i-test-season/.venv/lib/python3.11/site-packages/httpx/_client.py", line 825, in request
    return self.send(request, auth=auth, follow_redirects=follow_redirects)
           ^^^^^^^^^^^^^^^^^^^^^^^^^^^^^^^^^^^^^^^^^^^^^^^^^^^^^^^^^^^^^^^^
  File "/Users/nripeshpradhan/Documents/Github/i-test-season/.venv/lib/python3.11/site-packages/httpx/_client.py", line 914, in send
    response = self._send_handling_auth(
               ^^^^^^^^^^^^^^^^^^^^^^^^^
  File "/Users/nripeshpradhan/Documents/Github/i-test-season/.venv/lib/python3.11/site-packages/httpx/_client.py", line 942, in _send_handling_auth
    response = self._send_handling_redirects(
               ^^^^^^^^^^^^^^^^^^^^^^^^^^^^^^
  File "/Users/nripeshpradhan/Documents/Github/i-test-season/.venv/lib/python3.11/site-packages/httpx/_client.py", line 979, in _send_handling_redirects
    response = self._send_single_request(request)
               ^^^^^^^^^^^^^^^^^^^^^^^^^^^^^^^^^^
  File "/Users/nripeshpradhan/Documents/Github/i-test-season/.venv/lib/python3.11/site-packages/httpx/_client.py", line 1014, in _send_single_request
    response = transport.handle_request(request)
               ^^^^^^^^^^^^^^^^^^^^^^^^^^^^^^^^^
  File "/Users/nripeshpradhan/Documents/Github/i-test-season/.venv/lib/python3.11/site-packages/httpx/_transports/default.py", line 249, in handle_request
    with map_httpcore_exceptions():
  File "/Users/nripeshpradhan/.local/share/uv/python/cpython-3.11.15-macos-aarch64-none/lib/python3.11/contextlib.py", line 158, in __exit__
    self.gen.throw(typ, value, traceback)
  File "/Users/nripeshpradhan/Documents/Github/i-test-season/.venv/lib/python3.11/site-packages/httpx/_transports/default.py", line 118, in map_httpcore_exceptions
    raise mapped_exc(message) from exc
httpx.ReadTimeout: The read operation timed out
2026-08-21 21:09:35,720 ERROR poll cycle failed; backing off
Traceback (most recent call last):
  File "/Users/nripeshpradhan/Documents/Github/i-test-season/.venv/lib/python3.11/site-packages/httpx/_transports/default.py", line 101, in map_httpcore_exceptions
    yield
  File "/Users/nripeshpradhan/Documents/Github/i-test-season/.venv/lib/python3.11/site-packages/httpx/_transports/default.py", line 250, in handle_request
    resp = self._pool.handle_request(req)
           ^^^^^^^^^^^^^^^^^^^^^^^^^^^^^^
  File "/Users/nripeshpradhan/Documents/Github/i-test-season/.venv/lib/python3.11/site-packages/httpcore/_sync/connection_pool.py", line 256, in handle_request
    raise exc from None
  File "/Users/nripeshpradhan/Documents/Github/i-test-season/.venv/lib/python3.11/site-packages/httpcore/_sync/connection_pool.py", line 236, in handle_request
    response = connection.handle_request(
               ^^^^^^^^^^^^^^^^^^^^^^^^^^
  File "/Users/nripeshpradhan/Documents/Github/i-test-season/.venv/lib/python3.11/site-packages/httpcore/_sync/connection.py", line 103, in handle_request
    return self._connection.handle_request(request)
           ^^^^^^^^^^^^^^^^^^^^^^^^^^^^^^^^^^^^^^^^
  File "/Users/nripeshpradhan/Documents/Github/i-test-season/.venv/lib/python3.11/site-packages/httpcore/_sync/http11.py", line 136, in handle_request
    raise exc
  File "/Users/nripeshpradhan/Documents/Github/i-test-season/.venv/lib/python3.11/site-packages/httpcore/_sync/http11.py", line 106, in handle_request
    ) = self._receive_response_headers(**kwargs)
        ^^^^^^^^^^^^^^^^^^^^^^^^^^^^^^^^^^^^^^^^
  File "/Users/nripeshpradhan/Documents/Github/i-test-season/.venv/lib/python3.11/site-packages/httpcore/_sync/http11.py", line 177, in _receive_response_headers
    event = self._receive_event(timeout=timeout)
            ^^^^^^^^^^^^^^^^^^^^^^^^^^^^^^^^^^^^
  File "/Users/nripeshpradhan/Documents/Github/i-test-season/.venv/lib/python3.11/site-packages/httpcore/_sync/http11.py", line 217, in _receive_event
    data = self._network_stream.read(
           ^^^^^^^^^^^^^^^^^^^^^^^^^^
  File "/Users/nripeshpradhan/Documents/Github/i-test-season/.venv/lib/python3.11/site-packages/httpcore/_backends/sync.py", line 126, in read
    with map_exceptions(exc_map):
  File "/Users/nripeshpradhan/.local/share/uv/python/cpython-3.11.15-macos-aarch64-none/lib/python3.11/contextlib.py", line 158, in __exit__
    self.gen.throw(typ, value, traceback)
  File "/Users/nripeshpradhan/Documents/Github/i-test-season/.venv/lib/python3.11/site-packages/httpcore/_exceptions.py", line 14, in map_exceptions
    raise to_exc(exc) from exc
httpcore.ReadTimeout: The read operation timed out

The above exception was the direct cause of the following exception:

Traceback (most recent call last):
  File "/Users/nripeshpradhan/Documents/Github/i-test-season/fpl_edge/interfaces/telegram.py", line 503, in run_forever
    self.poll_once(timeout=timeout)
  File "/Users/nripeshpradhan/Documents/Github/i-test-season/fpl_edge/interfaces/telegram.py", line 338, in poll_once
    body = self.transport.call(
           ^^^^^^^^^^^^^^^^^^^^
  File "/Users/nripeshpradhan/Documents/Github/i-test-season/fpl_edge/interfaces/telegram.py", line 102, in call
    resp = self._client.post(f"/{method}", json=payload, timeout=timeout)
           ^^^^^^^^^^^^^^^^^^^^^^^^^^^^^^^^^^^^^^^^^^^^^^^^^^^^^^^^^^^^^^
  File "/Users/nripeshpradhan/Documents/Github/i-test-season/.venv/lib/python3.11/site-packages/httpx/_client.py", line 1144, in post
    return self.request(
           ^^^^^^^^^^^^^
  File "/Users/nripeshpradhan/Documents/Github/i-test-season/.venv/lib/python3.11/site-packages/httpx/_client.py", line 825, in request
    return self.send(request, auth=auth, follow_redirects=follow_redirects)
           ^^^^^^^^^^^^^^^^^^^^^^^^^^^^^^^^^^^^^^^^^^^^^^^^^^^^^^^^^^^^^^^^
  File "/Users/nripeshpradhan/Documents/Github/i-test-season/.venv/lib/python3.11/site-packages/httpx/_client.py", line 914, in send
    response = self._send_handling_auth(
               ^^^^^^^^^^^^^^^^^^^^^^^^^
  File "/Users/nripeshpradhan/Documents/Github/i-test-season/.venv/lib/python3.11/site-packages/httpx/_client.py", line 942, in _send_handling_auth
    response = self._send_handling_redirects(
               ^^^^^^^^^^^^^^^^^^^^^^^^^^^^^^
  File "/Users/nripeshpradhan/Documents/Github/i-test-season/.venv/lib/python3.11/site-packages/httpx/_client.py", line 979, in _send_handling_redirects
    response = self._send_single_request(request)
               ^^^^^^^^^^^^^^^^^^^^^^^^^^^^^^^^^^
  File "/Users/nripeshpradhan/Documents/Github/i-test-season/.venv/lib/python3.11/site-packages/httpx/_client.py", line 1014, in _send_single_request
    response = transport.handle_request(request)
               ^^^^^^^^^^^^^^^^^^^^^^^^^^^^^^^^^
  File "/Users/nripeshpradhan/Documents/Github/i-test-season/.venv/lib/python3.11/site-packages/httpx/_transports/default.py", line 249, in handle_request
    with map_httpcore_exceptions():
  File "/Users/nripeshpradhan/.local/share/uv/python/cpython-3.11.15-macos-aarch64-none/lib/python3.11/contextlib.py", line 158, in __exit__
    self.gen.throw(typ, value, traceback)
  File "/Users/nripeshpradhan/Documents/Github/i-test-season/.venv/lib/python3.11/site-packages/httpx/_transports/default.py", line 118, in map_httpcore_exceptions
    raise mapped_exc(message) from exc
httpx.ReadTimeout: The read operation timed out
2026-08-21 22:10:42,539 ERROR poll cycle failed; backing off
Traceback (most recent call last):
  File "/Users/nripeshpradhan/Documents/Github/i-test-season/.venv/lib/python3.11/site-packages/httpx/_transports/default.py", line 101, in map_httpcore_exceptions
    yield
  File "/Users/nripeshpradhan/Documents/Github/i-test-season/.venv/lib/python3.11/site-packages/httpx/_transports/default.py", line 250, in handle_request
    resp = self._pool.handle_request(req)
           ^^^^^^^^^^^^^^^^^^^^^^^^^^^^^^
  File "/Users/nripeshpradhan/Documents/Github/i-test-season/.venv/lib/python3.11/site-packages/httpcore/_sync/connection_pool.py", line 256, in handle_request
    raise exc from None
  File "/Users/nripeshpradhan/Documents/Github/i-test-season/.venv/lib/python3.11/site-packages/httpcore/_sync/connection_pool.py", line 236, in handle_request
    response = connection.handle_request(
               ^^^^^^^^^^^^^^^^^^^^^^^^^^
  File "/Users/nripeshpradhan/Documents/Github/i-test-season/.venv/lib/python3.11/site-packages/httpcore/_sync/connection.py", line 103, in handle_request
    return self._connection.handle_request(request)
           ^^^^^^^^^^^^^^^^^^^^^^^^^^^^^^^^^^^^^^^^
  File "/Users/nripeshpradhan/Documents/Github/i-test-season/.venv/lib/python3.11/site-packages/httpcore/_sync/http11.py", line 136, in handle_request
    raise exc
  File "/Users/nripeshpradhan/Documents/Github/i-test-season/.venv/lib/python3.11/site-packages/httpcore/_sync/http11.py", line 106, in handle_request
    ) = self._receive_response_headers(**kwargs)
        ^^^^^^^^^^^^^^^^^^^^^^^^^^^^^^^^^^^^^^^^
  File "/Users/nripeshpradhan/Documents/Github/i-test-season/.venv/lib/python3.11/site-packages/httpcore/_sync/http11.py", line 177, in _receive_response_headers
    event = self._receive_event(timeout=timeout)
            ^^^^^^^^^^^^^^^^^^^^^^^^^^^^^^^^^^^^
  File "/Users/nripeshpradhan/Documents/Github/i-test-season/.venv/lib/python3.11/site-packages/httpcore/_sync/http11.py", line 217, in _receive_event
    data = self._network_stream.read(
           ^^^^^^^^^^^^^^^^^^^^^^^^^^
  File "/Users/nripeshpradhan/Documents/Github/i-test-season/.venv/lib/python3.11/site-packages/httpcore/_backends/sync.py", line 126, in read
    with map_exceptions(exc_map):
  File "/Users/nripeshpradhan/.local/share/uv/python/cpython-3.11.15-macos-aarch64-none/lib/python3.11/contextlib.py", line 158, in __exit__
    self.gen.throw(typ, value, traceback)
  File "/Users/nripeshpradhan/Documents/Github/i-test-season/.venv/lib/python3.11/site-packages/httpcore/_exceptions.py", line 14, in map_exceptions
    raise to_exc(exc) from exc
httpcore.ReadTimeout: The read operation timed out

The above exception was the direct cause of the following exception:

Traceback (most recent call last):
  File "/Users/nripeshpradhan/Documents/Github/i-test-season/fpl_edge/interfaces/telegram.py", line 503, in run_forever
    self.poll_once(timeout=timeout)
  File "/Users/nripeshpradhan/Documents/Github/i-test-season/fpl_edge/interfaces/telegram.py", line 338, in poll_once
    body = self.transport.call(
           ^^^^^^^^^^^^^^^^^^^^
  File "/Users/nripeshpradhan/Documents/Github/i-test-season/fpl_edge/interfaces/telegram.py", line 102, in call
    resp = self._client.post(f"/{method}", json=payload, timeout=timeout)
           ^^^^^^^^^^^^^^^^^^^^^^^^^^^^^^^^^^^^^^^^^^^^^^^^^^^^^^^^^^^^^^
  File "/Users/nripeshpradhan/Documents/Github/i-test-season/.venv/lib/python3.11/site-packages/httpx/_client.py", line 1144, in post
    return self.request(
           ^^^^^^^^^^^^^
  File "/Users/nripeshpradhan/Documents/Github/i-test-season/.venv/lib/python3.11/site-packages/httpx/_client.py", line 825, in request
    return self.send(request, auth=auth, follow_redirects=follow_redirects)
           ^^^^^^^^^^^^^^^^^^^^^^^^^^^^^^^^^^^^^^^^^^^^^^^^^^^^^^^^^^^^^^^^
  File "/Users/nripeshpradhan/Documents/Github/i-test-season/.venv/lib/python3.11/site-packages/httpx/_client.py", line 914, in send
    response = self._send_handling_auth(
               ^^^^^^^^^^^^^^^^^^^^^^^^^
  File "/Users/nripeshpradhan/Documents/Github/i-test-season/.venv/lib/python3.11/site-packages/httpx/_client.py", line 942, in _send_handling_auth
    response = self._send_handling_redirects(
               ^^^^^^^^^^^^^^^^^^^^^^^^^^^^^^
  File "/Users/nripeshpradhan/Documents/Github/i-test-season/.venv/lib/python3.11/site-packages/httpx/_client.py", line 979, in _send_handling_redirects
    response = self._send_single_request(request)
               ^^^^^^^^^^^^^^^^^^^^^^^^^^^^^^^^^^
  File "/Users/nripeshpradhan/Documents/Github/i-test-season/.venv/lib/python3.11/site-packages/httpx/_client.py", line 1014, in _send_single_request
    response = transport.handle_request(request)
               ^^^^^^^^^^^^^^^^^^^^^^^^^^^^^^^^^
  File "/Users/nripeshpradhan/Documents/Github/i-test-season/.venv/lib/python3.11/site-packages/httpx/_transports/default.py", line 249, in handle_request
    with map_httpcore_exceptions():
  File "/Users/nripeshpradhan/.local/share/uv/python/cpython-3.11.15-macos-aarch64-none/lib/python3.11/contextlib.py", line 158, in __exit__
    self.gen.throw(typ, value, traceback)
  File "/Users/nripeshpradhan/Documents/Github/i-test-season/.venv/lib/python3.11/site-packages/httpx/_transports/default.py", line 118, in map_httpcore_exceptions
    raise mapped_exc(message) from exc
httpx.ReadTimeout: The read operation timed out
2026-08-21 22:19:55,931 ERROR poll cycle failed; backing off
Traceback (most recent call last):
  File "/Users/nripeshpradhan/Documents/Github/i-test-season/.venv/lib/python3.11/site-packages/httpx/_transports/default.py", line 101, in map_httpcore_exceptions
    yield
  File "/Users/nripeshpradhan/Documents/Github/i-test-season/.venv/lib/python3.11/site-packages/httpx/_transports/default.py", line 250, in handle_request
    resp = self._pool.handle_request(req)
           ^^^^^^^^^^^^^^^^^^^^^^^^^^^^^^
  File "/Users/nripeshpradhan/Documents/Github/i-test-season/.venv/lib/python3.11/site-packages/httpcore/_sync/connection_pool.py", line 256, in handle_request
    raise exc from None
  File "/Users/nripeshpradhan/Documents/Github/i-test-season/.venv/lib/python3.11/site-packages/httpcore/_sync/connection_pool.py", line 236, in handle_request
    response = connection.handle_request(
               ^^^^^^^^^^^^^^^^^^^^^^^^^^
  File "/Users/nripeshpradhan/Documents/Github/i-test-season/.venv/lib/python3.11/site-packages/httpcore/_sync/connection.py", line 103, in handle_request
    return self._connection.handle_request(request)
           ^^^^^^^^^^^^^^^^^^^^^^^^^^^^^^^^^^^^^^^^
  File "/Users/nripeshpradhan/Documents/Github/i-test-season/.venv/lib/python3.11/site-packages/httpcore/_sync/http11.py", line 136, in handle_request
    raise exc
  File "/Users/nripeshpradhan/Documents/Github/i-test-season/.venv/lib/python3.11/site-packages/httpcore/_sync/http11.py", line 106, in handle_request
    ) = self._receive_response_headers(**kwargs)
        ^^^^^^^^^^^^^^^^^^^^^^^^^^^^^^^^^^^^^^^^
  File "/Users/nripeshpradhan/Documents/Github/i-test-season/.venv/lib/python3.11/site-packages/httpcore/_sync/http11.py", line 177, in _receive_response_headers
    event = self._receive_event(timeout=timeout)
            ^^^^^^^^^^^^^^^^^^^^^^^^^^^^^^^^^^^^
  File "/Users/nripeshpradhan/Documents/Github/i-test-season/.venv/lib/python3.11/site-packages/httpcore/_sync/http11.py", line 217, in _receive_event
    data = self._network_stream.read(
           ^^^^^^^^^^^^^^^^^^^^^^^^^^
  File "/Users/nripeshpradhan/Documents/Github/i-test-season/.venv/lib/python3.11/site-packages/httpcore/_backends/sync.py", line 126, in read
    with map_exceptions(exc_map):
  File "/Users/nripeshpradhan/.local/share/uv/python/cpython-3.11.15-macos-aarch64-none/lib/python3.11/contextlib.py", line 158, in __exit__
    self.gen.throw(typ, value, traceback)
  File "/Users/nripeshpradhan/Documents/Github/i-test-season/.venv/lib/python3.11/site-packages/httpcore/_exceptions.py", line 14, in map_exceptions
    raise to_exc(exc) from exc
httpcore.ReadTimeout: The read operation timed out

The above exception was the direct cause of the following exception:

Traceback (most recent call last):
  File "/Users/nripeshpradhan/Documents/Github/i-test-season/fpl_edge/interfaces/telegram.py", line 503, in run_forever
    self.poll_once(timeout=timeout)
  File "/Users/nripeshpradhan/Documents/Github/i-test-season/fpl_edge/interfaces/telegram.py", line 338, in poll_once
    body = self.transport.call(
           ^^^^^^^^^^^^^^^^^^^^
  File "/Users/nripeshpradhan/Documents/Github/i-test-season/fpl_edge/interfaces/telegram.py", line 102, in call
    resp = self._client.post(f"/{method}", json=payload, timeout=timeout)
           ^^^^^^^^^^^^^^^^^^^^^^^^^^^^^^^^^^^^^^^^^^^^^^^^^^^^^^^^^^^^^^
  File "/Users/nripeshpradhan/Documents/Github/i-test-season/.venv/lib/python3.11/site-packages/httpx/_client.py", line 1144, in post
    return self.request(
           ^^^^^^^^^^^^^
  File "/Users/nripeshpradhan/Documents/Github/i-test-season/.venv/lib/python3.11/site-packages/httpx/_client.py", line 825, in request
    return self.send(request, auth=auth, follow_redirects=follow_redirects)
           ^^^^^^^^^^^^^^^^^^^^^^^^^^^^^^^^^^^^^^^^^^^^^^^^^^^^^^^^^^^^^^^^
  File "/Users/nripeshpradhan/Documents/Github/i-test-season/.venv/lib/python3.11/site-packages/httpx/_client.py", line 914, in send
    response = self._send_handling_auth(
               ^^^^^^^^^^^^^^^^^^^^^^^^^
  File "/Users/nripeshpradhan/Documents/Github/i-test-season/.venv/lib/python3.11/site-packages/httpx/_client.py", line 942, in _send_handling_auth
    response = self._send_handling_redirects(
               ^^^^^^^^^^^^^^^^^^^^^^^^^^^^^^
  File "/Users/nripeshpradhan/Documents/Github/i-test-season/.venv/lib/python3.11/site-packages/httpx/_client.py", line 979, in _send_handling_redirects
    response = self._send_single_request(request)
               ^^^^^^^^^^^^^^^^^^^^^^^^^^^^^^^^^^
  File "/Users/nripeshpradhan/Documents/Github/i-test-season/.venv/lib/python3.11/site-packages/httpx/_client.py", line 1014, in _send_single_request
    response = transport.handle_request(request)
               ^^^^^^^^^^^^^^^^^^^^^^^^^^^^^^^^^
  File "/Users/nripeshpradhan/Documents/Github/i-test-season/.venv/lib/python3.11/site-packages/httpx/_transports/default.py", line 249, in handle_request
    with map_httpcore_exceptions():
  File "/Users/nripeshpradhan/.local/share/uv/python/cpython-3.11.15-macos-aarch64-none/lib/python3.11/contextlib.py", line 158, in __exit__
    self.gen.throw(typ, value, traceback)
  File "/Users/nripeshpradhan/Documents/Github/i-test-season/.venv/lib/python3.11/site-packages/httpx/_transports/default.py", line 118, in map_httpcore_exceptions
    raise mapped_exc(message) from exc
httpx.ReadTimeout: The read operation timed out
2026-08-21 22:27:11,321 ERROR poll cycle failed; backing off
Traceback (most recent call last):
  File "/Users/nripeshpradhan/Documents/Github/i-test-season/.venv/lib/python3.11/site-packages/httpx/_transports/default.py", line 101, in map_httpcore_exceptions
    yield
  File "/Users/nripeshpradhan/Documents/Github/i-test-season/.venv/lib/python3.11/site-packages/httpx/_transports/default.py", line 250, in handle_request
    resp = self._pool.handle_request(req)
           ^^^^^^^^^^^^^^^^^^^^^^^^^^^^^^
  File "/Users/nripeshpradhan/Documents/Github/i-test-season/.venv/lib/python3.11/site-packages/httpcore/_sync/connection_pool.py", line 256, in handle_request
    raise exc from None
  File "/Users/nripeshpradhan/Documents/Github/i-test-season/.venv/lib/python3.11/site-packages/httpcore/_sync/connection_pool.py", line 236, in handle_request
    response = connection.handle_request(
               ^^^^^^^^^^^^^^^^^^^^^^^^^^
  File "/Users/nripeshpradhan/Documents/Github/i-test-season/.venv/lib/python3.11/site-packages/httpcore/_sync/connection.py", line 103, in handle_request
    return self._connection.handle_request(request)
           ^^^^^^^^^^^^^^^^^^^^^^^^^^^^^^^^^^^^^^^^
  File "/Users/nripeshpradhan/Documents/Github/i-test-season/.venv/lib/python3.11/site-packages/httpcore/_sync/http11.py", line 136, in handle_request
    raise exc
  File "/Users/nripeshpradhan/Documents/Github/i-test-season/.venv/lib/python3.11/site-packages/httpcore/_sync/http11.py", line 106, in handle_request
    ) = self._receive_response_headers(**kwargs)
        ^^^^^^^^^^^^^^^^^^^^^^^^^^^^^^^^^^^^^^^^
  File "/Users/nripeshpradhan/Documents/Github/i-test-season/.venv/lib/python3.11/site-packages/httpcore/_sync/http11.py", line 177, in _receive_response_headers
    event = self._receive_event(timeout=timeout)
            ^^^^^^^^^^^^^^^^^^^^^^^^^^^^^^^^^^^^
  File "/Users/nripeshpradhan/Documents/Github/i-test-season/.venv/lib/python3.11/site-packages/httpcore/_sync/http11.py", line 217, in _receive_event
    data = self._network_stream.read(
           ^^^^^^^^^^^^^^^^^^^^^^^^^^
  File "/Users/nripeshpradhan/Documents/Github/i-test-season/.venv/lib/python3.11/site-packages/httpcore/_backends/sync.py", line 126, in read
    with map_exceptions(exc_map):
  File "/Users/nripeshpradhan/.local/share/uv/python/cpython-3.11.15-macos-aarch64-none/lib/python3.11/contextlib.py", line 158, in __exit__
    self.gen.throw(typ, value, traceback)
  File "/Users/nripeshpradhan/Documents/Github/i-test-season/.venv/lib/python3.11/site-packages/httpcore/_exceptions.py", line 14, in map_exceptions
    raise to_exc(exc) from exc
httpcore.ReadTimeout: The read operation timed out

The above exception was the direct cause of the following exception:

Traceback (most recent call last):
  File "/Users/nripeshpradhan/Documents/Github/i-test-season/fpl_edge/interfaces/telegram.py", line 503, in run_forever
    self.poll_once(timeout=timeout)
  File "/Users/nripeshpradhan/Documents/Github/i-test-season/fpl_edge/interfaces/telegram.py", line 338, in poll_once
    body = self.transport.call(
           ^^^^^^^^^^^^^^^^^^^^
  File "/Users/nripeshpradhan/Documents/Github/i-test-season/fpl_edge/interfaces/telegram.py", line 102, in call
    resp = self._client.post(f"/{method}", json=payload, timeout=timeout)
           ^^^^^^^^^^^^^^^^^^^^^^^^^^^^^^^^^^^^^^^^^^^^^^^^^^^^^^^^^^^^^^
  File "/Users/nripeshpradhan/Documents/Github/i-test-season/.venv/lib/python3.11/site-packages/httpx/_client.py", line 1144, in post
    return self.request(
           ^^^^^^^^^^^^^
  File "/Users/nripeshpradhan/Documents/Github/i-test-season/.venv/lib/python3.11/site-packages/httpx/_client.py", line 825, in request
    return self.send(request, auth=auth, follow_redirects=follow_redirects)
           ^^^^^^^^^^^^^^^^^^^^^^^^^^^^^^^^^^^^^^^^^^^^^^^^^^^^^^^^^^^^^^^^
  File "/Users/nripeshpradhan/Documents/Github/i-test-season/.venv/lib/python3.11/site-packages/httpx/_client.py", line 914, in send
    response = self._send_handling_auth(
               ^^^^^^^^^^^^^^^^^^^^^^^^^
  File "/Users/nripeshpradhan/Documents/Github/i-test-season/.venv/lib/python3.11/site-packages/httpx/_client.py", line 942, in _send_handling_auth
    response = self._send_handling_redirects(
               ^^^^^^^^^^^^^^^^^^^^^^^^^^^^^^
  File "/Users/nripeshpradhan/Documents/Github/i-test-season/.venv/lib/python3.11/site-packages/httpx/_client.py", line 979, in _send_handling_redirects
    response = self._send_single_request(request)
               ^^^^^^^^^^^^^^^^^^^^^^^^^^^^^^^^^^
  File "/Users/nripeshpradhan/Documents/Github/i-test-season/.venv/lib/python3.11/site-packages/httpx/_client.py", line 1014, in _send_single_request
    response = transport.handle_request(request)
               ^^^^^^^^^^^^^^^^^^^^^^^^^^^^^^^^^
  File "/Users/nripeshpradhan/Documents/Github/i-test-season/.venv/lib/python3.11/site-packages/httpx/_transports/default.py", line 249, in handle_request
    with map_httpcore_exceptions():
  File "/Users/nripeshpradhan/.local/share/uv/python/cpython-3.11.15-macos-aarch64-none/lib/python3.11/contextlib.py", line 158, in __exit__
    self.gen.throw(typ, value, traceback)
  File "/Users/nripeshpradhan/Documents/Github/i-test-season/.venv/lib/python3.11/site-packages/httpx/_transports/default.py", line 118, in map_httpcore_exceptions
    raise mapped_exc(message) from exc
httpx.ReadTimeout: The read operation timed out
2026-08-21 22:43:11,856 ERROR poll cycle failed; backing off
Traceback (most recent call last):
  File "/Users/nripeshpradhan/Documents/Github/i-test-season/.venv/lib/python3.11/site-packages/httpx/_transports/default.py", line 101, in map_httpcore_exceptions
    yield
  File "/Users/nripeshpradhan/Documents/Github/i-test-season/.venv/lib/python3.11/site-packages/httpx/_transports/default.py", line 250, in handle_request
    resp = self._pool.handle_request(req)
           ^^^^^^^^^^^^^^^^^^^^^^^^^^^^^^
  File "/Users/nripeshpradhan/Documents/Github/i-test-season/.venv/lib/python3.11/site-packages/httpcore/_sync/connection_pool.py", line 256, in handle_request
    raise exc from None
  File "/Users/nripeshpradhan/Documents/Github/i-test-season/.venv/lib/python3.11/site-packages/httpcore/_sync/connection_pool.py", line 236, in handle_request
    response = connection.handle_request(
               ^^^^^^^^^^^^^^^^^^^^^^^^^^
  File "/Users/nripeshpradhan/Documents/Github/i-test-season/.venv/lib/python3.11/site-packages/httpcore/_sync/connection.py", line 103, in handle_request
    return self._connection.handle_request(request)
           ^^^^^^^^^^^^^^^^^^^^^^^^^^^^^^^^^^^^^^^^
  File "/Users/nripeshpradhan/Documents/Github/i-test-season/.venv/lib/python3.11/site-packages/httpcore/_sync/http11.py", line 136, in handle_request
    raise exc
  File "/Users/nripeshpradhan/Documents/Github/i-test-season/.venv/lib/python3.11/site-packages/httpcore/_sync/http11.py", line 106, in handle_request
    ) = self._receive_response_headers(**kwargs)
        ^^^^^^^^^^^^^^^^^^^^^^^^^^^^^^^^^^^^^^^^
  File "/Users/nripeshpradhan/Documents/Github/i-test-season/.venv/lib/python3.11/site-packages/httpcore/_sync/http11.py", line 177, in _receive_response_headers
    event = self._receive_event(timeout=timeout)
            ^^^^^^^^^^^^^^^^^^^^^^^^^^^^^^^^^^^^
  File "/Users/nripeshpradhan/Documents/Github/i-test-season/.venv/lib/python3.11/site-packages/httpcore/_sync/http11.py", line 217, in _receive_event
    data = self._network_stream.read(
           ^^^^^^^^^^^^^^^^^^^^^^^^^^
  File "/Users/nripeshpradhan/Documents/Github/i-test-season/.venv/lib/python3.11/site-packages/httpcore/_backends/sync.py", line 126, in read
    with map_exceptions(exc_map):
  File "/Users/nripeshpradhan/.local/share/uv/python/cpython-3.11.15-macos-aarch64-none/lib/python3.11/contextlib.py", line 158, in __exit__
    self.gen.throw(typ, value, traceback)
  File "/Users/nripeshpradhan/Documents/Github/i-test-season/.venv/lib/python3.11/site-packages/httpcore/_exceptions.py", line 14, in map_exceptions
    raise to_exc(exc) from exc
httpcore.ReadTimeout: The read operation timed out

The above exception was the direct cause of the following exception:

Traceback (most recent call last):
  File "/Users/nripeshpradhan/Documents/Github/i-test-season/fpl_edge/interfaces/telegram.py", line 503, in run_forever
    self.poll_once(timeout=timeout)
  File "/Users/nripeshpradhan/Documents/Github/i-test-season/fpl_edge/interfaces/telegram.py", line 338, in poll_once
    body = self.transport.call(
           ^^^^^^^^^^^^^^^^^^^^
  File "/Users/nripeshpradhan/Documents/Github/i-test-season/fpl_edge/interfaces/telegram.py", line 102, in call
    resp = self._client.post(f"/{method}", json=payload, timeout=timeout)
           ^^^^^^^^^^^^^^^^^^^^^^^^^^^^^^^^^^^^^^^^^^^^^^^^^^^^^^^^^^^^^^
  File "/Users/nripeshpradhan/Documents/Github/i-test-season/.venv/lib/python3.11/site-packages/httpx/_client.py", line 1144, in post
    return self.request(
           ^^^^^^^^^^^^^
  File "/Users/nripeshpradhan/Documents/Github/i-test-season/.venv/lib/python3.11/site-packages/httpx/_client.py", line 825, in request
    return self.send(request, auth=auth, follow_redirects=follow_redirects)
           ^^^^^^^^^^^^^^^^^^^^^^^^^^^^^^^^^^^^^^^^^^^^^^^^^^^^^^^^^^^^^^^^
  File "/Users/nripeshpradhan/Documents/Github/i-test-season/.venv/lib/python3.11/site-packages/httpx/_client.py", line 914, in send
    response = self._send_handling_auth(
               ^^^^^^^^^^^^^^^^^^^^^^^^^
  File "/Users/nripeshpradhan/Documents/Github/i-test-season/.venv/lib/python3.11/site-packages/httpx/_client.py", line 942, in _send_handling_auth
    response = self._send_handling_redirects(
               ^^^^^^^^^^^^^^^^^^^^^^^^^^^^^^
  File "/Users/nripeshpradhan/Documents/Github/i-test-season/.venv/lib/python3.11/site-packages/httpx/_client.py", line 979, in _send_handling_redirects
    response = self._send_single_request(request)
               ^^^^^^^^^^^^^^^^^^^^^^^^^^^^^^^^^^
  File "/Users/nripeshpradhan/Documents/Github/i-test-season/.venv/lib/python3.11/site-packages/httpx/_client.py", line 1014, in _send_single_request
    response = transport.handle_request(request)
               ^^^^^^^^^^^^^^^^^^^^^^^^^^^^^^^^^
  File "/Users/nripeshpradhan/Documents/Github/i-test-season/.venv/lib/python3.11/site-packages/httpx/_transports/default.py", line 249, in handle_request
    with map_httpcore_exceptions():
  File "/Users/nripeshpradhan/.local/share/uv/python/cpython-3.11.15-macos-aarch64-none/lib/python3.11/contextlib.py", line 158, in __exit__
    self.gen.throw(typ, value, traceback)
  File "/Users/nripeshpradhan/Documents/Github/i-test-season/.venv/lib/python3.11/site-packages/httpx/_transports/default.py", line 118, in map_httpcore_exceptions
    raise mapped_exc(message) from exc
httpx.ReadTimeout: The read operation timed out
2026-08-21 23:13:17,305 ERROR poll cycle failed; backing off
Traceback (most recent call last):
  File "/Users/nripeshpradhan/Documents/Github/i-test-season/.venv/lib/python3.11/site-packages/httpx/_transports/default.py", line 101, in map_httpcore_exceptions
    yield
  File "/Users/nripeshpradhan/Documents/Github/i-test-season/.venv/lib/python3.11/site-packages/httpx/_transports/default.py", line 250, in handle_request
    resp = self._pool.handle_request(req)
           ^^^^^^^^^^^^^^^^^^^^^^^^^^^^^^
  File "/Users/nripeshpradhan/Documents/Github/i-test-season/.venv/lib/python3.11/site-packages/httpcore/_sync/connection_pool.py", line 256, in handle_request
    raise exc from None
  File "/Users/nripeshpradhan/Documents/Github/i-test-season/.venv/lib/python3.11/site-packages/httpcore/_sync/connection_pool.py", line 236, in handle_request
    response = connection.handle_request(
               ^^^^^^^^^^^^^^^^^^^^^^^^^^
  File "/Users/nripeshpradhan/Documents/Github/i-test-season/.venv/lib/python3.11/site-packages/httpcore/_sync/connection.py", line 103, in handle_request
    return self._connection.handle_request(request)
           ^^^^^^^^^^^^^^^^^^^^^^^^^^^^^^^^^^^^^^^^
  File "/Users/nripeshpradhan/Documents/Github/i-test-season/.venv/lib/python3.11/site-packages/httpcore/_sync/http11.py", line 136, in handle_request
    raise exc
  File "/Users/nripeshpradhan/Documents/Github/i-test-season/.venv/lib/python3.11/site-packages/httpcore/_sync/http11.py", line 106, in handle_request
    ) = self._receive_response_headers(**kwargs)
        ^^^^^^^^^^^^^^^^^^^^^^^^^^^^^^^^^^^^^^^^
  File "/Users/nripeshpradhan/Documents/Github/i-test-season/.venv/lib/python3.11/site-packages/httpcore/_sync/http11.py", line 177, in _receive_response_headers
    event = self._receive_event(timeout=timeout)
            ^^^^^^^^^^^^^^^^^^^^^^^^^^^^^^^^^^^^
  File "/Users/nripeshpradhan/Documents/Github/i-test-season/.venv/lib/python3.11/site-packages/httpcore/_sync/http11.py", line 217, in _receive_event
    data = self._network_stream.read(
           ^^^^^^^^^^^^^^^^^^^^^^^^^^
  File "/Users/nripeshpradhan/Documents/Github/i-test-season/.venv/lib/python3.11/site-packages/httpcore/_backends/sync.py", line 126, in read
    with map_exceptions(exc_map):
  File "/Users/nripeshpradhan/.local/share/uv/python/cpython-3.11.15-macos-aarch64-none/lib/python3.11/contextlib.py", line 158, in __exit__
    self.gen.throw(typ, value, traceback)
  File "/Users/nripeshpradhan/Documents/Github/i-test-season/.venv/lib/python3.11/site-packages/httpcore/_exceptions.py", line 14, in map_exceptions
    raise to_exc(exc) from exc
httpcore.ReadTimeout: The read operation timed out

The above exception was the direct cause of the following exception:

Traceback (most recent call last):
  File "/Users/nripeshpradhan/Documents/Github/i-test-season/fpl_edge/interfaces/telegram.py", line 503, in run_forever
    self.poll_once(timeout=timeout)
  File "/Users/nripeshpradhan/Documents/Github/i-test-season/fpl_edge/interfaces/telegram.py", line 338, in poll_once
    body = self.transport.call(
           ^^^^^^^^^^^^^^^^^^^^
  File "/Users/nripeshpradhan/Documents/Github/i-test-season/fpl_edge/interfaces/telegram.py", line 102, in call
    resp = self._client.post(f"/{method}", json=payload, timeout=timeout)
           ^^^^^^^^^^^^^^^^^^^^^^^^^^^^^^^^^^^^^^^^^^^^^^^^^^^^^^^^^^^^^^
  File "/Users/nripeshpradhan/Documents/Github/i-test-season/.venv/lib/python3.11/site-packages/httpx/_client.py", line 1144, in post
    return self.request(
           ^^^^^^^^^^^^^
  File "/Users/nripeshpradhan/Documents/Github/i-test-season/.venv/lib/python3.11/site-packages/httpx/_client.py", line 825, in request
    return self.send(request, auth=auth, follow_redirects=follow_redirects)
           ^^^^^^^^^^^^^^^^^^^^^^^^^^^^^^^^^^^^^^^^^^^^^^^^^^^^^^^^^^^^^^^^
  File "/Users/nripeshpradhan/Documents/Github/i-test-season/.venv/lib/python3.11/site-packages/httpx/_client.py", line 914, in send
    response = self._send_handling_auth(
               ^^^^^^^^^^^^^^^^^^^^^^^^^
  File "/Users/nripeshpradhan/Documents/Github/i-test-season/.venv/lib/python3.11/site-packages/httpx/_client.py", line 942, in _send_handling_auth
    response = self._send_handling_redirects(
               ^^^^^^^^^^^^^^^^^^^^^^^^^^^^^^
  File "/Users/nripeshpradhan/Documents/Github/i-test-season/.venv/lib/python3.11/site-packages/httpx/_client.py", line 979, in _send_handling_redirects
    response = self._send_single_request(request)
               ^^^^^^^^^^^^^^^^^^^^^^^^^^^^^^^^^^
  File "/Users/nripeshpradhan/Documents/Github/i-test-season/.venv/lib/python3.11/site-packages/httpx/_client.py", line 1014, in _send_single_request
    response = transport.handle_request(request)
               ^^^^^^^^^^^^^^^^^^^^^^^^^^^^^^^^^
  File "/Users/nripeshpradhan/Documents/Github/i-test-season/.venv/lib/python3.11/site-packages/httpx/_transports/default.py", line 249, in handle_request
    with map_httpcore_exceptions():
  File "/Users/nripeshpradhan/.local/share/uv/python/cpython-3.11.15-macos-aarch64-none/lib/python3.11/contextlib.py", line 158, in __exit__
    self.gen.throw(typ, value, traceback)
  File "/Users/nripeshpradhan/Documents/Github/i-test-season/.venv/lib/python3.11/site-packages/httpx/_transports/default.py", line 118, in map_httpcore_exceptions
    raise mapped_exc(message) from exc
httpx.ReadTimeout: The read operation timed out
2026-08-21 23:18:04,706 ERROR poll cycle failed; backing off
Traceback (most recent call last):
  File "/Users/nripeshpradhan/Documents/Github/i-test-season/.venv/lib/python3.11/site-packages/httpx/_transports/default.py", line 101, in map_httpcore_exceptions
    yield
  File "/Users/nripeshpradhan/Documents/Github/i-test-season/.venv/lib/python3.11/site-packages/httpx/_transports/default.py", line 250, in handle_request
    resp = self._pool.handle_request(req)
           ^^^^^^^^^^^^^^^^^^^^^^^^^^^^^^
  File "/Users/nripeshpradhan/Documents/Github/i-test-season/.venv/lib/python3.11/site-packages/httpcore/_sync/connection_pool.py", line 256, in handle_request
    raise exc from None
  File "/Users/nripeshpradhan/Documents/Github/i-test-season/.venv/lib/python3.11/site-packages/httpcore/_sync/connection_pool.py", line 236, in handle_request
    response = connection.handle_request(
               ^^^^^^^^^^^^^^^^^^^^^^^^^^
  File "/Users/nripeshpradhan/Documents/Github/i-test-season/.venv/lib/python3.11/site-packages/httpcore/_sync/connection.py", line 103, in handle_request
    return self._connection.handle_request(request)
           ^^^^^^^^^^^^^^^^^^^^^^^^^^^^^^^^^^^^^^^^
  File "/Users/nripeshpradhan/Documents/Github/i-test-season/.venv/lib/python3.11/site-packages/httpcore/_sync/http11.py", line 136, in handle_request
    raise exc
  File "/Users/nripeshpradhan/Documents/Github/i-test-season/.venv/lib/python3.11/site-packages/httpcore/_sync/http11.py", line 106, in handle_request
    ) = self._receive_response_headers(**kwargs)
        ^^^^^^^^^^^^^^^^^^^^^^^^^^^^^^^^^^^^^^^^
  File "/Users/nripeshpradhan/Documents/Github/i-test-season/.venv/lib/python3.11/site-packages/httpcore/_sync/http11.py", line 177, in _receive_response_headers
    event = self._receive_event(timeout=timeout)
            ^^^^^^^^^^^^^^^^^^^^^^^^^^^^^^^^^^^^
  File "/Users/nripeshpradhan/Documents/Github/i-test-season/.venv/lib/python3.11/site-packages/httpcore/_sync/http11.py", line 217, in _receive_event
    data = self._network_stream.read(
           ^^^^^^^^^^^^^^^^^^^^^^^^^^
  File "/Users/nripeshpradhan/Documents/Github/i-test-season/.venv/lib/python3.11/site-packages/httpcore/_backends/sync.py", line 126, in read
    with map_exceptions(exc_map):
  File "/Users/nripeshpradhan/.local/share/uv/python/cpython-3.11.15-macos-aarch64-none/lib/python3.11/contextlib.py", line 158, in __exit__
    self.gen.throw(typ, value, traceback)
  File "/Users/nripeshpradhan/Documents/Github/i-test-season/.venv/lib/python3.11/site-packages/httpcore/_exceptions.py", line 14, in map_exceptions
    raise to_exc(exc) from exc
httpcore.ReadTimeout: The read operation timed out

The above exception was the direct cause of the following exception:

Traceback (most recent call last):
  File "/Users/nripeshpradhan/Documents/Github/i-test-season/fpl_edge/interfaces/telegram.py", line 503, in run_forever
    self.poll_once(timeout=timeout)
  File "/Users/nripeshpradhan/Documents/Github/i-test-season/fpl_edge/interfaces/telegram.py", line 338, in poll_once
    body = self.transport.call(
           ^^^^^^^^^^^^^^^^^^^^
  File "/Users/nripeshpradhan/Documents/Github/i-test-season/fpl_edge/interfaces/telegram.py", line 102, in call
    resp = self._client.post(f"/{method}", json=payload, timeout=timeout)
           ^^^^^^^^^^^^^^^^^^^^^^^^^^^^^^^^^^^^^^^^^^^^^^^^^^^^^^^^^^^^^^
  File "/Users/nripeshpradhan/Documents/Github/i-test-season/.venv/lib/python3.11/site-packages/httpx/_client.py", line 1144, in post
    return self.request(
           ^^^^^^^^^^^^^
  File "/Users/nripeshpradhan/Documents/Github/i-test-season/.venv/lib/python3.11/site-packages/httpx/_client.py", line 825, in request
    return self.send(request, auth=auth, follow_redirects=follow_redirects)
           ^^^^^^^^^^^^^^^^^^^^^^^^^^^^^^^^^^^^^^^^^^^^^^^^^^^^^^^^^^^^^^^^
  File "/Users/nripeshpradhan/Documents/Github/i-test-season/.venv/lib/python3.11/site-packages/httpx/_client.py", line 914, in send
    response = self._send_handling_auth(
               ^^^^^^^^^^^^^^^^^^^^^^^^^
  File "/Users/nripeshpradhan/Documents/Github/i-test-season/.venv/lib/python3.11/site-packages/httpx/_client.py", line 942, in _send_handling_auth
    response = self._send_handling_redirects(
               ^^^^^^^^^^^^^^^^^^^^^^^^^^^^^^
  File "/Users/nripeshpradhan/Documents/Github/i-test-season/.venv/lib/python3.11/site-packages/httpx/_client.py", line 979, in _send_handling_redirects
    response = self._send_single_request(request)
               ^^^^^^^^^^^^^^^^^^^^^^^^^^^^^^^^^^
  File "/Users/nripeshpradhan/Documents/Github/i-test-season/.venv/lib/python3.11/site-packages/httpx/_client.py", line 1014, in _send_single_request
    response = transport.handle_request(request)
               ^^^^^^^^^^^^^^^^^^^^^^^^^^^^^^^^^
  File "/Users/nripeshpradhan/Documents/Github/i-test-season/.venv/lib/python3.11/site-packages/httpx/_transports/default.py", line 249, in handle_request
    with map_httpcore_exceptions():
  File "/Users/nripeshpradhan/.local/share/uv/python/cpython-3.11.15-macos-aarch64-none/lib/python3.11/contextlib.py", line 158, in __exit__
    self.gen.throw(typ, value, traceback)
  File "/Users/nripeshpradhan/Documents/Github/i-test-season/.venv/lib/python3.11/site-packages/httpx/_transports/default.py", line 118, in map_httpcore_exceptions
    raise mapped_exc(message) from exc
httpx.ReadTimeout: The read operation timed out
2026-08-21 23:24:16,019 ERROR poll cycle failed; backing off
Traceback (most recent call last):
  File "/Users/nripeshpradhan/Documents/Github/i-test-season/.venv/lib/python3.11/site-packages/httpx/_transports/default.py", line 101, in map_httpcore_exceptions
    yield
  File "/Users/nripeshpradhan/Documents/Github/i-test-season/.venv/lib/python3.11/site-packages/httpx/_transports/default.py", line 250, in handle_request
    resp = self._pool.handle_request(req)
           ^^^^^^^^^^^^^^^^^^^^^^^^^^^^^^
  File "/Users/nripeshpradhan/Documents/Github/i-test-season/.venv/lib/python3.11/site-packages/httpcore/_sync/connection_pool.py", line 256, in handle_request
    raise exc from None
  File "/Users/nripeshpradhan/Documents/Github/i-test-season/.venv/lib/python3.11/site-packages/httpcore/_sync/connection_pool.py", line 236, in handle_request
    response = connection.handle_request(
               ^^^^^^^^^^^^^^^^^^^^^^^^^^
  File "/Users/nripeshpradhan/Documents/Github/i-test-season/.venv/lib/python3.11/site-packages/httpcore/_sync/connection.py", line 103, in handle_request
    return self._connection.handle_request(request)
           ^^^^^^^^^^^^^^^^^^^^^^^^^^^^^^^^^^^^^^^^
  File "/Users/nripeshpradhan/Documents/Github/i-test-season/.venv/lib/python3.11/site-packages/httpcore/_sync/http11.py", line 136, in handle_request
    raise exc
  File "/Users/nripeshpradhan/Documents/Github/i-test-season/.venv/lib/python3.11/site-packages/httpcore/_sync/http11.py", line 106, in handle_request
    ) = self._receive_response_headers(**kwargs)
        ^^^^^^^^^^^^^^^^^^^^^^^^^^^^^^^^^^^^^^^^
  File "/Users/nripeshpradhan/Documents/Github/i-test-season/.venv/lib/python3.11/site-packages/httpcore/_sync/http11.py", line 177, in _receive_response_headers
    event = self._receive_event(timeout=timeout)
            ^^^^^^^^^^^^^^^^^^^^^^^^^^^^^^^^^^^^
  File "/Users/nripeshpradhan/Documents/Github/i-test-season/.venv/lib/python3.11/site-packages/httpcore/_sync/http11.py", line 217, in _receive_event
    data = self._network_stream.read(
           ^^^^^^^^^^^^^^^^^^^^^^^^^^
  File "/Users/nripeshpradhan/Documents/Github/i-test-season/.venv/lib/python3.11/site-packages/httpcore/_backends/sync.py", line 126, in read
    with map_exceptions(exc_map):
  File "/Users/nripeshpradhan/.local/share/uv/python/cpython-3.11.15-macos-aarch64-none/lib/python3.11/contextlib.py", line 158, in __exit__
    self.gen.throw(typ, value, traceback)
  File "/Users/nripeshpradhan/Documents/Github/i-test-season/.venv/lib/python3.11/site-packages/httpcore/_exceptions.py", line 14, in map_exceptions
    raise to_exc(exc) from exc
httpcore.ReadTimeout: The read operation timed out

The above exception was the direct cause of the following exception:

Traceback (most recent call last):
  File "/Users/nripeshpradhan/Documents/Github/i-test-season/fpl_edge/interfaces/telegram.py", line 503, in run_forever
    self.poll_once(timeout=timeout)
  File "/Users/nripeshpradhan/Documents/Github/i-test-season/fpl_edge/interfaces/telegram.py", line 338, in poll_once
    body = self.transport.call(
           ^^^^^^^^^^^^^^^^^^^^
  File "/Users/nripeshpradhan/Documents/Github/i-test-season/fpl_edge/interfaces/telegram.py", line 102, in call
    resp = self._client.post(f"/{method}", json=payload, timeout=timeout)
           ^^^^^^^^^^^^^^^^^^^^^^^^^^^^^^^^^^^^^^^^^^^^^^^^^^^^^^^^^^^^^^
  File "/Users/nripeshpradhan/Documents/Github/i-test-season/.venv/lib/python3.11/site-packages/httpx/_client.py", line 1144, in post
    return self.request(
           ^^^^^^^^^^^^^
  File "/Users/nripeshpradhan/Documents/Github/i-test-season/.venv/lib/python3.11/site-packages/httpx/_client.py", line 825, in request
    return self.send(request, auth=auth, follow_redirects=follow_redirects)
           ^^^^^^^^^^^^^^^^^^^^^^^^^^^^^^^^^^^^^^^^^^^^^^^^^^^^^^^^^^^^^^^^
  File "/Users/nripeshpradhan/Documents/Github/i-test-season/.venv/lib/python3.11/site-packages/httpx/_client.py", line 914, in send
    response = self._send_handling_auth(
               ^^^^^^^^^^^^^^^^^^^^^^^^^
  File "/Users/nripeshpradhan/Documents/Github/i-test-season/.venv/lib/python3.11/site-packages/httpx/_client.py", line 942, in _send_handling_auth
    response = self._send_handling_redirects(
               ^^^^^^^^^^^^^^^^^^^^^^^^^^^^^^
  File "/Users/nripeshpradhan/Documents/Github/i-test-season/.venv/lib/python3.11/site-packages/httpx/_client.py", line 979, in _send_handling_redirects
    response = self._send_single_request(request)
               ^^^^^^^^^^^^^^^^^^^^^^^^^^^^^^^^^^
  File "/Users/nripeshpradhan/Documents/Github/i-test-season/.venv/lib/python3.11/site-packages/httpx/_client.py", line 1014, in _send_single_request
    response = transport.handle_request(request)
               ^^^^^^^^^^^^^^^^^^^^^^^^^^^^^^^^^
  File "/Users/nripeshpradhan/Documents/Github/i-test-season/.venv/lib/python3.11/site-packages/httpx/_transports/default.py", line 249, in handle_request
    with map_httpcore_exceptions():
  File "/Users/nripeshpradhan/.local/share/uv/python/cpython-3.11.15-macos-aarch64-none/lib/python3.11/contextlib.py", line 158, in __exit__
    self.gen.throw(typ, value, traceback)
  File "/Users/nripeshpradhan/Documents/Github/i-test-season/.venv/lib/python3.11/site-packages/httpx/_transports/default.py", line 118, in map_httpcore_exceptions
    raise mapped_exc(message) from exc
httpx.ReadTimeout: The read operation timed out
2026-08-22 00:26:28,939 ERROR poll cycle failed; backing off
Traceback (most recent call last):
  File "/Users/nripeshpradhan/Documents/Github/i-test-season/.venv/lib/python3.11/site-packages/httpx/_transports/default.py", line 101, in map_httpcore_exceptions
    yield
  File "/Users/nripeshpradhan/Documents/Github/i-test-season/.venv/lib/python3.11/site-packages/httpx/_transports/default.py", line 250, in handle_request
    resp = self._pool.handle_request(req)
           ^^^^^^^^^^^^^^^^^^^^^^^^^^^^^^
  File "/Users/nripeshpradhan/Documents/Github/i-test-season/.venv/lib/python3.11/site-packages/httpcore/_sync/connection_pool.py", line 256, in handle_request
    raise exc from None
  File "/Users/nripeshpradhan/Documents/Github/i-test-season/.venv/lib/python3.11/site-packages/httpcore/_sync/connection_pool.py", line 236, in handle_request
    response = connection.handle_request(
               ^^^^^^^^^^^^^^^^^^^^^^^^^^
  File "/Users/nripeshpradhan/Documents/Github/i-test-season/.venv/lib/python3.11/site-packages/httpcore/_sync/connection.py", line 103, in handle_request
    return self._connection.handle_request(request)
           ^^^^^^^^^^^^^^^^^^^^^^^^^^^^^^^^^^^^^^^^
  File "/Users/nripeshpradhan/Documents/Github/i-test-season/.venv/lib/python3.11/site-packages/httpcore/_sync/http11.py", line 136, in handle_request
    raise exc
  File "/Users/nripeshpradhan/Documents/Github/i-test-season/.venv/lib/python3.11/site-packages/httpcore/_sync/http11.py", line 106, in handle_request
    ) = self._receive_response_headers(**kwargs)
        ^^^^^^^^^^^^^^^^^^^^^^^^^^^^^^^^^^^^^^^^
  File "/Users/nripeshpradhan/Documents/Github/i-test-season/.venv/lib/python3.11/site-packages/httpcore/_sync/http11.py", line 177, in _receive_response_headers
    event = self._receive_event(timeout=timeout)
            ^^^^^^^^^^^^^^^^^^^^^^^^^^^^^^^^^^^^
  File "/Users/nripeshpradhan/Documents/Github/i-test-season/.venv/lib/python3.11/site-packages/httpcore/_sync/http11.py", line 217, in _receive_event
    data = self._network_stream.read(
           ^^^^^^^^^^^^^^^^^^^^^^^^^^
  File "/Users/nripeshpradhan/Documents/Github/i-test-season/.venv/lib/python3.11/site-packages/httpcore/_backends/sync.py", line 126, in read
    with map_exceptions(exc_map):
  File "/Users/nripeshpradhan/.local/share/uv/python/cpython-3.11.15-macos-aarch64-none/lib/python3.11/contextlib.py", line 158, in __exit__
    self.gen.throw(typ, value, traceback)
  File "/Users/nripeshpradhan/Documents/Github/i-test-season/.venv/lib/python3.11/site-packages/httpcore/_exceptions.py", line 14, in map_exceptions
    raise to_exc(exc) from exc
httpcore.ReadTimeout: The read operation timed out

The above exception was the direct cause of the following exception:

Traceback (most recent call last):
  File "/Users/nripeshpradhan/Documents/Github/i-test-season/fpl_edge/interfaces/telegram.py", line 503, in run_forever
    self.poll_once(timeout=timeout)
  File "/Users/nripeshpradhan/Documents/Github/i-test-season/fpl_edge/interfaces/telegram.py", line 338, in poll_once
    body = self.transport.call(
           ^^^^^^^^^^^^^^^^^^^^
  File "/Users/nripeshpradhan/Documents/Github/i-test-season/fpl_edge/interfaces/telegram.py", line 102, in call
    resp = self._client.post(f"/{method}", json=payload, timeout=timeout)
           ^^^^^^^^^^^^^^^^^^^^^^^^^^^^^^^^^^^^^^^^^^^^^^^^^^^^^^^^^^^^^^
  File "/Users/nripeshpradhan/Documents/Github/i-test-season/.venv/lib/python3.11/site-packages/httpx/_client.py", line 1144, in post
    return self.request(
           ^^^^^^^^^^^^^
  File "/Users/nripeshpradhan/Documents/Github/i-test-season/.venv/lib/python3.11/site-packages/httpx/_client.py", line 825, in request
    return self.send(request, auth=auth, follow_redirects=follow_redirects)
           ^^^^^^^^^^^^^^^^^^^^^^^^^^^^^^^^^^^^^^^^^^^^^^^^^^^^^^^^^^^^^^^^
  File "/Users/nripeshpradhan/Documents/Github/i-test-season/.venv/lib/python3.11/site-packages/httpx/_client.py", line 914, in send
    response = self._send_handling_auth(
               ^^^^^^^^^^^^^^^^^^^^^^^^^
  File "/Users/nripeshpradhan/Documents/Github/i-test-season/.venv/lib/python3.11/site-packages/httpx/_client.py", line 942, in _send_handling_auth
    response = self._send_handling_redirects(
               ^^^^^^^^^^^^^^^^^^^^^^^^^^^^^^
  File "/Users/nripeshpradhan/Documents/Github/i-test-season/.venv/lib/python3.11/site-packages/httpx/_client.py", line 979, in _send_handling_redirects
    response = self._send_single_request(request)
               ^^^^^^^^^^^^^^^^^^^^^^^^^^^^^^^^^^
  File "/Users/nripeshpradhan/Documents/Github/i-test-season/.venv/lib/python3.11/site-packages/httpx/_client.py", line 1014, in _send_single_request
    response = transport.handle_request(request)
               ^^^^^^^^^^^^^^^^^^^^^^^^^^^^^^^^^
  File "/Users/nripeshpradhan/Documents/Github/i-test-season/.venv/lib/python3.11/site-packages/httpx/_transports/default.py", line 249, in handle_request
    with map_httpcore_exceptions():
  File "/Users/nripeshpradhan/.local/share/uv/python/cpython-3.11.15-macos-aarch64-none/lib/python3.11/contextlib.py", line 158, in __exit__
    self.gen.throw(typ, value, traceback)
  File "/Users/nripeshpradhan/Documents/Github/i-test-season/.venv/lib/python3.11/site-packages/httpx/_transports/default.py", line 118, in map_httpcore_exceptions
    raise mapped_exc(message) from exc
httpx.ReadTimeout: The read operation timed out
2026-08-22 00:44:17,221 ERROR poll cycle failed; backing off
Traceback (most recent call last):
  File "/Users/nripeshpradhan/Documents/Github/i-test-season/.venv/lib/python3.11/site-packages/httpx/_transports/default.py", line 101, in map_httpcore_exceptions
    yield
  File "/Users/nripeshpradhan/Documents/Github/i-test-season/.venv/lib/python3.11/site-packages/httpx/_transports/default.py", line 250, in handle_request
    resp = self._pool.handle_request(req)
           ^^^^^^^^^^^^^^^^^^^^^^^^^^^^^^
  File "/Users/nripeshpradhan/Documents/Github/i-test-season/.venv/lib/python3.11/site-packages/httpcore/_sync/connection_pool.py", line 256, in handle_request
    raise exc from None
  File "/Users/nripeshpradhan/Documents/Github/i-test-season/.venv/lib/python3.11/site-packages/httpcore/_sync/connection_pool.py", line 236, in handle_request
    response = connection.handle_request(
               ^^^^^^^^^^^^^^^^^^^^^^^^^^
  File "/Users/nripeshpradhan/Documents/Github/i-test-season/.venv/lib/python3.11/site-packages/httpcore/_sync/connection.py", line 101, in handle_request
    raise exc
  File "/Users/nripeshpradhan/Documents/Github/i-test-season/.venv/lib/python3.11/site-packages/httpcore/_sync/connection.py", line 78, in handle_request
    stream = self._connect(request)
             ^^^^^^^^^^^^^^^^^^^^^^
  File "/Users/nripeshpradhan/Documents/Github/i-test-season/.venv/lib/python3.11/site-packages/httpcore/_sync/connection.py", line 156, in _connect
    stream = stream.start_tls(**kwargs)
             ^^^^^^^^^^^^^^^^^^^^^^^^^^
  File "/Users/nripeshpradhan/Documents/Github/i-test-season/.venv/lib/python3.11/site-packages/httpcore/_backends/sync.py", line 154, in start_tls
    with map_exceptions(exc_map):
  File "/Users/nripeshpradhan/.local/share/uv/python/cpython-3.11.15-macos-aarch64-none/lib/python3.11/contextlib.py", line 158, in __exit__
    self.gen.throw(typ, value, traceback)
  File "/Users/nripeshpradhan/Documents/Github/i-test-season/.venv/lib/python3.11/site-packages/httpcore/_exceptions.py", line 14, in map_exceptions
    raise to_exc(exc) from exc
httpcore.ConnectError: [Errno 54] Connection reset by peer

The above exception was the direct cause of the following exception:

Traceback (most recent call last):
  File "/Users/nripeshpradhan/Documents/Github/i-test-season/fpl_edge/interfaces/telegram.py", line 503, in run_forever
    self.poll_once(timeout=timeout)
  File "/Users/nripeshpradhan/Documents/Github/i-test-season/fpl_edge/interfaces/telegram.py", line 338, in poll_once
    body = self.transport.call(
           ^^^^^^^^^^^^^^^^^^^^
  File "/Users/nripeshpradhan/Documents/Github/i-test-season/fpl_edge/interfaces/telegram.py", line 102, in call
    resp = self._client.post(f"/{method}", json=payload, timeout=timeout)
           ^^^^^^^^^^^^^^^^^^^^^^^^^^^^^^^^^^^^^^^^^^^^^^^^^^^^^^^^^^^^^^
  File "/Users/nripeshpradhan/Documents/Github/i-test-season/.venv/lib/python3.11/site-packages/httpx/_client.py", line 1144, in post
    return self.request(
           ^^^^^^^^^^^^^
  File "/Users/nripeshpradhan/Documents/Github/i-test-season/.venv/lib/python3.11/site-packages/httpx/_client.py", line 825, in request
    return self.send(request, auth=auth, follow_redirects=follow_redirects)
           ^^^^^^^^^^^^^^^^^^^^^^^^^^^^^^^^^^^^^^^^^^^^^^^^^^^^^^^^^^^^^^^^
  File "/Users/nripeshpradhan/Documents/Github/i-test-season/.venv/lib/python3.11/site-packages/httpx/_client.py", line 914, in send
    response = self._send_handling_auth(
               ^^^^^^^^^^^^^^^^^^^^^^^^^
  File "/Users/nripeshpradhan/Documents/Github/i-test-season/.venv/lib/python3.11/site-packages/httpx/_client.py", line 942, in _send_handling_auth
    response = self._send_handling_redirects(
               ^^^^^^^^^^^^^^^^^^^^^^^^^^^^^^
  File "/Users/nripeshpradhan/Documents/Github/i-test-season/.venv/lib/python3.11/site-packages/httpx/_client.py", line 979, in _send_handling_redirects
    response = self._send_single_request(request)
               ^^^^^^^^^^^^^^^^^^^^^^^^^^^^^^^^^^
  File "/Users/nripeshpradhan/Documents/Github/i-test-season/.venv/lib/python3.11/site-packages/httpx/_client.py", line 1014, in _send_single_request
    response = transport.handle_request(request)
               ^^^^^^^^^^^^^^^^^^^^^^^^^^^^^^^^^
  File "/Users/nripeshpradhan/Documents/Github/i-test-season/.venv/lib/python3.11/site-packages/httpx/_transports/default.py", line 249, in handle_request
    with map_httpcore_exceptions():
  File "/Users/nripeshpradhan/.local/share/uv/python/cpython-3.11.15-macos-aarch64-none/lib/python3.11/contextlib.py", line 158, in __exit__
    self.gen.throw(typ, value, traceback)
  File "/Users/nripeshpradhan/Documents/Github/i-test-season/.venv/lib/python3.11/site-packages/httpx/_transports/default.py", line 118, in map_httpcore_exceptions
    raise mapped_exc(message) from exc
httpx.ConnectError: [Errno 54] Connection reset by peer
2026-08-22 01:00:49,083 ERROR poll cycle failed; backing off
Traceback (most recent call last):
  File "/Users/nripeshpradhan/Documents/Github/i-test-season/.venv/lib/python3.11/site-packages/httpx/_transports/default.py", line 101, in map_httpcore_exceptions
    yield
  File "/Users/nripeshpradhan/Documents/Github/i-test-season/.venv/lib/python3.11/site-packages/httpx/_transports/default.py", line 250, in handle_request
    resp = self._pool.handle_request(req)
           ^^^^^^^^^^^^^^^^^^^^^^^^^^^^^^
  File "/Users/nripeshpradhan/Documents/Github/i-test-season/.venv/lib/python3.11/site-packages/httpcore/_sync/connection_pool.py", line 256, in handle_request
    raise exc from None
  File "/Users/nripeshpradhan/Documents/Github/i-test-season/.venv/lib/python3.11/site-packages/httpcore/_sync/connection_pool.py", line 236, in handle_request
    response = connection.handle_request(
               ^^^^^^^^^^^^^^^^^^^^^^^^^^
  File "/Users/nripeshpradhan/Documents/Github/i-test-season/.venv/lib/python3.11/site-packages/httpcore/_sync/connection.py", line 103, in handle_request
    return self._connection.handle_request(request)
           ^^^^^^^^^^^^^^^^^^^^^^^^^^^^^^^^^^^^^^^^
  File "/Users/nripeshpradhan/Documents/Github/i-test-season/.venv/lib/python3.11/site-packages/httpcore/_sync/http11.py", line 136, in handle_request
    raise exc
  File "/Users/nripeshpradhan/Documents/Github/i-test-season/.venv/lib/python3.11/site-packages/httpcore/_sync/http11.py", line 106, in handle_request
    ) = self._receive_response_headers(**kwargs)
        ^^^^^^^^^^^^^^^^^^^^^^^^^^^^^^^^^^^^^^^^
  File "/Users/nripeshpradhan/Documents/Github/i-test-season/.venv/lib/python3.11/site-packages/httpcore/_sync/http11.py", line 177, in _receive_response_headers
    event = self._receive_event(timeout=timeout)
            ^^^^^^^^^^^^^^^^^^^^^^^^^^^^^^^^^^^^
  File "/Users/nripeshpradhan/Documents/Github/i-test-season/.venv/lib/python3.11/site-packages/httpcore/_sync/http11.py", line 231, in _receive_event
    raise RemoteProtocolError(msg)
httpcore.RemoteProtocolError: Server disconnected without sending a response.

The above exception was the direct cause of the following exception:

Traceback (most recent call last):
  File "/Users/nripeshpradhan/Documents/Github/i-test-season/fpl_edge/interfaces/telegram.py", line 503, in run_forever
    self.poll_once(timeout=timeout)
  File "/Users/nripeshpradhan/Documents/Github/i-test-season/fpl_edge/interfaces/telegram.py", line 338, in poll_once
    body = self.transport.call(
           ^^^^^^^^^^^^^^^^^^^^
  File "/Users/nripeshpradhan/Documents/Github/i-test-season/fpl_edge/interfaces/telegram.py", line 102, in call
    resp = self._client.post(f"/{method}", json=payload, timeout=timeout)
           ^^^^^^^^^^^^^^^^^^^^^^^^^^^^^^^^^^^^^^^^^^^^^^^^^^^^^^^^^^^^^^
  File "/Users/nripeshpradhan/Documents/Github/i-test-season/.venv/lib/python3.11/site-packages/httpx/_client.py", line 1144, in post
    return self.request(
           ^^^^^^^^^^^^^
  File "/Users/nripeshpradhan/Documents/Github/i-test-season/.venv/lib/python3.11/site-packages/httpx/_client.py", line 825, in request
    return self.send(request, auth=auth, follow_redirects=follow_redirects)
           ^^^^^^^^^^^^^^^^^^^^^^^^^^^^^^^^^^^^^^^^^^^^^^^^^^^^^^^^^^^^^^^^
  File "/Users/nripeshpradhan/Documents/Github/i-test-season/.venv/lib/python3.11/site-packages/httpx/_client.py", line 914, in send
    response = self._send_handling_auth(
               ^^^^^^^^^^^^^^^^^^^^^^^^^
  File "/Users/nripeshpradhan/Documents/Github/i-test-season/.venv/lib/python3.11/site-packages/httpx/_client.py", line 942, in _send_handling_auth
    response = self._send_handling_redirects(
               ^^^^^^^^^^^^^^^^^^^^^^^^^^^^^^
  File "/Users/nripeshpradhan/Documents/Github/i-test-season/.venv/lib/python3.11/site-packages/httpx/_client.py", line 979, in _send_handling_redirects
    response = self._send_single_request(request)
               ^^^^^^^^^^^^^^^^^^^^^^^^^^^^^^^^^^
  File "/Users/nripeshpradhan/Documents/Github/i-test-season/.venv/lib/python3.11/site-packages/httpx/_client.py", line 1014, in _send_single_request
    response = transport.handle_request(request)
               ^^^^^^^^^^^^^^^^^^^^^^^^^^^^^^^^^
  File "/Users/nripeshpradhan/Documents/Github/i-test-season/.venv/lib/python3.11/site-packages/httpx/_transports/default.py", line 249, in handle_request
    with map_httpcore_exceptions():
  File "/Users/nripeshpradhan/.local/share/uv/python/cpython-3.11.15-macos-aarch64-none/lib/python3.11/contextlib.py", line 158, in __exit__
    self.gen.throw(typ, value, traceback)
  File "/Users/nripeshpradhan/Documents/Github/i-test-season/.venv/lib/python3.11/site-packages/httpx/_transports/default.py", line 118, in map_httpcore_exceptions
    raise mapped_exc(message) from exc
httpx.RemoteProtocolError: Server disconnected without sending a response.
2026-08-22 02:07:39,811 ERROR poll cycle failed; backing off
Traceback (most recent call last):
  File "/Users/nripeshpradhan/Documents/Github/i-test-season/.venv/lib/python3.11/site-packages/httpx/_transports/default.py", line 101, in map_httpcore_exceptions
    yield
  File "/Users/nripeshpradhan/Documents/Github/i-test-season/.venv/lib/python3.11/site-packages/httpx/_transports/default.py", line 250, in handle_request
    resp = self._pool.handle_request(req)
           ^^^^^^^^^^^^^^^^^^^^^^^^^^^^^^
  File "/Users/nripeshpradhan/Documents/Github/i-test-season/.venv/lib/python3.11/site-packages/httpcore/_sync/connection_pool.py", line 256, in handle_request
    raise exc from None
  File "/Users/nripeshpradhan/Documents/Github/i-test-season/.venv/lib/python3.11/site-packages/httpcore/_sync/connection_pool.py", line 236, in handle_request
    response = connection.handle_request(
               ^^^^^^^^^^^^^^^^^^^^^^^^^^
  File "/Users/nripeshpradhan/Documents/Github/i-test-season/.venv/lib/python3.11/site-packages/httpcore/_sync/connection.py", line 103, in handle_request
    return self._connection.handle_request(request)
           ^^^^^^^^^^^^^^^^^^^^^^^^^^^^^^^^^^^^^^^^
  File "/Users/nripeshpradhan/Documents/Github/i-test-season/.venv/lib/python3.11/site-packages/httpcore/_sync/http11.py", line 136, in handle_request
    raise exc
  File "/Users/nripeshpradhan/Documents/Github/i-test-season/.venv/lib/python3.11/site-packages/httpcore/_sync/http11.py", line 106, in handle_request
    ) = self._receive_response_headers(**kwargs)
        ^^^^^^^^^^^^^^^^^^^^^^^^^^^^^^^^^^^^^^^^
  File "/Users/nripeshpradhan/Documents/Github/i-test-season/.venv/lib/python3.11/site-packages/httpcore/_sync/http11.py", line 177, in _receive_response_headers
    event = self._receive_event(timeout=timeout)
            ^^^^^^^^^^^^^^^^^^^^^^^^^^^^^^^^^^^^
  File "/Users/nripeshpradhan/Documents/Github/i-test-season/.venv/lib/python3.11/site-packages/httpcore/_sync/http11.py", line 217, in _receive_event
    data = self._network_stream.read(
           ^^^^^^^^^^^^^^^^^^^^^^^^^^
  File "/Users/nripeshpradhan/Documents/Github/i-test-season/.venv/lib/python3.11/site-packages/httpcore/_backends/sync.py", line 126, in read
    with map_exceptions(exc_map):
  File "/Users/nripeshpradhan/.local/share/uv/python/cpython-3.11.15-macos-aarch64-none/lib/python3.11/contextlib.py", line 158, in __exit__
    self.gen.throw(typ, value, traceback)
  File "/Users/nripeshpradhan/Documents/Github/i-test-season/.venv/lib/python3.11/site-packages/httpcore/_exceptions.py", line 14, in map_exceptions
    raise to_exc(exc) from exc
httpcore.ReadTimeout: The read operation timed out

The above exception was the direct cause of the following exception:

Traceback (most recent call last):
  File "/Users/nripeshpradhan/Documents/Github/i-test-season/fpl_edge/interfaces/telegram.py", line 503, in run_forever
    self.poll_once(timeout=timeout)
  File "/Users/nripeshpradhan/Documents/Github/i-test-season/fpl_edge/interfaces/telegram.py", line 338, in poll_once
    body = self.transport.call(
           ^^^^^^^^^^^^^^^^^^^^
  File "/Users/nripeshpradhan/Documents/Github/i-test-season/fpl_edge/interfaces/telegram.py", line 102, in call
    resp = self._client.post(f"/{method}", json=payload, timeout=timeout)
           ^^^^^^^^^^^^^^^^^^^^^^^^^^^^^^^^^^^^^^^^^^^^^^^^^^^^^^^^^^^^^^
  File "/Users/nripeshpradhan/Documents/Github/i-test-season/.venv/lib/python3.11/site-packages/httpx/_client.py", line 1144, in post
    return self.request(
           ^^^^^^^^^^^^^
  File "/Users/nripeshpradhan/Documents/Github/i-test-season/.venv/lib/python3.11/site-packages/httpx/_client.py", line 825, in request
    return self.send(request, auth=auth, follow_redirects=follow_redirects)
           ^^^^^^^^^^^^^^^^^^^^^^^^^^^^^^^^^^^^^^^^^^^^^^^^^^^^^^^^^^^^^^^^
  File "/Users/nripeshpradhan/Documents/Github/i-test-season/.venv/lib/python3.11/site-packages/httpx/_client.py", line 914, in send
    response = self._send_handling_auth(
               ^^^^^^^^^^^^^^^^^^^^^^^^^
  File "/Users/nripeshpradhan/Documents/Github/i-test-season/.venv/lib/python3.11/site-packages/httpx/_client.py", line 942, in _send_handling_auth
    response = self._send_handling_redirects(
               ^^^^^^^^^^^^^^^^^^^^^^^^^^^^^^
  File "/Users/nripeshpradhan/Documents/Github/i-test-season/.venv/lib/python3.11/site-packages/httpx/_client.py", line 979, in _send_handling_redirects
    response = self._send_single_request(request)
               ^^^^^^^^^^^^^^^^^^^^^^^^^^^^^^^^^^
  File "/Users/nripeshpradhan/Documents/Github/i-test-season/.venv/lib/python3.11/site-packages/httpx/_client.py", line 1014, in _send_single_request
    response = transport.handle_request(request)
               ^^^^^^^^^^^^^^^^^^^^^^^^^^^^^^^^^
  File "/Users/nripeshpradhan/Documents/Github/i-test-season/.venv/lib/python3.11/site-packages/httpx/_transports/default.py", line 249, in handle_request
    with map_httpcore_exceptions():
  File "/Users/nripeshpradhan/.local/share/uv/python/cpython-3.11.15-macos-aarch64-none/lib/python3.11/contextlib.py", line 158, in __exit__
    self.gen.throw(typ, value, traceback)
  File "/Users/nripeshpradhan/Documents/Github/i-test-season/.venv/lib/python3.11/site-packages/httpx/_transports/default.py", line 118, in map_httpcore_exceptions
    raise mapped_exc(message) from exc
httpx.ReadTimeout: The read operation timed out
2026-08-22 04:02:36,249 ERROR poll cycle failed; backing off
Traceback (most recent call last):
  File "/Users/nripeshpradhan/Documents/Github/i-test-season/.venv/lib/python3.11/site-packages/httpx/_transports/default.py", line 101, in map_httpcore_exceptions
    yield
  File "/Users/nripeshpradhan/Documents/Github/i-test-season/.venv/lib/python3.11/site-packages/httpx/_transports/default.py", line 250, in handle_request
    resp = self._pool.handle_request(req)
           ^^^^^^^^^^^^^^^^^^^^^^^^^^^^^^
  File "/Users/nripeshpradhan/Documents/Github/i-test-season/.venv/lib/python3.11/site-packages/httpcore/_sync/connection_pool.py", line 256, in handle_request
    raise exc from None
  File "/Users/nripeshpradhan/Documents/Github/i-test-season/.venv/lib/python3.11/site-packages/httpcore/_sync/connection_pool.py", line 236, in handle_request
    response = connection.handle_request(
               ^^^^^^^^^^^^^^^^^^^^^^^^^^
  File "/Users/nripeshpradhan/Documents/Github/i-test-season/.venv/lib/python3.11/site-packages/httpcore/_sync/connection.py", line 103, in handle_request
    return self._connection.handle_request(request)
           ^^^^^^^^^^^^^^^^^^^^^^^^^^^^^^^^^^^^^^^^
  File "/Users/nripeshpradhan/Documents/Github/i-test-season/.venv/lib/python3.11/site-packages/httpcore/_sync/http11.py", line 136, in handle_request
    raise exc
  File "/Users/nripeshpradhan/Documents/Github/i-test-season/.venv/lib/python3.11/site-packages/httpcore/_sync/http11.py", line 106, in handle_request
    ) = self._receive_response_headers(**kwargs)
        ^^^^^^^^^^^^^^^^^^^^^^^^^^^^^^^^^^^^^^^^
  File "/Users/nripeshpradhan/Documents/Github/i-test-season/.venv/lib/python3.11/site-packages/httpcore/_sync/http11.py", line 177, in _receive_response_headers
    event = self._receive_event(timeout=timeout)
            ^^^^^^^^^^^^^^^^^^^^^^^^^^^^^^^^^^^^
  File "/Users/nripeshpradhan/Documents/Github/i-test-season/.venv/lib/python3.11/site-packages/httpcore/_sync/http11.py", line 217, in _receive_event
    data = self._network_stream.read(
           ^^^^^^^^^^^^^^^^^^^^^^^^^^
  File "/Users/nripeshpradhan/Documents/Github/i-test-season/.venv/lib/python3.11/site-packages/httpcore/_backends/sync.py", line 126, in read
    with map_exceptions(exc_map):
  File "/Users/nripeshpradhan/.local/share/uv/python/cpython-3.11.15-macos-aarch64-none/lib/python3.11/contextlib.py", line 158, in __exit__
    self.gen.throw(typ, value, traceback)
  File "/Users/nripeshpradhan/Documents/Github/i-test-season/.venv/lib/python3.11/site-packages/httpcore/_exceptions.py", line 14, in map_exceptions
    raise to_exc(exc) from exc
httpcore.ReadTimeout: The read operation timed out

The above exception was the direct cause of the following exception:

Traceback (most recent call last):
  File "/Users/nripeshpradhan/Documents/Github/i-test-season/fpl_edge/interfaces/telegram.py", line 503, in run_forever
    self.poll_once(timeout=timeout)
  File "/Users/nripeshpradhan/Documents/Github/i-test-season/fpl_edge/interfaces/telegram.py", line 338, in poll_once
    body = self.transport.call(
           ^^^^^^^^^^^^^^^^^^^^
  File "/Users/nripeshpradhan/Documents/Github/i-test-season/fpl_edge/interfaces/telegram.py", line 102, in call
    resp = self._client.post(f"/{method}", json=payload, timeout=timeout)
           ^^^^^^^^^^^^^^^^^^^^^^^^^^^^^^^^^^^^^^^^^^^^^^^^^^^^^^^^^^^^^^
  File "/Users/nripeshpradhan/Documents/Github/i-test-season/.venv/lib/python3.11/site-packages/httpx/_client.py", line 1144, in post
    return self.request(
           ^^^^^^^^^^^^^
  File "/Users/nripeshpradhan/Documents/Github/i-test-season/.venv/lib/python3.11/site-packages/httpx/_client.py", line 825, in request
    return self.send(request, auth=auth, follow_redirects=follow_redirects)
           ^^^^^^^^^^^^^^^^^^^^^^^^^^^^^^^^^^^^^^^^^^^^^^^^^^^^^^^^^^^^^^^^
  File "/Users/nripeshpradhan/Documents/Github/i-test-season/.venv/lib/python3.11/site-packages/httpx/_client.py", line 914, in send
    response = self._send_handling_auth(
               ^^^^^^^^^^^^^^^^^^^^^^^^^
  File "/Users/nripeshpradhan/Documents/Github/i-test-season/.venv/lib/python3.11/site-packages/httpx/_client.py", line 942, in _send_handling_auth
    response = self._send_handling_redirects(
               ^^^^^^^^^^^^^^^^^^^^^^^^^^^^^^
  File "/Users/nripeshpradhan/Documents/Github/i-test-season/.venv/lib/python3.11/site-packages/httpx/_client.py", line 979, in _send_handling_redirects
    response = self._send_single_request(request)
               ^^^^^^^^^^^^^^^^^^^^^^^^^^^^^^^^^^
  File "/Users/nripeshpradhan/Documents/Github/i-test-season/.venv/lib/python3.11/site-packages/httpx/_client.py", line 1014, in _send_single_request
    response = transport.handle_request(request)
               ^^^^^^^^^^^^^^^^^^^^^^^^^^^^^^^^^
  File "/Users/nripeshpradhan/Documents/Github/i-test-season/.venv/lib/python3.11/site-packages/httpx/_transports/default.py", line 249, in handle_request
    with map_httpcore_exceptions():
  File "/Users/nripeshpradhan/.local/share/uv/python/cpython-3.11.15-macos-aarch64-none/lib/python3.11/contextlib.py", line 158, in __exit__
    self.gen.throw(typ, value, traceback)
  File "/Users/nripeshpradhan/Documents/Github/i-test-season/.venv/lib/python3.11/site-packages/httpx/_transports/default.py", line 118, in map_httpcore_exceptions
    raise mapped_exc(message) from exc
httpx.ReadTimeout: The read operation timed out
2026-08-22 05:53:29,578 ERROR poll cycle failed; backing off
Traceback (most recent call last):
  File "/Users/nripeshpradhan/Documents/Github/i-test-season/.venv/lib/python3.11/site-packages/httpx/_transports/default.py", line 101, in map_httpcore_exceptions
    yield
  File "/Users/nripeshpradhan/Documents/Github/i-test-season/.venv/lib/python3.11/site-packages/httpx/_transports/default.py", line 250, in handle_request
    resp = self._pool.handle_request(req)
           ^^^^^^^^^^^^^^^^^^^^^^^^^^^^^^
  File "/Users/nripeshpradhan/Documents/Github/i-test-season/.venv/lib/python3.11/site-packages/httpcore/_sync/connection_pool.py", line 256, in handle_request
    raise exc from None
  File "/Users/nripeshpradhan/Documents/Github/i-test-season/.venv/lib/python3.11/site-packages/httpcore/_sync/connection_pool.py", line 236, in handle_request
    response = connection.handle_request(
               ^^^^^^^^^^^^^^^^^^^^^^^^^^
  File "/Users/nripeshpradhan/Documents/Github/i-test-season/.venv/lib/python3.11/site-packages/httpcore/_sync/connection.py", line 103, in handle_request
    return self._connection.handle_request(request)
           ^^^^^^^^^^^^^^^^^^^^^^^^^^^^^^^^^^^^^^^^
  File "/Users/nripeshpradhan/Documents/Github/i-test-season/.venv/lib/python3.11/site-packages/httpcore/_sync/http11.py", line 136, in handle_request
    raise exc
  File "/Users/nripeshpradhan/Documents/Github/i-test-season/.venv/lib/python3.11/site-packages/httpcore/_sync/http11.py", line 106, in handle_request
    ) = self._receive_response_headers(**kwargs)
        ^^^^^^^^^^^^^^^^^^^^^^^^^^^^^^^^^^^^^^^^
  File "/Users/nripeshpradhan/Documents/Github/i-test-season/.venv/lib/python3.11/site-packages/httpcore/_sync/http11.py", line 177, in _receive_response_headers
    event = self._receive_event(timeout=timeout)
            ^^^^^^^^^^^^^^^^^^^^^^^^^^^^^^^^^^^^
  File "/Users/nripeshpradhan/Documents/Github/i-test-season/.venv/lib/python3.11/site-packages/httpcore/_sync/http11.py", line 217, in _receive_event
    data = self._network_stream.read(
           ^^^^^^^^^^^^^^^^^^^^^^^^^^
  File "/Users/nripeshpradhan/Documents/Github/i-test-season/.venv/lib/python3.11/site-packages/httpcore/_backends/sync.py", line 126, in read
    with map_exceptions(exc_map):
  File "/Users/nripeshpradhan/.local/share/uv/python/cpython-3.11.15-macos-aarch64-none/lib/python3.11/contextlib.py", line 158, in __exit__
    self.gen.throw(typ, value, traceback)
  File "/Users/nripeshpradhan/Documents/Github/i-test-season/.venv/lib/python3.11/site-packages/httpcore/_exceptions.py", line 14, in map_exceptions
    raise to_exc(exc) from exc
httpcore.ReadTimeout: The read operation timed out

The above exception was the direct cause of the following exception:

Traceback (most recent call last):
  File "/Users/nripeshpradhan/Documents/Github/i-test-season/fpl_edge/interfaces/telegram.py", line 503, in run_forever
    self.poll_once(timeout=timeout)
  File "/Users/nripeshpradhan/Documents/Github/i-test-season/fpl_edge/interfaces/telegram.py", line 338, in poll_once
    body = self.transport.call(
           ^^^^^^^^^^^^^^^^^^^^
  File "/Users/nripeshpradhan/Documents/Github/i-test-season/fpl_edge/interfaces/telegram.py", line 102, in call
    resp = self._client.post(f"/{method}", json=payload, timeout=timeout)
           ^^^^^^^^^^^^^^^^^^^^^^^^^^^^^^^^^^^^^^^^^^^^^^^^^^^^^^^^^^^^^^
  File "/Users/nripeshpradhan/Documents/Github/i-test-season/.venv/lib/python3.11/site-packages/httpx/_client.py", line 1144, in post
    return self.request(
           ^^^^^^^^^^^^^
  File "/Users/nripeshpradhan/Documents/Github/i-test-season/.venv/lib/python3.11/site-packages/httpx/_client.py", line 825, in request
    return self.send(request, auth=auth, follow_redirects=follow_redirects)
           ^^^^^^^^^^^^^^^^^^^^^^^^^^^^^^^^^^^^^^^^^^^^^^^^^^^^^^^^^^^^^^^^
  File "/Users/nripeshpradhan/Documents/Github/i-test-season/.venv/lib/python3.11/site-packages/httpx/_client.py", line 914, in send
    response = self._send_handling_auth(
               ^^^^^^^^^^^^^^^^^^^^^^^^^
  File "/Users/nripeshpradhan/Documents/Github/i-test-season/.venv/lib/python3.11/site-packages/httpx/_client.py", line 942, in _send_handling_auth
    response = self._send_handling_redirects(
               ^^^^^^^^^^^^^^^^^^^^^^^^^^^^^^
  File "/Users/nripeshpradhan/Documents/Github/i-test-season/.venv/lib/python3.11/site-packages/httpx/_client.py", line 979, in _send_handling_redirects
    response = self._send_single_request(request)
               ^^^^^^^^^^^^^^^^^^^^^^^^^^^^^^^^^^
  File "/Users/nripeshpradhan/Documents/Github/i-test-season/.venv/lib/python3.11/site-packages/httpx/_client.py", line 1014, in _send_single_request
    response = transport.handle_request(request)
               ^^^^^^^^^^^^^^^^^^^^^^^^^^^^^^^^^
  File "/Users/nripeshpradhan/Documents/Github/i-test-season/.venv/lib/python3.11/site-packages/httpx/_transports/default.py", line 249, in handle_request
    with map_httpcore_exceptions():
  File "/Users/nripeshpradhan/.local/share/uv/python/cpython-3.11.15-macos-aarch64-none/lib/python3.11/contextlib.py", line 158, in __exit__
    self.gen.throw(typ, value, traceback)
  File "/Users/nripeshpradhan/Documents/Github/i-test-season/.venv/lib/python3.11/site-packages/httpx/_transports/default.py", line 118, in map_httpcore_exceptions
    raise mapped_exc(message) from exc
httpx.ReadTimeout: The read operation timed out
2026-08-22 06:18:08,401 ERROR poll cycle failed; backing off
Traceback (most recent call last):
  File "/Users/nripeshpradhan/Documents/Github/i-test-season/.venv/lib/python3.11/site-packages/httpx/_transports/default.py", line 101, in map_httpcore_exceptions
    yield
  File "/Users/nripeshpradhan/Documents/Github/i-test-season/.venv/lib/python3.11/site-packages/httpx/_transports/default.py", line 250, in handle_request
    resp = self._pool.handle_request(req)
           ^^^^^^^^^^^^^^^^^^^^^^^^^^^^^^
  File "/Users/nripeshpradhan/Documents/Github/i-test-season/.venv/lib/python3.11/site-packages/httpcore/_sync/connection_pool.py", line 256, in handle_request
    raise exc from None
  File "/Users/nripeshpradhan/Documents/Github/i-test-season/.venv/lib/python3.11/site-packages/httpcore/_sync/connection_pool.py", line 236, in handle_request
    response = connection.handle_request(
               ^^^^^^^^^^^^^^^^^^^^^^^^^^
  File "/Users/nripeshpradhan/Documents/Github/i-test-season/.venv/lib/python3.11/site-packages/httpcore/_sync/connection.py", line 103, in handle_request
    return self._connection.handle_request(request)
           ^^^^^^^^^^^^^^^^^^^^^^^^^^^^^^^^^^^^^^^^
  File "/Users/nripeshpradhan/Documents/Github/i-test-season/.venv/lib/python3.11/site-packages/httpcore/_sync/http11.py", line 136, in handle_request
    raise exc
  File "/Users/nripeshpradhan/Documents/Github/i-test-season/.venv/lib/python3.11/site-packages/httpcore/_sync/http11.py", line 106, in handle_request
    ) = self._receive_response_headers(**kwargs)
        ^^^^^^^^^^^^^^^^^^^^^^^^^^^^^^^^^^^^^^^^
  File "/Users/nripeshpradhan/Documents/Github/i-test-season/.venv/lib/python3.11/site-packages/httpcore/_sync/http11.py", line 177, in _receive_response_headers
    event = self._receive_event(timeout=timeout)
            ^^^^^^^^^^^^^^^^^^^^^^^^^^^^^^^^^^^^
  File "/Users/nripeshpradhan/Documents/Github/i-test-season/.venv/lib/python3.11/site-packages/httpcore/_sync/http11.py", line 217, in _receive_event
    data = self._network_stream.read(
           ^^^^^^^^^^^^^^^^^^^^^^^^^^
  File "/Users/nripeshpradhan/Documents/Github/i-test-season/.venv/lib/python3.11/site-packages/httpcore/_backends/sync.py", line 126, in read
    with map_exceptions(exc_map):
  File "/Users/nripeshpradhan/.local/share/uv/python/cpython-3.11.15-macos-aarch64-none/lib/python3.11/contextlib.py", line 158, in __exit__
    self.gen.throw(typ, value, traceback)
  File "/Users/nripeshpradhan/Documents/Github/i-test-season/.venv/lib/python3.11/site-packages/httpcore/_exceptions.py", line 14, in map_exceptions
    raise to_exc(exc) from exc
httpcore.ReadTimeout: The read operation timed out

The above exception was the direct cause of the following exception:

Traceback (most recent call last):
  File "/Users/nripeshpradhan/Documents/Github/i-test-season/fpl_edge/interfaces/telegram.py", line 503, in run_forever
    self.poll_once(timeout=timeout)
  File "/Users/nripeshpradhan/Documents/Github/i-test-season/fpl_edge/interfaces/telegram.py", line 338, in poll_once
    body = self.transport.call(
           ^^^^^^^^^^^^^^^^^^^^
  File "/Users/nripeshpradhan/Documents/Github/i-test-season/fpl_edge/interfaces/telegram.py", line 102, in call
    resp = self._client.post(f"/{method}", json=payload, timeout=timeout)
           ^^^^^^^^^^^^^^^^^^^^^^^^^^^^^^^^^^^^^^^^^^^^^^^^^^^^^^^^^^^^^^
  File "/Users/nripeshpradhan/Documents/Github/i-test-season/.venv/lib/python3.11/site-packages/httpx/_client.py", line 1144, in post
    return self.request(
           ^^^^^^^^^^^^^
  File "/Users/nripeshpradhan/Documents/Github/i-test-season/.venv/lib/python3.11/site-packages/httpx/_client.py", line 825, in request
    return self.send(request, auth=auth, follow_redirects=follow_redirects)
           ^^^^^^^^^^^^^^^^^^^^^^^^^^^^^^^^^^^^^^^^^^^^^^^^^^^^^^^^^^^^^^^^
  File "/Users/nripeshpradhan/Documents/Github/i-test-season/.venv/lib/python3.11/site-packages/httpx/_client.py", line 914, in send
    response = self._send_handling_auth(
               ^^^^^^^^^^^^^^^^^^^^^^^^^
  File "/Users/nripeshpradhan/Documents/Github/i-test-season/.venv/lib/python3.11/site-packages/httpx/_client.py", line 942, in _send_handling_auth
    response = self._send_handling_redirects(
               ^^^^^^^^^^^^^^^^^^^^^^^^^^^^^^
  File "/Users/nripeshpradhan/Documents/Github/i-test-season/.venv/lib/python3.11/site-packages/httpx/_client.py", line 979, in _send_handling_redirects
    response = self._send_single_request(request)
               ^^^^^^^^^^^^^^^^^^^^^^^^^^^^^^^^^^
  File "/Users/nripeshpradhan/Documents/Github/i-test-season/.venv/lib/python3.11/site-packages/httpx/_client.py", line 1014, in _send_single_request
    response = transport.handle_request(request)
               ^^^^^^^^^^^^^^^^^^^^^^^^^^^^^^^^^
  File "/Users/nripeshpradhan/Documents/Github/i-test-season/.venv/lib/python3.11/site-packages/httpx/_transports/default.py", line 249, in handle_request
    with map_httpcore_exceptions():
  File "/Users/nripeshpradhan/.local/share/uv/python/cpython-3.11.15-macos-aarch64-none/lib/python3.11/contextlib.py", line 158, in __exit__
    self.gen.throw(typ, value, traceback)
  File "/Users/nripeshpradhan/Documents/Github/i-test-season/.venv/lib/python3.11/site-packages/httpx/_transports/default.py", line 118, in map_httpcore_exceptions
    raise mapped_exc(message) from exc
httpx.ReadTimeout: The read operation timed out
2026-08-22 07:53:04,358 ERROR poll cycle failed; backing off
Traceback (most recent call last):
  File "/Users/nripeshpradhan/Documents/Github/i-test-season/.venv/lib/python3.11/site-packages/httpx/_transports/default.py", line 101, in map_httpcore_exceptions
    yield
  File "/Users/nripeshpradhan/Documents/Github/i-test-season/.venv/lib/python3.11/site-packages/httpx/_transports/default.py", line 250, in handle_request
    resp = self._pool.handle_request(req)
           ^^^^^^^^^^^^^^^^^^^^^^^^^^^^^^
  File "/Users/nripeshpradhan/Documents/Github/i-test-season/.venv/lib/python3.11/site-packages/httpcore/_sync/connection_pool.py", line 256, in handle_request
    raise exc from None
  File "/Users/nripeshpradhan/Documents/Github/i-test-season/.venv/lib/python3.11/site-packages/httpcore/_sync/connection_pool.py", line 236, in handle_request
    response = connection.handle_request(
               ^^^^^^^^^^^^^^^^^^^^^^^^^^
  File "/Users/nripeshpradhan/Documents/Github/i-test-season/.venv/lib/python3.11/site-packages/httpcore/_sync/connection.py", line 103, in handle_request
    return self._connection.handle_request(request)
           ^^^^^^^^^^^^^^^^^^^^^^^^^^^^^^^^^^^^^^^^
  File "/Users/nripeshpradhan/Documents/Github/i-test-season/.venv/lib/python3.11/site-packages/httpcore/_sync/http11.py", line 136, in handle_request
    raise exc
  File "/Users/nripeshpradhan/Documents/Github/i-test-season/.venv/lib/python3.11/site-packages/httpcore/_sync/http11.py", line 106, in handle_request
    ) = self._receive_response_headers(**kwargs)
        ^^^^^^^^^^^^^^^^^^^^^^^^^^^^^^^^^^^^^^^^
  File "/Users/nripeshpradhan/Documents/Github/i-test-season/.venv/lib/python3.11/site-packages/httpcore/_sync/http11.py", line 177, in _receive_response_headers
    event = self._receive_event(timeout=timeout)
            ^^^^^^^^^^^^^^^^^^^^^^^^^^^^^^^^^^^^
  File "/Users/nripeshpradhan/Documents/Github/i-test-season/.venv/lib/python3.11/site-packages/httpcore/_sync/http11.py", line 217, in _receive_event
    data = self._network_stream.read(
           ^^^^^^^^^^^^^^^^^^^^^^^^^^
  File "/Users/nripeshpradhan/Documents/Github/i-test-season/.venv/lib/python3.11/site-packages/httpcore/_backends/sync.py", line 126, in read
    with map_exceptions(exc_map):
  File "/Users/nripeshpradhan/.local/share/uv/python/cpython-3.11.15-macos-aarch64-none/lib/python3.11/contextlib.py", line 158, in __exit__
    self.gen.throw(typ, value, traceback)
  File "/Users/nripeshpradhan/Documents/Github/i-test-season/.venv/lib/python3.11/site-packages/httpcore/_exceptions.py", line 14, in map_exceptions
    raise to_exc(exc) from exc
httpcore.ReadTimeout: The read operation timed out

The above exception was the direct cause of the following exception:

Traceback (most recent call last):
  File "/Users/nripeshpradhan/Documents/Github/i-test-season/fpl_edge/interfaces/telegram.py", line 503, in run_forever
    self.poll_once(timeout=timeout)
  File "/Users/nripeshpradhan/Documents/Github/i-test-season/fpl_edge/interfaces/telegram.py", line 338, in poll_once
    body = self.transport.call(
           ^^^^^^^^^^^^^^^^^^^^
  File "/Users/nripeshpradhan/Documents/Github/i-test-season/fpl_edge/interfaces/telegram.py", line 102, in call
    resp = self._client.post(f"/{method}", json=payload, timeout=timeout)
           ^^^^^^^^^^^^^^^^^^^^^^^^^^^^^^^^^^^^^^^^^^^^^^^^^^^^^^^^^^^^^^
  File "/Users/nripeshpradhan/Documents/Github/i-test-season/.venv/lib/python3.11/site-packages/httpx/_client.py", line 1144, in post
    return self.request(
           ^^^^^^^^^^^^^
  File "/Users/nripeshpradhan/Documents/Github/i-test-season/.venv/lib/python3.11/site-packages/httpx/_client.py", line 825, in request
    return self.send(request, auth=auth, follow_redirects=follow_redirects)
           ^^^^^^^^^^^^^^^^^^^^^^^^^^^^^^^^^^^^^^^^^^^^^^^^^^^^^^^^^^^^^^^^
  File "/Users/nripeshpradhan/Documents/Github/i-test-season/.venv/lib/python3.11/site-packages/httpx/_client.py", line 914, in send
    response = self._send_handling_auth(
               ^^^^^^^^^^^^^^^^^^^^^^^^^
  File "/Users/nripeshpradhan/Documents/Github/i-test-season/.venv/lib/python3.11/site-packages/httpx/_client.py", line 942, in _send_handling_auth
    response = self._send_handling_redirects(
               ^^^^^^^^^^^^^^^^^^^^^^^^^^^^^^
  File "/Users/nripeshpradhan/Documents/Github/i-test-season/.venv/lib/python3.11/site-packages/httpx/_client.py", line 979, in _send_handling_redirects
    response = self._send_single_request(request)
               ^^^^^^^^^^^^^^^^^^^^^^^^^^^^^^^^^^
  File "/Users/nripeshpradhan/Documents/Github/i-test-season/.venv/lib/python3.11/site-packages/httpx/_client.py", line 1014, in _send_single_request
    response = transport.handle_request(request)
               ^^^^^^^^^^^^^^^^^^^^^^^^^^^^^^^^^
  File "/Users/nripeshpradhan/Documents/Github/i-test-season/.venv/lib/python3.11/site-packages/httpx/_transports/default.py", line 249, in handle_request
    with map_httpcore_exceptions():
  File "/Users/nripeshpradhan/.local/share/uv/python/cpython-3.11.15-macos-aarch64-none/lib/python3.11/contextlib.py", line 158, in __exit__
    self.gen.throw(typ, value, traceback)
  File "/Users/nripeshpradhan/Documents/Github/i-test-season/.venv/lib/python3.11/site-packages/httpx/_transports/default.py", line 118, in map_httpcore_exceptions
    raise mapped_exc(message) from exc
httpx.ReadTimeout: The read operation timed out
2026-08-22 08:28:17,689 ERROR poll cycle failed; backing off
Traceback (most recent call last):
  File "/Users/nripeshpradhan/Documents/Github/i-test-season/.venv/lib/python3.11/site-packages/httpx/_transports/default.py", line 101, in map_httpcore_exceptions
    yield
  File "/Users/nripeshpradhan/Documents/Github/i-test-season/.venv/lib/python3.11/site-packages/httpx/_transports/default.py", line 250, in handle_request
    resp = self._pool.handle_request(req)
           ^^^^^^^^^^^^^^^^^^^^^^^^^^^^^^
  File "/Users/nripeshpradhan/Documents/Github/i-test-season/.venv/lib/python3.11/site-packages/httpcore/_sync/connection_pool.py", line 256, in handle_request
    raise exc from None
  File "/Users/nripeshpradhan/Documents/Github/i-test-season/.venv/lib/python3.11/site-packages/httpcore/_sync/connection_pool.py", line 236, in handle_request
    response = connection.handle_request(
               ^^^^^^^^^^^^^^^^^^^^^^^^^^
  File "/Users/nripeshpradhan/Documents/Github/i-test-season/.venv/lib/python3.11/site-packages/httpcore/_sync/connection.py", line 103, in handle_request
    return self._connection.handle_request(request)
           ^^^^^^^^^^^^^^^^^^^^^^^^^^^^^^^^^^^^^^^^
  File "/Users/nripeshpradhan/Documents/Github/i-test-season/.venv/lib/python3.11/site-packages/httpcore/_sync/http11.py", line 136, in handle_request
    raise exc
  File "/Users/nripeshpradhan/Documents/Github/i-test-season/.venv/lib/python3.11/site-packages/httpcore/_sync/http11.py", line 106, in handle_request
    ) = self._receive_response_headers(**kwargs)
        ^^^^^^^^^^^^^^^^^^^^^^^^^^^^^^^^^^^^^^^^
  File "/Users/nripeshpradhan/Documents/Github/i-test-season/.venv/lib/python3.11/site-packages/httpcore/_sync/http11.py", line 177, in _receive_response_headers
    event = self._receive_event(timeout=timeout)
            ^^^^^^^^^^^^^^^^^^^^^^^^^^^^^^^^^^^^
  File "/Users/nripeshpradhan/Documents/Github/i-test-season/.venv/lib/python3.11/site-packages/httpcore/_sync/http11.py", line 217, in _receive_event
    data = self._network_stream.read(
           ^^^^^^^^^^^^^^^^^^^^^^^^^^
  File "/Users/nripeshpradhan/Documents/Github/i-test-season/.venv/lib/python3.11/site-packages/httpcore/_backends/sync.py", line 126, in read
    with map_exceptions(exc_map):
  File "/Users/nripeshpradhan/.local/share/uv/python/cpython-3.11.15-macos-aarch64-none/lib/python3.11/contextlib.py", line 158, in __exit__
    self.gen.throw(typ, value, traceback)
  File "/Users/nripeshpradhan/Documents/Github/i-test-season/.venv/lib/python3.11/site-packages/httpcore/_exceptions.py", line 14, in map_exceptions
    raise to_exc(exc) from exc
httpcore.ReadTimeout: The read operation timed out

The above exception was the direct cause of the following exception:

Traceback (most recent call last):
  File "/Users/nripeshpradhan/Documents/Github/i-test-season/fpl_edge/interfaces/telegram.py", line 503, in run_forever
    self.poll_once(timeout=timeout)
  File "/Users/nripeshpradhan/Documents/Github/i-test-season/fpl_edge/interfaces/telegram.py", line 338, in poll_once
    body = self.transport.call(
           ^^^^^^^^^^^^^^^^^^^^
  File "/Users/nripeshpradhan/Documents/Github/i-test-season/fpl_edge/interfaces/telegram.py", line 102, in call
    resp = self._client.post(f"/{method}", json=payload, timeout=timeout)
           ^^^^^^^^^^^^^^^^^^^^^^^^^^^^^^^^^^^^^^^^^^^^^^^^^^^^^^^^^^^^^^
  File "/Users/nripeshpradhan/Documents/Github/i-test-season/.venv/lib/python3.11/site-packages/httpx/_client.py", line 1144, in post
    return self.request(
           ^^^^^^^^^^^^^
  File "/Users/nripeshpradhan/Documents/Github/i-test-season/.venv/lib/python3.11/site-packages/httpx/_client.py", line 825, in request
    return self.send(request, auth=auth, follow_redirects=follow_redirects)
           ^^^^^^^^^^^^^^^^^^^^^^^^^^^^^^^^^^^^^^^^^^^^^^^^^^^^^^^^^^^^^^^^
  File "/Users/nripeshpradhan/Documents/Github/i-test-season/.venv/lib/python3.11/site-packages/httpx/_client.py", line 914, in send
    response = self._send_handling_auth(
               ^^^^^^^^^^^^^^^^^^^^^^^^^
  File "/Users/nripeshpradhan/Documents/Github/i-test-season/.venv/lib/python3.11/site-packages/httpx/_client.py", line 942, in _send_handling_auth
    response = self._send_handling_redirects(
               ^^^^^^^^^^^^^^^^^^^^^^^^^^^^^^
  File "/Users/nripeshpradhan/Documents/Github/i-test-season/.venv/lib/python3.11/site-packages/httpx/_client.py", line 979, in _send_handling_redirects
    response = self._send_single_request(request)
               ^^^^^^^^^^^^^^^^^^^^^^^^^^^^^^^^^^
  File "/Users/nripeshpradhan/Documents/Github/i-test-season/.venv/lib/python3.11/site-packages/httpx/_client.py", line 1014, in _send_single_request
    response = transport.handle_request(request)
               ^^^^^^^^^^^^^^^^^^^^^^^^^^^^^^^^^
  File "/Users/nripeshpradhan/Documents/Github/i-test-season/.venv/lib/python3.11/site-packages/httpx/_transports/default.py", line 249, in handle_request
    with map_httpcore_exceptions():
  File "/Users/nripeshpradhan/.local/share/uv/python/cpython-3.11.15-macos-aarch64-none/lib/python3.11/contextlib.py", line 158, in __exit__
    self.gen.throw(typ, value, traceback)
  File "/Users/nripeshpradhan/Documents/Github/i-test-season/.venv/lib/python3.11/site-packages/httpx/_transports/default.py", line 118, in map_httpcore_exceptions
    raise mapped_exc(message) from exc
httpx.ReadTimeout: The read operation timed out
2026-08-22 08:41:58,439 ERROR poll cycle failed; backing off
Traceback (most recent call last):
  File "/Users/nripeshpradhan/Documents/Github/i-test-season/.venv/lib/python3.11/site-packages/httpx/_transports/default.py", line 101, in map_httpcore_exceptions
    yield
  File "/Users/nripeshpradhan/Documents/Github/i-test-season/.venv/lib/python3.11/site-packages/httpx/_transports/default.py", line 250, in handle_request
    resp = self._pool.handle_request(req)
           ^^^^^^^^^^^^^^^^^^^^^^^^^^^^^^
  File "/Users/nripeshpradhan/Documents/Github/i-test-season/.venv/lib/python3.11/site-packages/httpcore/_sync/connection_pool.py", line 256, in handle_request
    raise exc from None
  File "/Users/nripeshpradhan/Documents/Github/i-test-season/.venv/lib/python3.11/site-packages/httpcore/_sync/connection_pool.py", line 236, in handle_request
    response = connection.handle_request(
               ^^^^^^^^^^^^^^^^^^^^^^^^^^
  File "/Users/nripeshpradhan/Documents/Github/i-test-season/.venv/lib/python3.11/site-packages/httpcore/_sync/connection.py", line 103, in handle_request
    return self._connection.handle_request(request)
           ^^^^^^^^^^^^^^^^^^^^^^^^^^^^^^^^^^^^^^^^
  File "/Users/nripeshpradhan/Documents/Github/i-test-season/.venv/lib/python3.11/site-packages/httpcore/_sync/http11.py", line 136, in handle_request
    raise exc
  File "/Users/nripeshpradhan/Documents/Github/i-test-season/.venv/lib/python3.11/site-packages/httpcore/_sync/http11.py", line 106, in handle_request
    ) = self._receive_response_headers(**kwargs)
        ^^^^^^^^^^^^^^^^^^^^^^^^^^^^^^^^^^^^^^^^
  File "/Users/nripeshpradhan/Documents/Github/i-test-season/.venv/lib/python3.11/site-packages/httpcore/_sync/http11.py", line 177, in _receive_response_headers
    event = self._receive_event(timeout=timeout)
            ^^^^^^^^^^^^^^^^^^^^^^^^^^^^^^^^^^^^
  File "/Users/nripeshpradhan/Documents/Github/i-test-season/.venv/lib/python3.11/site-packages/httpcore/_sync/http11.py", line 217, in _receive_event
    data = self._network_stream.read(
           ^^^^^^^^^^^^^^^^^^^^^^^^^^
  File "/Users/nripeshpradhan/Documents/Github/i-test-season/.venv/lib/python3.11/site-packages/httpcore/_backends/sync.py", line 126, in read
    with map_exceptions(exc_map):
  File "/Users/nripeshpradhan/.local/share/uv/python/cpython-3.11.15-macos-aarch64-none/lib/python3.11/contextlib.py", line 158, in __exit__
    self.gen.throw(typ, value, traceback)
  File "/Users/nripeshpradhan/Documents/Github/i-test-season/.venv/lib/python3.11/site-packages/httpcore/_exceptions.py", line 14, in map_exceptions
    raise to_exc(exc) from exc
httpcore.ReadTimeout: The read operation timed out

The above exception was the direct cause of the following exception:

Traceback (most recent call last):
  File "/Users/nripeshpradhan/Documents/Github/i-test-season/fpl_edge/interfaces/telegram.py", line 503, in run_forever
    self.poll_once(timeout=timeout)
  File "/Users/nripeshpradhan/Documents/Github/i-test-season/fpl_edge/interfaces/telegram.py", line 338, in poll_once
    body = self.transport.call(
           ^^^^^^^^^^^^^^^^^^^^
  File "/Users/nripeshpradhan/Documents/Github/i-test-season/fpl_edge/interfaces/telegram.py", line 102, in call
    resp = self._client.post(f"/{method}", json=payload, timeout=timeout)
           ^^^^^^^^^^^^^^^^^^^^^^^^^^^^^^^^^^^^^^^^^^^^^^^^^^^^^^^^^^^^^^
  File "/Users/nripeshpradhan/Documents/Github/i-test-season/.venv/lib/python3.11/site-packages/httpx/_client.py", line 1144, in post
    return self.request(
           ^^^^^^^^^^^^^
  File "/Users/nripeshpradhan/Documents/Github/i-test-season/.venv/lib/python3.11/site-packages/httpx/_client.py", line 825, in request
    return self.send(request, auth=auth, follow_redirects=follow_redirects)
           ^^^^^^^^^^^^^^^^^^^^^^^^^^^^^^^^^^^^^^^^^^^^^^^^^^^^^^^^^^^^^^^^
  File "/Users/nripeshpradhan/Documents/Github/i-test-season/.venv/lib/python3.11/site-packages/httpx/_client.py", line 914, in send
    response = self._send_handling_auth(
               ^^^^^^^^^^^^^^^^^^^^^^^^^
  File "/Users/nripeshpradhan/Documents/Github/i-test-season/.venv/lib/python3.11/site-packages/httpx/_client.py", line 942, in _send_handling_auth
    response = self._send_handling_redirects(
               ^^^^^^^^^^^^^^^^^^^^^^^^^^^^^^
  File "/Users/nripeshpradhan/Documents/Github/i-test-season/.venv/lib/python3.11/site-packages/httpx/_client.py", line 979, in _send_handling_redirects
    response = self._send_single_request(request)
               ^^^^^^^^^^^^^^^^^^^^^^^^^^^^^^^^^^
  File "/Users/nripeshpradhan/Documents/Github/i-test-season/.venv/lib/python3.11/site-packages/httpx/_client.py", line 1014, in _send_single_request
    response = transport.handle_request(request)
               ^^^^^^^^^^^^^^^^^^^^^^^^^^^^^^^^^
  File "/Users/nripeshpradhan/Documents/Github/i-test-season/.venv/lib/python3.11/site-packages/httpx/_transports/default.py", line 249, in handle_request
    with map_httpcore_exceptions():
  File "/Users/nripeshpradhan/.local/share/uv/python/cpython-3.11.15-macos-aarch64-none/lib/python3.11/contextlib.py", line 158, in __exit__
    self.gen.throw(typ, value, traceback)
  File "/Users/nripeshpradhan/Documents/Github/i-test-season/.venv/lib/python3.11/site-packages/httpx/_transports/default.py", line 118, in map_httpcore_exceptions
    raise mapped_exc(message) from exc
httpx.ReadTimeout: The read operation timed out
2026-08-22 08:46:39,673 ERROR poll cycle failed; backing off
Traceback (most recent call last):
  File "/Users/nripeshpradhan/Documents/Github/i-test-season/.venv/lib/python3.11/site-packages/httpx/_transports/default.py", line 101, in map_httpcore_exceptions
    yield
  File "/Users/nripeshpradhan/Documents/Github/i-test-season/.venv/lib/python3.11/site-packages/httpx/_transports/default.py", line 250, in handle_request
    resp = self._pool.handle_request(req)
           ^^^^^^^^^^^^^^^^^^^^^^^^^^^^^^
  File "/Users/nripeshpradhan/Documents/Github/i-test-season/.venv/lib/python3.11/site-packages/httpcore/_sync/connection_pool.py", line 256, in handle_request
    raise exc from None
  File "/Users/nripeshpradhan/Documents/Github/i-test-season/.venv/lib/python3.11/site-packages/httpcore/_sync/connection_pool.py", line 236, in handle_request
    response = connection.handle_request(
               ^^^^^^^^^^^^^^^^^^^^^^^^^^
  File "/Users/nripeshpradhan/Documents/Github/i-test-season/.venv/lib/python3.11/site-packages/httpcore/_sync/connection.py", line 103, in handle_request
    return self._connection.handle_request(request)
           ^^^^^^^^^^^^^^^^^^^^^^^^^^^^^^^^^^^^^^^^
  File "/Users/nripeshpradhan/Documents/Github/i-test-season/.venv/lib/python3.11/site-packages/httpcore/_sync/http11.py", line 136, in handle_request
    raise exc
  File "/Users/nripeshpradhan/Documents/Github/i-test-season/.venv/lib/python3.11/site-packages/httpcore/_sync/http11.py", line 106, in handle_request
    ) = self._receive_response_headers(**kwargs)
        ^^^^^^^^^^^^^^^^^^^^^^^^^^^^^^^^^^^^^^^^
  File "/Users/nripeshpradhan/Documents/Github/i-test-season/.venv/lib/python3.11/site-packages/httpcore/_sync/http11.py", line 177, in _receive_response_headers
    event = self._receive_event(timeout=timeout)
            ^^^^^^^^^^^^^^^^^^^^^^^^^^^^^^^^^^^^
  File "/Users/nripeshpradhan/Documents/Github/i-test-season/.venv/lib/python3.11/site-packages/httpcore/_sync/http11.py", line 217, in _receive_event
    data = self._network_stream.read(
           ^^^^^^^^^^^^^^^^^^^^^^^^^^
  File "/Users/nripeshpradhan/Documents/Github/i-test-season/.venv/lib/python3.11/site-packages/httpcore/_backends/sync.py", line 126, in read
    with map_exceptions(exc_map):
  File "/Users/nripeshpradhan/.local/share/uv/python/cpython-3.11.15-macos-aarch64-none/lib/python3.11/contextlib.py", line 158, in __exit__
    self.gen.throw(typ, value, traceback)
  File "/Users/nripeshpradhan/Documents/Github/i-test-season/.venv/lib/python3.11/site-packages/httpcore/_exceptions.py", line 14, in map_exceptions
    raise to_exc(exc) from exc
httpcore.ReadTimeout: The read operation timed out

The above exception was the direct cause of the following exception:

Traceback (most recent call last):
  File "/Users/nripeshpradhan/Documents/Github/i-test-season/fpl_edge/interfaces/telegram.py", line 503, in run_forever
    self.poll_once(timeout=timeout)
  File "/Users/nripeshpradhan/Documents/Github/i-test-season/fpl_edge/interfaces/telegram.py", line 338, in poll_once
    body = self.transport.call(
           ^^^^^^^^^^^^^^^^^^^^
  File "/Users/nripeshpradhan/Documents/Github/i-test-season/fpl_edge/interfaces/telegram.py", line 102, in call
    resp = self._client.post(f"/{method}", json=payload, timeout=timeout)
           ^^^^^^^^^^^^^^^^^^^^^^^^^^^^^^^^^^^^^^^^^^^^^^^^^^^^^^^^^^^^^^
  File "/Users/nripeshpradhan/Documents/Github/i-test-season/.venv/lib/python3.11/site-packages/httpx/_client.py", line 1144, in post
    return self.request(
           ^^^^^^^^^^^^^
  File "/Users/nripeshpradhan/Documents/Github/i-test-season/.venv/lib/python3.11/site-packages/httpx/_client.py", line 825, in request
    return self.send(request, auth=auth, follow_redirects=follow_redirects)
           ^^^^^^^^^^^^^^^^^^^^^^^^^^^^^^^^^^^^^^^^^^^^^^^^^^^^^^^^^^^^^^^^
  File "/Users/nripeshpradhan/Documents/Github/i-test-season/.venv/lib/python3.11/site-packages/httpx/_client.py", line 914, in send
    response = self._send_handling_auth(
               ^^^^^^^^^^^^^^^^^^^^^^^^^
  File "/Users/nripeshpradhan/Documents/Github/i-test-season/.venv/lib/python3.11/site-packages/httpx/_client.py", line 942, in _send_handling_auth
    response = self._send_handling_redirects(
               ^^^^^^^^^^^^^^^^^^^^^^^^^^^^^^
  File "/Users/nripeshpradhan/Documents/Github/i-test-season/.venv/lib/python3.11/site-packages/httpx/_client.py", line 979, in _send_handling_redirects
    response = self._send_single_request(request)
               ^^^^^^^^^^^^^^^^^^^^^^^^^^^^^^^^^^
  File "/Users/nripeshpradhan/Documents/Github/i-test-season/.venv/lib/python3.11/site-packages/httpx/_client.py", line 1014, in _send_single_request
    response = transport.handle_request(request)
               ^^^^^^^^^^^^^^^^^^^^^^^^^^^^^^^^^
  File "/Users/nripeshpradhan/Documents/Github/i-test-season/.venv/lib/python3.11/site-packages/httpx/_transports/default.py", line 249, in handle_request
    with map_httpcore_exceptions():
  File "/Users/nripeshpradhan/.local/share/uv/python/cpython-3.11.15-macos-aarch64-none/lib/python3.11/contextlib.py", line 158, in __exit__
    self.gen.throw(typ, value, traceback)
  File "/Users/nripeshpradhan/Documents/Github/i-test-season/.venv/lib/python3.11/site-packages/httpx/_transports/default.py", line 118, in map_httpcore_exceptions
    raise mapped_exc(message) from exc
httpx.ReadTimeout: The read operation timed out
2026-08-22 09:07:38,278 ERROR poll cycle failed; backing off
Traceback (most recent call last):
  File "/Users/nripeshpradhan/Documents/Github/i-test-season/.venv/lib/python3.11/site-packages/httpx/_transports/default.py", line 101, in map_httpcore_exceptions
    yield
  File "/Users/nripeshpradhan/Documents/Github/i-test-season/.venv/lib/python3.11/site-packages/httpx/_transports/default.py", line 250, in handle_request
    resp = self._pool.handle_request(req)
           ^^^^^^^^^^^^^^^^^^^^^^^^^^^^^^
  File "/Users/nripeshpradhan/Documents/Github/i-test-season/.venv/lib/python3.11/site-packages/httpcore/_sync/connection_pool.py", line 256, in handle_request
    raise exc from None
  File "/Users/nripeshpradhan/Documents/Github/i-test-season/.venv/lib/python3.11/site-packages/httpcore/_sync/connection_pool.py", line 236, in handle_request
    response = connection.handle_request(
               ^^^^^^^^^^^^^^^^^^^^^^^^^^
  File "/Users/nripeshpradhan/Documents/Github/i-test-season/.venv/lib/python3.11/site-packages/httpcore/_sync/connection.py", line 103, in handle_request
    return self._connection.handle_request(request)
           ^^^^^^^^^^^^^^^^^^^^^^^^^^^^^^^^^^^^^^^^
  File "/Users/nripeshpradhan/Documents/Github/i-test-season/.venv/lib/python3.11/site-packages/httpcore/_sync/http11.py", line 136, in handle_request
    raise exc
  File "/Users/nripeshpradhan/Documents/Github/i-test-season/.venv/lib/python3.11/site-packages/httpcore/_sync/http11.py", line 106, in handle_request
    ) = self._receive_response_headers(**kwargs)
        ^^^^^^^^^^^^^^^^^^^^^^^^^^^^^^^^^^^^^^^^
  File "/Users/nripeshpradhan/Documents/Github/i-test-season/.venv/lib/python3.11/site-packages/httpcore/_sync/http11.py", line 177, in _receive_response_headers
    event = self._receive_event(timeout=timeout)
            ^^^^^^^^^^^^^^^^^^^^^^^^^^^^^^^^^^^^
  File "/Users/nripeshpradhan/Documents/Github/i-test-season/.venv/lib/python3.11/site-packages/httpcore/_sync/http11.py", line 217, in _receive_event
    data = self._network_stream.read(
           ^^^^^^^^^^^^^^^^^^^^^^^^^^
  File "/Users/nripeshpradhan/Documents/Github/i-test-season/.venv/lib/python3.11/site-packages/httpcore/_backends/sync.py", line 126, in read
    with map_exceptions(exc_map):
  File "/Users/nripeshpradhan/.local/share/uv/python/cpython-3.11.15-macos-aarch64-none/lib/python3.11/contextlib.py", line 158, in __exit__
    self.gen.throw(typ, value, traceback)
  File "/Users/nripeshpradhan/Documents/Github/i-test-season/.venv/lib/python3.11/site-packages/httpcore/_exceptions.py", line 14, in map_exceptions
    raise to_exc(exc) from exc
httpcore.ReadTimeout: The read operation timed out

The above exception was the direct cause of the following exception:

Traceback (most recent call last):
  File "/Users/nripeshpradhan/Documents/Github/i-test-season/fpl_edge/interfaces/telegram.py", line 503, in run_forever
    self.poll_once(timeout=timeout)
  File "/Users/nripeshpradhan/Documents/Github/i-test-season/fpl_edge/interfaces/telegram.py", line 338, in poll_once
    body = self.transport.call(
           ^^^^^^^^^^^^^^^^^^^^
  File "/Users/nripeshpradhan/Documents/Github/i-test-season/fpl_edge/interfaces/telegram.py", line 102, in call
    resp = self._client.post(f"/{method}", json=payload, timeout=timeout)
           ^^^^^^^^^^^^^^^^^^^^^^^^^^^^^^^^^^^^^^^^^^^^^^^^^^^^^^^^^^^^^^
  File "/Users/nripeshpradhan/Documents/Github/i-test-season/.venv/lib/python3.11/site-packages/httpx/_client.py", line 1144, in post
    return self.request(
           ^^^^^^^^^^^^^
  File "/Users/nripeshpradhan/Documents/Github/i-test-season/.venv/lib/python3.11/site-packages/httpx/_client.py", line 825, in request
    return self.send(request, auth=auth, follow_redirects=follow_redirects)
           ^^^^^^^^^^^^^^^^^^^^^^^^^^^^^^^^^^^^^^^^^^^^^^^^^^^^^^^^^^^^^^^^
  File "/Users/nripeshpradhan/Documents/Github/i-test-season/.venv/lib/python3.11/site-packages/httpx/_client.py", line 914, in send
    response = self._send_handling_auth(
               ^^^^^^^^^^^^^^^^^^^^^^^^^
  File "/Users/nripeshpradhan/Documents/Github/i-test-season/.venv/lib/python3.11/site-packages/httpx/_client.py", line 942, in _send_handling_auth
    response = self._send_handling_redirects(
               ^^^^^^^^^^^^^^^^^^^^^^^^^^^^^^
  File "/Users/nripeshpradhan/Documents/Github/i-test-season/.venv/lib/python3.11/site-packages/httpx/_client.py", line 979, in _send_handling_redirects
    response = self._send_single_request(request)
               ^^^^^^^^^^^^^^^^^^^^^^^^^^^^^^^^^^
  File "/Users/nripeshpradhan/Documents/Github/i-test-season/.venv/lib/python3.11/site-packages/httpx/_client.py", line 1014, in _send_single_request
    response = transport.handle_request(request)
               ^^^^^^^^^^^^^^^^^^^^^^^^^^^^^^^^^
  File "/Users/nripeshpradhan/Documents/Github/i-test-season/.venv/lib/python3.11/site-packages/httpx/_transports/default.py", line 249, in handle_request
    with map_httpcore_exceptions():
  File "/Users/nripeshpradhan/.local/share/uv/python/cpython-3.11.15-macos-aarch64-none/lib/python3.11/contextlib.py", line 158, in __exit__
    self.gen.throw(typ, value, traceback)
  File "/Users/nripeshpradhan/Documents/Github/i-test-season/.venv/lib/python3.11/site-packages/httpx/_transports/default.py", line 118, in map_httpcore_exceptions
    raise mapped_exc(message) from exc
httpx.ReadTimeout: The read operation timed out
2026-08-22 09:14:04,638 ERROR poll cycle failed; backing off
Traceback (most recent call last):
  File "/Users/nripeshpradhan/Documents/Github/i-test-season/.venv/lib/python3.11/site-packages/httpx/_transports/default.py", line 101, in map_httpcore_exceptions
    yield
  File "/Users/nripeshpradhan/Documents/Github/i-test-season/.venv/lib/python3.11/site-packages/httpx/_transports/default.py", line 250, in handle_request
    resp = self._pool.handle_request(req)
           ^^^^^^^^^^^^^^^^^^^^^^^^^^^^^^
  File "/Users/nripeshpradhan/Documents/Github/i-test-season/.venv/lib/python3.11/site-packages/httpcore/_sync/connection_pool.py", line 256, in handle_request
    raise exc from None
  File "/Users/nripeshpradhan/Documents/Github/i-test-season/.venv/lib/python3.11/site-packages/httpcore/_sync/connection_pool.py", line 236, in handle_request
    response = connection.handle_request(
               ^^^^^^^^^^^^^^^^^^^^^^^^^^
  File "/Users/nripeshpradhan/Documents/Github/i-test-season/.venv/lib/python3.11/site-packages/httpcore/_sync/connection.py", line 103, in handle_request
    return self._connection.handle_request(request)
           ^^^^^^^^^^^^^^^^^^^^^^^^^^^^^^^^^^^^^^^^
  File "/Users/nripeshpradhan/Documents/Github/i-test-season/.venv/lib/python3.11/site-packages/httpcore/_sync/http11.py", line 136, in handle_request
    raise exc
  File "/Users/nripeshpradhan/Documents/Github/i-test-season/.venv/lib/python3.11/site-packages/httpcore/_sync/http11.py", line 106, in handle_request
    ) = self._receive_response_headers(**kwargs)
        ^^^^^^^^^^^^^^^^^^^^^^^^^^^^^^^^^^^^^^^^
  File "/Users/nripeshpradhan/Documents/Github/i-test-season/.venv/lib/python3.11/site-packages/httpcore/_sync/http11.py", line 177, in _receive_response_headers
    event = self._receive_event(timeout=timeout)
            ^^^^^^^^^^^^^^^^^^^^^^^^^^^^^^^^^^^^
  File "/Users/nripeshpradhan/Documents/Github/i-test-season/.venv/lib/python3.11/site-packages/httpcore/_sync/http11.py", line 217, in _receive_event
    data = self._network_stream.read(
           ^^^^^^^^^^^^^^^^^^^^^^^^^^
  File "/Users/nripeshpradhan/Documents/Github/i-test-season/.venv/lib/python3.11/site-packages/httpcore/_backends/sync.py", line 126, in read
    with map_exceptions(exc_map):
  File "/Users/nripeshpradhan/.local/share/uv/python/cpython-3.11.15-macos-aarch64-none/lib/python3.11/contextlib.py", line 158, in __exit__
    self.gen.throw(typ, value, traceback)
  File "/Users/nripeshpradhan/Documents/Github/i-test-season/.venv/lib/python3.11/site-packages/httpcore/_exceptions.py", line 14, in map_exceptions
    raise to_exc(exc) from exc
httpcore.ReadTimeout: The read operation timed out

The above exception was the direct cause of the following exception:

Traceback (most recent call last):
  File "/Users/nripeshpradhan/Documents/Github/i-test-season/fpl_edge/interfaces/telegram.py", line 503, in run_forever
    self.poll_once(timeout=timeout)
  File "/Users/nripeshpradhan/Documents/Github/i-test-season/fpl_edge/interfaces/telegram.py", line 338, in poll_once
    body = self.transport.call(
           ^^^^^^^^^^^^^^^^^^^^
  File "/Users/nripeshpradhan/Documents/Github/i-test-season/fpl_edge/interfaces/telegram.py", line 102, in call
    resp = self._client.post(f"/{method}", json=payload, timeout=timeout)
           ^^^^^^^^^^^^^^^^^^^^^^^^^^^^^^^^^^^^^^^^^^^^^^^^^^^^^^^^^^^^^^
  File "/Users/nripeshpradhan/Documents/Github/i-test-season/.venv/lib/python3.11/site-packages/httpx/_client.py", line 1144, in post
    return self.request(
           ^^^^^^^^^^^^^
  File "/Users/nripeshpradhan/Documents/Github/i-test-season/.venv/lib/python3.11/site-packages/httpx/_client.py", line 825, in request
    return self.send(request, auth=auth, follow_redirects=follow_redirects)
           ^^^^^^^^^^^^^^^^^^^^^^^^^^^^^^^^^^^^^^^^^^^^^^^^^^^^^^^^^^^^^^^^
  File "/Users/nripeshpradhan/Documents/Github/i-test-season/.venv/lib/python3.11/site-packages/httpx/_client.py", line 914, in send
    response = self._send_handling_auth(
               ^^^^^^^^^^^^^^^^^^^^^^^^^
  File "/Users/nripeshpradhan/Documents/Github/i-test-season/.venv/lib/python3.11/site-packages/httpx/_client.py", line 942, in _send_handling_auth
    response = self._send_handling_redirects(
               ^^^^^^^^^^^^^^^^^^^^^^^^^^^^^^
  File "/Users/nripeshpradhan/Documents/Github/i-test-season/.venv/lib/python3.11/site-packages/httpx/_client.py", line 979, in _send_handling_redirects
    response = self._send_single_request(request)
               ^^^^^^^^^^^^^^^^^^^^^^^^^^^^^^^^^^
  File "/Users/nripeshpradhan/Documents/Github/i-test-season/.venv/lib/python3.11/site-packages/httpx/_client.py", line 1014, in _send_single_request
    response = transport.handle_request(request)
               ^^^^^^^^^^^^^^^^^^^^^^^^^^^^^^^^^
  File "/Users/nripeshpradhan/Documents/Github/i-test-season/.venv/lib/python3.11/site-packages/httpx/_transports/default.py", line 249, in handle_request
    with map_httpcore_exceptions():
  File "/Users/nripeshpradhan/.local/share/uv/python/cpython-3.11.15-macos-aarch64-none/lib/python3.11/contextlib.py", line 158, in __exit__
    self.gen.throw(typ, value, traceback)
  File "/Users/nripeshpradhan/Documents/Github/i-test-season/.venv/lib/python3.11/site-packages/httpx/_transports/default.py", line 118, in map_httpcore_exceptions
    raise mapped_exc(message) from exc
httpx.ReadTimeout: The read operation timed out
2026-08-22 10:05:40,814 ERROR poll cycle failed; backing off
Traceback (most recent call last):
  File "/Users/nripeshpradhan/Documents/Github/i-test-season/.venv/lib/python3.11/site-packages/httpx/_transports/default.py", line 101, in map_httpcore_exceptions
    yield
  File "/Users/nripeshpradhan/Documents/Github/i-test-season/.venv/lib/python3.11/site-packages/httpx/_transports/default.py", line 250, in handle_request
    resp = self._pool.handle_request(req)
           ^^^^^^^^^^^^^^^^^^^^^^^^^^^^^^
  File "/Users/nripeshpradhan/Documents/Github/i-test-season/.venv/lib/python3.11/site-packages/httpcore/_sync/connection_pool.py", line 256, in handle_request
    raise exc from None
  File "/Users/nripeshpradhan/Documents/Github/i-test-season/.venv/lib/python3.11/site-packages/httpcore/_sync/connection_pool.py", line 236, in handle_request
    response = connection.handle_request(
               ^^^^^^^^^^^^^^^^^^^^^^^^^^
  File "/Users/nripeshpradhan/Documents/Github/i-test-season/.venv/lib/python3.11/site-packages/httpcore/_sync/connection.py", line 103, in handle_request
    return self._connection.handle_request(request)
           ^^^^^^^^^^^^^^^^^^^^^^^^^^^^^^^^^^^^^^^^
  File "/Users/nripeshpradhan/Documents/Github/i-test-season/.venv/lib/python3.11/site-packages/httpcore/_sync/http11.py", line 136, in handle_request
    raise exc
  File "/Users/nripeshpradhan/Documents/Github/i-test-season/.venv/lib/python3.11/site-packages/httpcore/_sync/http11.py", line 106, in handle_request
    ) = self._receive_response_headers(**kwargs)
        ^^^^^^^^^^^^^^^^^^^^^^^^^^^^^^^^^^^^^^^^
  File "/Users/nripeshpradhan/Documents/Github/i-test-season/.venv/lib/python3.11/site-packages/httpcore/_sync/http11.py", line 177, in _receive_response_headers
    event = self._receive_event(timeout=timeout)
            ^^^^^^^^^^^^^^^^^^^^^^^^^^^^^^^^^^^^
  File "/Users/nripeshpradhan/Documents/Github/i-test-season/.venv/lib/python3.11/site-packages/httpcore/_sync/http11.py", line 217, in _receive_event
    data = self._network_stream.read(
           ^^^^^^^^^^^^^^^^^^^^^^^^^^
  File "/Users/nripeshpradhan/Documents/Github/i-test-season/.venv/lib/python3.11/site-packages/httpcore/_backends/sync.py", line 126, in read
    with map_exceptions(exc_map):
  File "/Users/nripeshpradhan/.local/share/uv/python/cpython-3.11.15-macos-aarch64-none/lib/python3.11/contextlib.py", line 158, in __exit__
    self.gen.throw(typ, value, traceback)
  File "/Users/nripeshpradhan/Documents/Github/i-test-season/.venv/lib/python3.11/site-packages/httpcore/_exceptions.py", line 14, in map_exceptions
    raise to_exc(exc) from exc
httpcore.ReadTimeout: The read operation timed out

The above exception was the direct cause of the following exception:

Traceback (most recent call last):
  File "/Users/nripeshpradhan/Documents/Github/i-test-season/fpl_edge/interfaces/telegram.py", line 503, in run_forever
    self.poll_once(timeout=timeout)
  File "/Users/nripeshpradhan/Documents/Github/i-test-season/fpl_edge/interfaces/telegram.py", line 338, in poll_once
    body = self.transport.call(
           ^^^^^^^^^^^^^^^^^^^^
  File "/Users/nripeshpradhan/Documents/Github/i-test-season/fpl_edge/interfaces/telegram.py", line 102, in call
    resp = self._client.post(f"/{method}", json=payload, timeout=timeout)
           ^^^^^^^^^^^^^^^^^^^^^^^^^^^^^^^^^^^^^^^^^^^^^^^^^^^^^^^^^^^^^^
  File "/Users/nripeshpradhan/Documents/Github/i-test-season/.venv/lib/python3.11/site-packages/httpx/_client.py", line 1144, in post
    return self.request(
           ^^^^^^^^^^^^^
  File "/Users/nripeshpradhan/Documents/Github/i-test-season/.venv/lib/python3.11/site-packages/httpx/_client.py", line 825, in request
    return self.send(request, auth=auth, follow_redirects=follow_redirects)
           ^^^^^^^^^^^^^^^^^^^^^^^^^^^^^^^^^^^^^^^^^^^^^^^^^^^^^^^^^^^^^^^^
  File "/Users/nripeshpradhan/Documents/Github/i-test-season/.venv/lib/python3.11/site-packages/httpx/_client.py", line 914, in send
    response = self._send_handling_auth(
               ^^^^^^^^^^^^^^^^^^^^^^^^^
  File "/Users/nripeshpradhan/Documents/Github/i-test-season/.venv/lib/python3.11/site-packages/httpx/_client.py", line 942, in _send_handling_auth
    response = self._send_handling_redirects(
               ^^^^^^^^^^^^^^^^^^^^^^^^^^^^^^
  File "/Users/nripeshpradhan/Documents/Github/i-test-season/.venv/lib/python3.11/site-packages/httpx/_client.py", line 979, in _send_handling_redirects
    response = self._send_single_request(request)
               ^^^^^^^^^^^^^^^^^^^^^^^^^^^^^^^^^^
  File "/Users/nripeshpradhan/Documents/Github/i-test-season/.venv/lib/python3.11/site-packages/httpx/_client.py", line 1014, in _send_single_request
    response = transport.handle_request(request)
               ^^^^^^^^^^^^^^^^^^^^^^^^^^^^^^^^^
  File "/Users/nripeshpradhan/Documents/Github/i-test-season/.venv/lib/python3.11/site-packages/httpx/_transports/default.py", line 249, in handle_request
    with map_httpcore_exceptions():
  File "/Users/nripeshpradhan/.local/share/uv/python/cpython-3.11.15-macos-aarch64-none/lib/python3.11/contextlib.py", line 158, in __exit__
    self.gen.throw(typ, value, traceback)
  File "/Users/nripeshpradhan/Documents/Github/i-test-season/.venv/lib/python3.11/site-packages/httpx/_transports/default.py", line 118, in map_httpcore_exceptions
    raise mapped_exc(message) from exc
httpx.ReadTimeout: The read operation timed out
2026-08-22 10:11:35,668 ERROR poll cycle failed; backing off
Traceback (most recent call last):
  File "/Users/nripeshpradhan/Documents/Github/i-test-season/.venv/lib/python3.11/site-packages/httpx/_transports/default.py", line 101, in map_httpcore_exceptions
    yield
  File "/Users/nripeshpradhan/Documents/Github/i-test-season/.venv/lib/python3.11/site-packages/httpx/_transports/default.py", line 250, in handle_request
    resp = self._pool.handle_request(req)
           ^^^^^^^^^^^^^^^^^^^^^^^^^^^^^^
  File "/Users/nripeshpradhan/Documents/Github/i-test-season/.venv/lib/python3.11/site-packages/httpcore/_sync/connection_pool.py", line 256, in handle_request
    raise exc from None
  File "/Users/nripeshpradhan/Documents/Github/i-test-season/.venv/lib/python3.11/site-packages/httpcore/_sync/connection_pool.py", line 236, in handle_request
    response = connection.handle_request(
               ^^^^^^^^^^^^^^^^^^^^^^^^^^
  File "/Users/nripeshpradhan/Documents/Github/i-test-season/.venv/lib/python3.11/site-packages/httpcore/_sync/connection.py", line 103, in handle_request
    return self._connection.handle_request(request)
           ^^^^^^^^^^^^^^^^^^^^^^^^^^^^^^^^^^^^^^^^
  File "/Users/nripeshpradhan/Documents/Github/i-test-season/.venv/lib/python3.11/site-packages/httpcore/_sync/http11.py", line 136, in handle_request
    raise exc
  File "/Users/nripeshpradhan/Documents/Github/i-test-season/.venv/lib/python3.11/site-packages/httpcore/_sync/http11.py", line 106, in handle_request
    ) = self._receive_response_headers(**kwargs)
        ^^^^^^^^^^^^^^^^^^^^^^^^^^^^^^^^^^^^^^^^
  File "/Users/nripeshpradhan/Documents/Github/i-test-season/.venv/lib/python3.11/site-packages/httpcore/_sync/http11.py", line 177, in _receive_response_headers
    event = self._receive_event(timeout=timeout)
            ^^^^^^^^^^^^^^^^^^^^^^^^^^^^^^^^^^^^
  File "/Users/nripeshpradhan/Documents/Github/i-test-season/.venv/lib/python3.11/site-packages/httpcore/_sync/http11.py", line 217, in _receive_event
    data = self._network_stream.read(
           ^^^^^^^^^^^^^^^^^^^^^^^^^^
  File "/Users/nripeshpradhan/Documents/Github/i-test-season/.venv/lib/python3.11/site-packages/httpcore/_backends/sync.py", line 126, in read
    with map_exceptions(exc_map):
  File "/Users/nripeshpradhan/.local/share/uv/python/cpython-3.11.15-macos-aarch64-none/lib/python3.11/contextlib.py", line 158, in __exit__
    self.gen.throw(typ, value, traceback)
  File "/Users/nripeshpradhan/Documents/Github/i-test-season/.venv/lib/python3.11/site-packages/httpcore/_exceptions.py", line 14, in map_exceptions
    raise to_exc(exc) from exc
httpcore.ReadTimeout: The read operation timed out

The above exception was the direct cause of the following exception:

Traceback (most recent call last):
  File "/Users/nripeshpradhan/Documents/Github/i-test-season/fpl_edge/interfaces/telegram.py", line 503, in run_forever
    self.poll_once(timeout=timeout)
  File "/Users/nripeshpradhan/Documents/Github/i-test-season/fpl_edge/interfaces/telegram.py", line 338, in poll_once
    body = self.transport.call(
           ^^^^^^^^^^^^^^^^^^^^
  File "/Users/nripeshpradhan/Documents/Github/i-test-season/fpl_edge/interfaces/telegram.py", line 102, in call
    resp = self._client.post(f"/{method}", json=payload, timeout=timeout)
           ^^^^^^^^^^^^^^^^^^^^^^^^^^^^^^^^^^^^^^^^^^^^^^^^^^^^^^^^^^^^^^
  File "/Users/nripeshpradhan/Documents/Github/i-test-season/.venv/lib/python3.11/site-packages/httpx/_client.py", line 1144, in post
    return self.request(
           ^^^^^^^^^^^^^
  File "/Users/nripeshpradhan/Documents/Github/i-test-season/.venv/lib/python3.11/site-packages/httpx/_client.py", line 825, in request
    return self.send(request, auth=auth, follow_redirects=follow_redirects)
           ^^^^^^^^^^^^^^^^^^^^^^^^^^^^^^^^^^^^^^^^^^^^^^^^^^^^^^^^^^^^^^^^
  File "/Users/nripeshpradhan/Documents/Github/i-test-season/.venv/lib/python3.11/site-packages/httpx/_client.py", line 914, in send
    response = self._send_handling_auth(
               ^^^^^^^^^^^^^^^^^^^^^^^^^
  File "/Users/nripeshpradhan/Documents/Github/i-test-season/.venv/lib/python3.11/site-packages/httpx/_client.py", line 942, in _send_handling_auth
    response = self._send_handling_redirects(
               ^^^^^^^^^^^^^^^^^^^^^^^^^^^^^^
  File "/Users/nripeshpradhan/Documents/Github/i-test-season/.venv/lib/python3.11/site-packages/httpx/_client.py", line 979, in _send_handling_redirects
    response = self._send_single_request(request)
               ^^^^^^^^^^^^^^^^^^^^^^^^^^^^^^^^^^
  File "/Users/nripeshpradhan/Documents/Github/i-test-season/.venv/lib/python3.11/site-packages/httpx/_client.py", line 1014, in _send_single_request
    response = transport.handle_request(request)
               ^^^^^^^^^^^^^^^^^^^^^^^^^^^^^^^^^
  File "/Users/nripeshpradhan/Documents/Github/i-test-season/.venv/lib/python3.11/site-packages/httpx/_transports/default.py", line 249, in handle_request
    with map_httpcore_exceptions():
  File "/Users/nripeshpradhan/.local/share/uv/python/cpython-3.11.15-macos-aarch64-none/lib/python3.11/contextlib.py", line 158, in __exit__
    self.gen.throw(typ, value, traceback)
  File "/Users/nripeshpradhan/Documents/Github/i-test-season/.venv/lib/python3.11/site-packages/httpx/_transports/default.py", line 118, in map_httpcore_exceptions
    raise mapped_exc(message) from exc
httpx.ReadTimeout: The read operation timed out
2026-08-22 10:22:03,718 ERROR poll cycle failed; backing off
Traceback (most recent call last):
  File "/Users/nripeshpradhan/Documents/Github/i-test-season/.venv/lib/python3.11/site-packages/httpx/_transports/default.py", line 101, in map_httpcore_exceptions
    yield
  File "/Users/nripeshpradhan/Documents/Github/i-test-season/.venv/lib/python3.11/site-packages/httpx/_transports/default.py", line 250, in handle_request
    resp = self._pool.handle_request(req)
           ^^^^^^^^^^^^^^^^^^^^^^^^^^^^^^
  File "/Users/nripeshpradhan/Documents/Github/i-test-season/.venv/lib/python3.11/site-packages/httpcore/_sync/connection_pool.py", line 256, in handle_request
    raise exc from None
  File "/Users/nripeshpradhan/Documents/Github/i-test-season/.venv/lib/python3.11/site-packages/httpcore/_sync/connection_pool.py", line 236, in handle_request
    response = connection.handle_request(
               ^^^^^^^^^^^^^^^^^^^^^^^^^^
  File "/Users/nripeshpradhan/Documents/Github/i-test-season/.venv/lib/python3.11/site-packages/httpcore/_sync/connection.py", line 103, in handle_request
    return self._connection.handle_request(request)
           ^^^^^^^^^^^^^^^^^^^^^^^^^^^^^^^^^^^^^^^^
  File "/Users/nripeshpradhan/Documents/Github/i-test-season/.venv/lib/python3.11/site-packages/httpcore/_sync/http11.py", line 136, in handle_request
    raise exc
  File "/Users/nripeshpradhan/Documents/Github/i-test-season/.venv/lib/python3.11/site-packages/httpcore/_sync/http11.py", line 106, in handle_request
    ) = self._receive_response_headers(**kwargs)
        ^^^^^^^^^^^^^^^^^^^^^^^^^^^^^^^^^^^^^^^^
  File "/Users/nripeshpradhan/Documents/Github/i-test-season/.venv/lib/python3.11/site-packages/httpcore/_sync/http11.py", line 177, in _receive_response_headers
    event = self._receive_event(timeout=timeout)
            ^^^^^^^^^^^^^^^^^^^^^^^^^^^^^^^^^^^^
  File "/Users/nripeshpradhan/Documents/Github/i-test-season/.venv/lib/python3.11/site-packages/httpcore/_sync/http11.py", line 217, in _receive_event
    data = self._network_stream.read(
           ^^^^^^^^^^^^^^^^^^^^^^^^^^
  File "/Users/nripeshpradhan/Documents/Github/i-test-season/.venv/lib/python3.11/site-packages/httpcore/_backends/sync.py", line 126, in read
    with map_exceptions(exc_map):
  File "/Users/nripeshpradhan/.local/share/uv/python/cpython-3.11.15-macos-aarch64-none/lib/python3.11/contextlib.py", line 158, in __exit__
    self.gen.throw(typ, value, traceback)
  File "/Users/nripeshpradhan/Documents/Github/i-test-season/.venv/lib/python3.11/site-packages/httpcore/_exceptions.py", line 14, in map_exceptions
    raise to_exc(exc) from exc
httpcore.ReadTimeout: The read operation timed out

The above exception was the direct cause of the following exception:

Traceback (most recent call last):
  File "/Users/nripeshpradhan/Documents/Github/i-test-season/fpl_edge/interfaces/telegram.py", line 503, in run_forever
    self.poll_once(timeout=timeout)
  File "/Users/nripeshpradhan/Documents/Github/i-test-season/fpl_edge/interfaces/telegram.py", line 338, in poll_once
    body = self.transport.call(
           ^^^^^^^^^^^^^^^^^^^^
  File "/Users/nripeshpradhan/Documents/Github/i-test-season/fpl_edge/interfaces/telegram.py", line 102, in call
    resp = self._client.post(f"/{method}", json=payload, timeout=timeout)
           ^^^^^^^^^^^^^^^^^^^^^^^^^^^^^^^^^^^^^^^^^^^^^^^^^^^^^^^^^^^^^^
  File "/Users/nripeshpradhan/Documents/Github/i-test-season/.venv/lib/python3.11/site-packages/httpx/_client.py", line 1144, in post
    return self.request(
           ^^^^^^^^^^^^^
  File "/Users/nripeshpradhan/Documents/Github/i-test-season/.venv/lib/python3.11/site-packages/httpx/_client.py", line 825, in request
    return self.send(request, auth=auth, follow_redirects=follow_redirects)
           ^^^^^^^^^^^^^^^^^^^^^^^^^^^^^^^^^^^^^^^^^^^^^^^^^^^^^^^^^^^^^^^^
  File "/Users/nripeshpradhan/Documents/Github/i-test-season/.venv/lib/python3.11/site-packages/httpx/_client.py", line 914, in send
    response = self._send_handling_auth(
               ^^^^^^^^^^^^^^^^^^^^^^^^^
  File "/Users/nripeshpradhan/Documents/Github/i-test-season/.venv/lib/python3.11/site-packages/httpx/_client.py", line 942, in _send_handling_auth
    response = self._send_handling_redirects(
               ^^^^^^^^^^^^^^^^^^^^^^^^^^^^^^
  File "/Users/nripeshpradhan/Documents/Github/i-test-season/.venv/lib/python3.11/site-packages/httpx/_client.py", line 979, in _send_handling_redirects
    response = self._send_single_request(request)
               ^^^^^^^^^^^^^^^^^^^^^^^^^^^^^^^^^^
  File "/Users/nripeshpradhan/Documents/Github/i-test-season/.venv/lib/python3.11/site-packages/httpx/_client.py", line 1014, in _send_single_request
    response = transport.handle_request(request)
               ^^^^^^^^^^^^^^^^^^^^^^^^^^^^^^^^^
  File "/Users/nripeshpradhan/Documents/Github/i-test-season/.venv/lib/python3.11/site-packages/httpx/_transports/default.py", line 249, in handle_request
    with map_httpcore_exceptions():
  File "/Users/nripeshpradhan/.local/share/uv/python/cpython-3.11.15-macos-aarch64-none/lib/python3.11/contextlib.py", line 158, in __exit__
    self.gen.throw(typ, value, traceback)
  File "/Users/nripeshpradhan/Documents/Github/i-test-season/.venv/lib/python3.11/site-packages/httpx/_transports/default.py", line 118, in map_httpcore_exceptions
    raise mapped_exc(message) from exc
httpx.ReadTimeout: The read operation timed out
2026-08-22 10:26:39,451 ERROR poll cycle failed; backing off
Traceback (most recent call last):
  File "/Users/nripeshpradhan/Documents/Github/i-test-season/.venv/lib/python3.11/site-packages/httpx/_transports/default.py", line 101, in map_httpcore_exceptions
    yield
  File "/Users/nripeshpradhan/Documents/Github/i-test-season/.venv/lib/python3.11/site-packages/httpx/_transports/default.py", line 250, in handle_request
    resp = self._pool.handle_request(req)
           ^^^^^^^^^^^^^^^^^^^^^^^^^^^^^^
  File "/Users/nripeshpradhan/Documents/Github/i-test-season/.venv/lib/python3.11/site-packages/httpcore/_sync/connection_pool.py", line 256, in handle_request
    raise exc from None
  File "/Users/nripeshpradhan/Documents/Github/i-test-season/.venv/lib/python3.11/site-packages/httpcore/_sync/connection_pool.py", line 236, in handle_request
    response = connection.handle_request(
               ^^^^^^^^^^^^^^^^^^^^^^^^^^
  File "/Users/nripeshpradhan/Documents/Github/i-test-season/.venv/lib/python3.11/site-packages/httpcore/_sync/connection.py", line 103, in handle_request
    return self._connection.handle_request(request)
           ^^^^^^^^^^^^^^^^^^^^^^^^^^^^^^^^^^^^^^^^
  File "/Users/nripeshpradhan/Documents/Github/i-test-season/.venv/lib/python3.11/site-packages/httpcore/_sync/http11.py", line 136, in handle_request
    raise exc
  File "/Users/nripeshpradhan/Documents/Github/i-test-season/.venv/lib/python3.11/site-packages/httpcore/_sync/http11.py", line 106, in handle_request
    ) = self._receive_response_headers(**kwargs)
        ^^^^^^^^^^^^^^^^^^^^^^^^^^^^^^^^^^^^^^^^
  File "/Users/nripeshpradhan/Documents/Github/i-test-season/.venv/lib/python3.11/site-packages/httpcore/_sync/http11.py", line 177, in _receive_response_headers
    event = self._receive_event(timeout=timeout)
            ^^^^^^^^^^^^^^^^^^^^^^^^^^^^^^^^^^^^
  File "/Users/nripeshpradhan/Documents/Github/i-test-season/.venv/lib/python3.11/site-packages/httpcore/_sync/http11.py", line 217, in _receive_event
    data = self._network_stream.read(
           ^^^^^^^^^^^^^^^^^^^^^^^^^^
  File "/Users/nripeshpradhan/Documents/Github/i-test-season/.venv/lib/python3.11/site-packages/httpcore/_backends/sync.py", line 126, in read
    with map_exceptions(exc_map):
  File "/Users/nripeshpradhan/.local/share/uv/python/cpython-3.11.15-macos-aarch64-none/lib/python3.11/contextlib.py", line 158, in __exit__
    self.gen.throw(typ, value, traceback)
  File "/Users/nripeshpradhan/Documents/Github/i-test-season/.venv/lib/python3.11/site-packages/httpcore/_exceptions.py", line 14, in map_exceptions
    raise to_exc(exc) from exc
httpcore.ReadTimeout: The read operation timed out

The above exception was the direct cause of the following exception:

Traceback (most recent call last):
  File "/Users/nripeshpradhan/Documents/Github/i-test-season/fpl_edge/interfaces/telegram.py", line 503, in run_forever
    self.poll_once(timeout=timeout)
  File "/Users/nripeshpradhan/Documents/Github/i-test-season/fpl_edge/interfaces/telegram.py", line 338, in poll_once
    body = self.transport.call(
           ^^^^^^^^^^^^^^^^^^^^
  File "/Users/nripeshpradhan/Documents/Github/i-test-season/fpl_edge/interfaces/telegram.py", line 102, in call
    resp = self._client.post(f"/{method}", json=payload, timeout=timeout)
           ^^^^^^^^^^^^^^^^^^^^^^^^^^^^^^^^^^^^^^^^^^^^^^^^^^^^^^^^^^^^^^
  File "/Users/nripeshpradhan/Documents/Github/i-test-season/.venv/lib/python3.11/site-packages/httpx/_client.py", line 1144, in post
    return self.request(
           ^^^^^^^^^^^^^
  File "/Users/nripeshpradhan/Documents/Github/i-test-season/.venv/lib/python3.11/site-packages/httpx/_client.py", line 825, in request
    return self.send(request, auth=auth, follow_redirects=follow_redirects)
           ^^^^^^^^^^^^^^^^^^^^^^^^^^^^^^^^^^^^^^^^^^^^^^^^^^^^^^^^^^^^^^^^
  File "/Users/nripeshpradhan/Documents/Github/i-test-season/.venv/lib/python3.11/site-packages/httpx/_client.py", line 914, in send
    response = self._send_handling_auth(
               ^^^^^^^^^^^^^^^^^^^^^^^^^
  File "/Users/nripeshpradhan/Documents/Github/i-test-season/.venv/lib/python3.11/site-packages/httpx/_client.py", line 942, in _send_handling_auth
    response = self._send_handling_redirects(
               ^^^^^^^^^^^^^^^^^^^^^^^^^^^^^^
  File "/Users/nripeshpradhan/Documents/Github/i-test-season/.venv/lib/python3.11/site-packages/httpx/_client.py", line 979, in _send_handling_redirects
    response = self._send_single_request(request)
               ^^^^^^^^^^^^^^^^^^^^^^^^^^^^^^^^^^
  File "/Users/nripeshpradhan/Documents/Github/i-test-season/.venv/lib/python3.11/site-packages/httpx/_client.py", line 1014, in _send_single_request
    response = transport.handle_request(request)
               ^^^^^^^^^^^^^^^^^^^^^^^^^^^^^^^^^
  File "/Users/nripeshpradhan/Documents/Github/i-test-season/.venv/lib/python3.11/site-packages/httpx/_transports/default.py", line 249, in handle_request
    with map_httpcore_exceptions():
  File "/Users/nripeshpradhan/.local/share/uv/python/cpython-3.11.15-macos-aarch64-none/lib/python3.11/contextlib.py", line 158, in __exit__
    self.gen.throw(typ, value, traceback)
  File "/Users/nripeshpradhan/Documents/Github/i-test-season/.venv/lib/python3.11/site-packages/httpx/_transports/default.py", line 118, in map_httpcore_exceptions
    raise mapped_exc(message) from exc
httpx.ReadTimeout: The read operation timed out
2026-08-22 10:35:48,264 ERROR poll cycle failed; backing off
Traceback (most recent call last):
  File "/Users/nripeshpradhan/Documents/Github/i-test-season/.venv/lib/python3.11/site-packages/httpx/_transports/default.py", line 101, in map_httpcore_exceptions
    yield
  File "/Users/nripeshpradhan/Documents/Github/i-test-season/.venv/lib/python3.11/site-packages/httpx/_transports/default.py", line 250, in handle_request
    resp = self._pool.handle_request(req)
           ^^^^^^^^^^^^^^^^^^^^^^^^^^^^^^
  File "/Users/nripeshpradhan/Documents/Github/i-test-season/.venv/lib/python3.11/site-packages/httpcore/_sync/connection_pool.py", line 256, in handle_request
    raise exc from None
  File "/Users/nripeshpradhan/Documents/Github/i-test-season/.venv/lib/python3.11/site-packages/httpcore/_sync/connection_pool.py", line 236, in handle_request
    response = connection.handle_request(
               ^^^^^^^^^^^^^^^^^^^^^^^^^^
  File "/Users/nripeshpradhan/Documents/Github/i-test-season/.venv/lib/python3.11/site-packages/httpcore/_sync/connection.py", line 103, in handle_request
    return self._connection.handle_request(request)
           ^^^^^^^^^^^^^^^^^^^^^^^^^^^^^^^^^^^^^^^^
  File "/Users/nripeshpradhan/Documents/Github/i-test-season/.venv/lib/python3.11/site-packages/httpcore/_sync/http11.py", line 136, in handle_request
    raise exc
  File "/Users/nripeshpradhan/Documents/Github/i-test-season/.venv/lib/python3.11/site-packages/httpcore/_sync/http11.py", line 106, in handle_request
    ) = self._receive_response_headers(**kwargs)
        ^^^^^^^^^^^^^^^^^^^^^^^^^^^^^^^^^^^^^^^^
  File "/Users/nripeshpradhan/Documents/Github/i-test-season/.venv/lib/python3.11/site-packages/httpcore/_sync/http11.py", line 177, in _receive_response_headers
    event = self._receive_event(timeout=timeout)
            ^^^^^^^^^^^^^^^^^^^^^^^^^^^^^^^^^^^^
  File "/Users/nripeshpradhan/Documents/Github/i-test-season/.venv/lib/python3.11/site-packages/httpcore/_sync/http11.py", line 217, in _receive_event
    data = self._network_stream.read(
           ^^^^^^^^^^^^^^^^^^^^^^^^^^
  File "/Users/nripeshpradhan/Documents/Github/i-test-season/.venv/lib/python3.11/site-packages/httpcore/_backends/sync.py", line 126, in read
    with map_exceptions(exc_map):
  File "/Users/nripeshpradhan/.local/share/uv/python/cpython-3.11.15-macos-aarch64-none/lib/python3.11/contextlib.py", line 158, in __exit__
    self.gen.throw(typ, value, traceback)
  File "/Users/nripeshpradhan/Documents/Github/i-test-season/.venv/lib/python3.11/site-packages/httpcore/_exceptions.py", line 14, in map_exceptions
    raise to_exc(exc) from exc
httpcore.ReadTimeout: The read operation timed out

The above exception was the direct cause of the following exception:

Traceback (most recent call last):
  File "/Users/nripeshpradhan/Documents/Github/i-test-season/fpl_edge/interfaces/telegram.py", line 503, in run_forever
    self.poll_once(timeout=timeout)
  File "/Users/nripeshpradhan/Documents/Github/i-test-season/fpl_edge/interfaces/telegram.py", line 338, in poll_once
    body = self.transport.call(
           ^^^^^^^^^^^^^^^^^^^^
  File "/Users/nripeshpradhan/Documents/Github/i-test-season/fpl_edge/interfaces/telegram.py", line 102, in call
    resp = self._client.post(f"/{method}", json=payload, timeout=timeout)
           ^^^^^^^^^^^^^^^^^^^^^^^^^^^^^^^^^^^^^^^^^^^^^^^^^^^^^^^^^^^^^^
  File "/Users/nripeshpradhan/Documents/Github/i-test-season/.venv/lib/python3.11/site-packages/httpx/_client.py", line 1144, in post
    return self.request(
           ^^^^^^^^^^^^^
  File "/Users/nripeshpradhan/Documents/Github/i-test-season/.venv/lib/python3.11/site-packages/httpx/_client.py", line 825, in request
    return self.send(request, auth=auth, follow_redirects=follow_redirects)
           ^^^^^^^^^^^^^^^^^^^^^^^^^^^^^^^^^^^^^^^^^^^^^^^^^^^^^^^^^^^^^^^^
  File "/Users/nripeshpradhan/Documents/Github/i-test-season/.venv/lib/python3.11/site-packages/httpx/_client.py", line 914, in send
    response = self._send_handling_auth(
               ^^^^^^^^^^^^^^^^^^^^^^^^^
  File "/Users/nripeshpradhan/Documents/Github/i-test-season/.venv/lib/python3.11/site-packages/httpx/_client.py", line 942, in _send_handling_auth
    response = self._send_handling_redirects(
               ^^^^^^^^^^^^^^^^^^^^^^^^^^^^^^
  File "/Users/nripeshpradhan/Documents/Github/i-test-season/.venv/lib/python3.11/site-packages/httpx/_client.py", line 979, in _send_handling_redirects
    response = self._send_single_request(request)
               ^^^^^^^^^^^^^^^^^^^^^^^^^^^^^^^^^^
  File "/Users/nripeshpradhan/Documents/Github/i-test-season/.venv/lib/python3.11/site-packages/httpx/_client.py", line 1014, in _send_single_request
    response = transport.handle_request(request)
               ^^^^^^^^^^^^^^^^^^^^^^^^^^^^^^^^^
  File "/Users/nripeshpradhan/Documents/Github/i-test-season/.venv/lib/python3.11/site-packages/httpx/_transports/default.py", line 249, in handle_request
    with map_httpcore_exceptions():
  File "/Users/nripeshpradhan/.local/share/uv/python/cpython-3.11.15-macos-aarch64-none/lib/python3.11/contextlib.py", line 158, in __exit__
    self.gen.throw(typ, value, traceback)
  File "/Users/nripeshpradhan/Documents/Github/i-test-season/.venv/lib/python3.11/site-packages/httpx/_transports/default.py", line 118, in map_httpcore_exceptions
    raise mapped_exc(message) from exc
httpx.ReadTimeout: The read operation timed out
2026-08-22 10:41:29,848 ERROR poll cycle failed; backing off
Traceback (most recent call last):
  File "/Users/nripeshpradhan/Documents/Github/i-test-season/.venv/lib/python3.11/site-packages/httpx/_transports/default.py", line 101, in map_httpcore_exceptions
    yield
  File "/Users/nripeshpradhan/Documents/Github/i-test-season/.venv/lib/python3.11/site-packages/httpx/_transports/default.py", line 250, in handle_request
    resp = self._pool.handle_request(req)
           ^^^^^^^^^^^^^^^^^^^^^^^^^^^^^^
  File "/Users/nripeshpradhan/Documents/Github/i-test-season/.venv/lib/python3.11/site-packages/httpcore/_sync/connection_pool.py", line 256, in handle_request
    raise exc from None
  File "/Users/nripeshpradhan/Documents/Github/i-test-season/.venv/lib/python3.11/site-packages/httpcore/_sync/connection_pool.py", line 236, in handle_request
    response = connection.handle_request(
               ^^^^^^^^^^^^^^^^^^^^^^^^^^
  File "/Users/nripeshpradhan/Documents/Github/i-test-season/.venv/lib/python3.11/site-packages/httpcore/_sync/connection.py", line 103, in handle_request
    return self._connection.handle_request(request)
           ^^^^^^^^^^^^^^^^^^^^^^^^^^^^^^^^^^^^^^^^
  File "/Users/nripeshpradhan/Documents/Github/i-test-season/.venv/lib/python3.11/site-packages/httpcore/_sync/http11.py", line 136, in handle_request
    raise exc
  File "/Users/nripeshpradhan/Documents/Github/i-test-season/.venv/lib/python3.11/site-packages/httpcore/_sync/http11.py", line 106, in handle_request
    ) = self._receive_response_headers(**kwargs)
        ^^^^^^^^^^^^^^^^^^^^^^^^^^^^^^^^^^^^^^^^
  File "/Users/nripeshpradhan/Documents/Github/i-test-season/.venv/lib/python3.11/site-packages/httpcore/_sync/http11.py", line 177, in _receive_response_headers
    event = self._receive_event(timeout=timeout)
            ^^^^^^^^^^^^^^^^^^^^^^^^^^^^^^^^^^^^
  File "/Users/nripeshpradhan/Documents/Github/i-test-season/.venv/lib/python3.11/site-packages/httpcore/_sync/http11.py", line 217, in _receive_event
    data = self._network_stream.read(
           ^^^^^^^^^^^^^^^^^^^^^^^^^^
  File "/Users/nripeshpradhan/Documents/Github/i-test-season/.venv/lib/python3.11/site-packages/httpcore/_backends/sync.py", line 126, in read
    with map_exceptions(exc_map):
  File "/Users/nripeshpradhan/.local/share/uv/python/cpython-3.11.15-macos-aarch64-none/lib/python3.11/contextlib.py", line 158, in __exit__
    self.gen.throw(typ, value, traceback)
  File "/Users/nripeshpradhan/Documents/Github/i-test-season/.venv/lib/python3.11/site-packages/httpcore/_exceptions.py", line 14, in map_exceptions
    raise to_exc(exc) from exc
httpcore.ReadTimeout: The read operation timed out

The above exception was the direct cause of the following exception:

Traceback (most recent call last):
  File "/Users/nripeshpradhan/Documents/Github/i-test-season/fpl_edge/interfaces/telegram.py", line 503, in run_forever
    self.poll_once(timeout=timeout)
  File "/Users/nripeshpradhan/Documents/Github/i-test-season/fpl_edge/interfaces/telegram.py", line 338, in poll_once
    body = self.transport.call(
           ^^^^^^^^^^^^^^^^^^^^
  File "/Users/nripeshpradhan/Documents/Github/i-test-season/fpl_edge/interfaces/telegram.py", line 102, in call
    resp = self._client.post(f"/{method}", json=payload, timeout=timeout)
           ^^^^^^^^^^^^^^^^^^^^^^^^^^^^^^^^^^^^^^^^^^^^^^^^^^^^^^^^^^^^^^
  File "/Users/nripeshpradhan/Documents/Github/i-test-season/.venv/lib/python3.11/site-packages/httpx/_client.py", line 1144, in post
    return self.request(
           ^^^^^^^^^^^^^
  File "/Users/nripeshpradhan/Documents/Github/i-test-season/.venv/lib/python3.11/site-packages/httpx/_client.py", line 825, in request
    return self.send(request, auth=auth, follow_redirects=follow_redirects)
           ^^^^^^^^^^^^^^^^^^^^^^^^^^^^^^^^^^^^^^^^^^^^^^^^^^^^^^^^^^^^^^^^
  File "/Users/nripeshpradhan/Documents/Github/i-test-season/.venv/lib/python3.11/site-packages/httpx/_client.py", line 914, in send
    response = self._send_handling_auth(
               ^^^^^^^^^^^^^^^^^^^^^^^^^
  File "/Users/nripeshpradhan/Documents/Github/i-test-season/.venv/lib/python3.11/site-packages/httpx/_client.py", line 942, in _send_handling_auth
    response = self._send_handling_redirects(
               ^^^^^^^^^^^^^^^^^^^^^^^^^^^^^^
  File "/Users/nripeshpradhan/Documents/Github/i-test-season/.venv/lib/python3.11/site-packages/httpx/_client.py", line 979, in _send_handling_redirects
    response = self._send_single_request(request)
               ^^^^^^^^^^^^^^^^^^^^^^^^^^^^^^^^^^
  File "/Users/nripeshpradhan/Documents/Github/i-test-season/.venv/lib/python3.11/site-packages/httpx/_client.py", line 1014, in _send_single_request
    response = transport.handle_request(request)
               ^^^^^^^^^^^^^^^^^^^^^^^^^^^^^^^^^
  File "/Users/nripeshpradhan/Documents/Github/i-test-season/.venv/lib/python3.11/site-packages/httpx/_transports/default.py", line 249, in handle_request
    with map_httpcore_exceptions():
  File "/Users/nripeshpradhan/.local/share/uv/python/cpython-3.11.15-macos-aarch64-none/lib/python3.11/contextlib.py", line 158, in __exit__
    self.gen.throw(typ, value, traceback)
  File "/Users/nripeshpradhan/Documents/Github/i-test-season/.venv/lib/python3.11/site-packages/httpx/_transports/default.py", line 118, in map_httpcore_exceptions
    raise mapped_exc(message) from exc
httpx.ReadTimeout: The read operation timed out
2026-08-22 10:55:24,813 ERROR poll cycle failed; backing off
Traceback (most recent call last):
  File "/Users/nripeshpradhan/Documents/Github/i-test-season/.venv/lib/python3.11/site-packages/httpx/_transports/default.py", line 101, in map_httpcore_exceptions
    yield
  File "/Users/nripeshpradhan/Documents/Github/i-test-season/.venv/lib/python3.11/site-packages/httpx/_transports/default.py", line 250, in handle_request
    resp = self._pool.handle_request(req)
           ^^^^^^^^^^^^^^^^^^^^^^^^^^^^^^
  File "/Users/nripeshpradhan/Documents/Github/i-test-season/.venv/lib/python3.11/site-packages/httpcore/_sync/connection_pool.py", line 256, in handle_request
    raise exc from None
  File "/Users/nripeshpradhan/Documents/Github/i-test-season/.venv/lib/python3.11/site-packages/httpcore/_sync/connection_pool.py", line 236, in handle_request
    response = connection.handle_request(
               ^^^^^^^^^^^^^^^^^^^^^^^^^^
  File "/Users/nripeshpradhan/Documents/Github/i-test-season/.venv/lib/python3.11/site-packages/httpcore/_sync/connection.py", line 103, in handle_request
    return self._connection.handle_request(request)
           ^^^^^^^^^^^^^^^^^^^^^^^^^^^^^^^^^^^^^^^^
  File "/Users/nripeshpradhan/Documents/Github/i-test-season/.venv/lib/python3.11/site-packages/httpcore/_sync/http11.py", line 136, in handle_request
    raise exc
  File "/Users/nripeshpradhan/Documents/Github/i-test-season/.venv/lib/python3.11/site-packages/httpcore/_sync/http11.py", line 106, in handle_request
    ) = self._receive_response_headers(**kwargs)
        ^^^^^^^^^^^^^^^^^^^^^^^^^^^^^^^^^^^^^^^^
  File "/Users/nripeshpradhan/Documents/Github/i-test-season/.venv/lib/python3.11/site-packages/httpcore/_sync/http11.py", line 177, in _receive_response_headers
    event = self._receive_event(timeout=timeout)
            ^^^^^^^^^^^^^^^^^^^^^^^^^^^^^^^^^^^^
  File "/Users/nripeshpradhan/Documents/Github/i-test-season/.venv/lib/python3.11/site-packages/httpcore/_sync/http11.py", line 217, in _receive_event
    data = self._network_stream.read(
           ^^^^^^^^^^^^^^^^^^^^^^^^^^
  File "/Users/nripeshpradhan/Documents/Github/i-test-season/.venv/lib/python3.11/site-packages/httpcore/_backends/sync.py", line 126, in read
    with map_exceptions(exc_map):
  File "/Users/nripeshpradhan/.local/share/uv/python/cpython-3.11.15-macos-aarch64-none/lib/python3.11/contextlib.py", line 158, in __exit__
    self.gen.throw(typ, value, traceback)
  File "/Users/nripeshpradhan/Documents/Github/i-test-season/.venv/lib/python3.11/site-packages/httpcore/_exceptions.py", line 14, in map_exceptions
    raise to_exc(exc) from exc
httpcore.ReadTimeout: The read operation timed out

The above exception was the direct cause of the following exception:

Traceback (most recent call last):
  File "/Users/nripeshpradhan/Documents/Github/i-test-season/fpl_edge/interfaces/telegram.py", line 503, in run_forever
    self.poll_once(timeout=timeout)
  File "/Users/nripeshpradhan/Documents/Github/i-test-season/fpl_edge/interfaces/telegram.py", line 338, in poll_once
    body = self.transport.call(
           ^^^^^^^^^^^^^^^^^^^^
  File "/Users/nripeshpradhan/Documents/Github/i-test-season/fpl_edge/interfaces/telegram.py", line 102, in call
    resp = self._client.post(f"/{method}", json=payload, timeout=timeout)
           ^^^^^^^^^^^^^^^^^^^^^^^^^^^^^^^^^^^^^^^^^^^^^^^^^^^^^^^^^^^^^^
  File "/Users/nripeshpradhan/Documents/Github/i-test-season/.venv/lib/python3.11/site-packages/httpx/_client.py", line 1144, in post
    return self.request(
           ^^^^^^^^^^^^^
  File "/Users/nripeshpradhan/Documents/Github/i-test-season/.venv/lib/python3.11/site-packages/httpx/_client.py", line 825, in request
    return self.send(request, auth=auth, follow_redirects=follow_redirects)
           ^^^^^^^^^^^^^^^^^^^^^^^^^^^^^^^^^^^^^^^^^^^^^^^^^^^^^^^^^^^^^^^^
  File "/Users/nripeshpradhan/Documents/Github/i-test-season/.venv/lib/python3.11/site-packages/httpx/_client.py", line 914, in send
    response = self._send_handling_auth(
               ^^^^^^^^^^^^^^^^^^^^^^^^^
  File "/Users/nripeshpradhan/Documents/Github/i-test-season/.venv/lib/python3.11/site-packages/httpx/_client.py", line 942, in _send_handling_auth
    response = self._send_handling_redirects(
               ^^^^^^^^^^^^^^^^^^^^^^^^^^^^^^
  File "/Users/nripeshpradhan/Documents/Github/i-test-season/.venv/lib/python3.11/site-packages/httpx/_client.py", line 979, in _send_handling_redirects
    response = self._send_single_request(request)
               ^^^^^^^^^^^^^^^^^^^^^^^^^^^^^^^^^^
  File "/Users/nripeshpradhan/Documents/Github/i-test-season/.venv/lib/python3.11/site-packages/httpx/_client.py", line 1014, in _send_single_request
    response = transport.handle_request(request)
               ^^^^^^^^^^^^^^^^^^^^^^^^^^^^^^^^^
  File "/Users/nripeshpradhan/Documents/Github/i-test-season/.venv/lib/python3.11/site-packages/httpx/_transports/default.py", line 249, in handle_request
    with map_httpcore_exceptions():
  File "/Users/nripeshpradhan/.local/share/uv/python/cpython-3.11.15-macos-aarch64-none/lib/python3.11/contextlib.py", line 158, in __exit__
    self.gen.throw(typ, value, traceback)
  File "/Users/nripeshpradhan/Documents/Github/i-test-season/.venv/lib/python3.11/site-packages/httpx/_transports/default.py", line 118, in map_httpcore_exceptions
    raise mapped_exc(message) from exc
httpx.ReadTimeout: The read operation timed out
2026-08-22 11:41:02,230 ERROR poll cycle failed; backing off
Traceback (most recent call last):
  File "/Users/nripeshpradhan/Documents/Github/i-test-season/.venv/lib/python3.11/site-packages/httpx/_transports/default.py", line 101, in map_httpcore_exceptions
    yield
  File "/Users/nripeshpradhan/Documents/Github/i-test-season/.venv/lib/python3.11/site-packages/httpx/_transports/default.py", line 250, in handle_request
    resp = self._pool.handle_request(req)
           ^^^^^^^^^^^^^^^^^^^^^^^^^^^^^^
  File "/Users/nripeshpradhan/Documents/Github/i-test-season/.venv/lib/python3.11/site-packages/httpcore/_sync/connection_pool.py", line 256, in handle_request
    raise exc from None
  File "/Users/nripeshpradhan/Documents/Github/i-test-season/.venv/lib/python3.11/site-packages/httpcore/_sync/connection_pool.py", line 236, in handle_request
    response = connection.handle_request(
               ^^^^^^^^^^^^^^^^^^^^^^^^^^
  File "/Users/nripeshpradhan/Documents/Github/i-test-season/.venv/lib/python3.11/site-packages/httpcore/_sync/connection.py", line 103, in handle_request
    return self._connection.handle_request(request)
           ^^^^^^^^^^^^^^^^^^^^^^^^^^^^^^^^^^^^^^^^
  File "/Users/nripeshpradhan/Documents/Github/i-test-season/.venv/lib/python3.11/site-packages/httpcore/_sync/http11.py", line 136, in handle_request
    raise exc
  File "/Users/nripeshpradhan/Documents/Github/i-test-season/.venv/lib/python3.11/site-packages/httpcore/_sync/http11.py", line 106, in handle_request
    ) = self._receive_response_headers(**kwargs)
        ^^^^^^^^^^^^^^^^^^^^^^^^^^^^^^^^^^^^^^^^
  File "/Users/nripeshpradhan/Documents/Github/i-test-season/.venv/lib/python3.11/site-packages/httpcore/_sync/http11.py", line 177, in _receive_response_headers
    event = self._receive_event(timeout=timeout)
            ^^^^^^^^^^^^^^^^^^^^^^^^^^^^^^^^^^^^
  File "/Users/nripeshpradhan/Documents/Github/i-test-season/.venv/lib/python3.11/site-packages/httpcore/_sync/http11.py", line 217, in _receive_event
    data = self._network_stream.read(
           ^^^^^^^^^^^^^^^^^^^^^^^^^^
  File "/Users/nripeshpradhan/Documents/Github/i-test-season/.venv/lib/python3.11/site-packages/httpcore/_backends/sync.py", line 126, in read
    with map_exceptions(exc_map):
  File "/Users/nripeshpradhan/.local/share/uv/python/cpython-3.11.15-macos-aarch64-none/lib/python3.11/contextlib.py", line 158, in __exit__
    self.gen.throw(typ, value, traceback)
  File "/Users/nripeshpradhan/Documents/Github/i-test-season/.venv/lib/python3.11/site-packages/httpcore/_exceptions.py", line 14, in map_exceptions
    raise to_exc(exc) from exc
httpcore.ReadTimeout: The read operation timed out

The above exception was the direct cause of the following exception:

Traceback (most recent call last):
  File "/Users/nripeshpradhan/Documents/Github/i-test-season/fpl_edge/interfaces/telegram.py", line 503, in run_forever
    self.poll_once(timeout=timeout)
  File "/Users/nripeshpradhan/Documents/Github/i-test-season/fpl_edge/interfaces/telegram.py", line 338, in poll_once
    body = self.transport.call(
           ^^^^^^^^^^^^^^^^^^^^
  File "/Users/nripeshpradhan/Documents/Github/i-test-season/fpl_edge/interfaces/telegram.py", line 102, in call
    resp = self._client.post(f"/{method}", json=payload, timeout=timeout)
           ^^^^^^^^^^^^^^^^^^^^^^^^^^^^^^^^^^^^^^^^^^^^^^^^^^^^^^^^^^^^^^
  File "/Users/nripeshpradhan/Documents/Github/i-test-season/.venv/lib/python3.11/site-packages/httpx/_client.py", line 1144, in post
    return self.request(
           ^^^^^^^^^^^^^
  File "/Users/nripeshpradhan/Documents/Github/i-test-season/.venv/lib/python3.11/site-packages/httpx/_client.py", line 825, in request
    return self.send(request, auth=auth, follow_redirects=follow_redirects)
           ^^^^^^^^^^^^^^^^^^^^^^^^^^^^^^^^^^^^^^^^^^^^^^^^^^^^^^^^^^^^^^^^
  File "/Users/nripeshpradhan/Documents/Github/i-test-season/.venv/lib/python3.11/site-packages/httpx/_client.py", line 914, in send
    response = self._send_handling_auth(
               ^^^^^^^^^^^^^^^^^^^^^^^^^
  File "/Users/nripeshpradhan/Documents/Github/i-test-season/.venv/lib/python3.11/site-packages/httpx/_client.py", line 942, in _send_handling_auth
    response = self._send_handling_redirects(
               ^^^^^^^^^^^^^^^^^^^^^^^^^^^^^^
  File "/Users/nripeshpradhan/Documents/Github/i-test-season/.venv/lib/python3.11/site-packages/httpx/_client.py", line 979, in _send_handling_redirects
    response = self._send_single_request(request)
               ^^^^^^^^^^^^^^^^^^^^^^^^^^^^^^^^^^
  File "/Users/nripeshpradhan/Documents/Github/i-test-season/.venv/lib/python3.11/site-packages/httpx/_client.py", line 1014, in _send_single_request
    response = transport.handle_request(request)
               ^^^^^^^^^^^^^^^^^^^^^^^^^^^^^^^^^
  File "/Users/nripeshpradhan/Documents/Github/i-test-season/.venv/lib/python3.11/site-packages/httpx/_transports/default.py", line 249, in handle_request
    with map_httpcore_exceptions():
  File "/Users/nripeshpradhan/.local/share/uv/python/cpython-3.11.15-macos-aarch64-none/lib/python3.11/contextlib.py", line 158, in __exit__
    self.gen.throw(typ, value, traceback)
  File "/Users/nripeshpradhan/Documents/Github/i-test-season/.venv/lib/python3.11/site-packages/httpx/_transports/default.py", line 118, in map_httpcore_exceptions
    raise mapped_exc(message) from exc
httpx.ReadTimeout: The read operation timed out
2026-08-22 12:07:21,106 ERROR poll cycle failed; backing off
Traceback (most recent call last):
  File "/Users/nripeshpradhan/Documents/Github/i-test-season/.venv/lib/python3.11/site-packages/httpx/_transports/default.py", line 101, in map_httpcore_exceptions
    yield
  File "/Users/nripeshpradhan/Documents/Github/i-test-season/.venv/lib/python3.11/site-packages/httpx/_transports/default.py", line 250, in handle_request
    resp = self._pool.handle_request(req)
           ^^^^^^^^^^^^^^^^^^^^^^^^^^^^^^
  File "/Users/nripeshpradhan/Documents/Github/i-test-season/.venv/lib/python3.11/site-packages/httpcore/_sync/connection_pool.py", line 256, in handle_request
    raise exc from None
  File "/Users/nripeshpradhan/Documents/Github/i-test-season/.venv/lib/python3.11/site-packages/httpcore/_sync/connection_pool.py", line 236, in handle_request
    response = connection.handle_request(
               ^^^^^^^^^^^^^^^^^^^^^^^^^^
  File "/Users/nripeshpradhan/Documents/Github/i-test-season/.venv/lib/python3.11/site-packages/httpcore/_sync/connection.py", line 103, in handle_request
    return self._connection.handle_request(request)
           ^^^^^^^^^^^^^^^^^^^^^^^^^^^^^^^^^^^^^^^^
  File "/Users/nripeshpradhan/Documents/Github/i-test-season/.venv/lib/python3.11/site-packages/httpcore/_sync/http11.py", line 136, in handle_request
    raise exc
  File "/Users/nripeshpradhan/Documents/Github/i-test-season/.venv/lib/python3.11/site-packages/httpcore/_sync/http11.py", line 106, in handle_request
    ) = self._receive_response_headers(**kwargs)
        ^^^^^^^^^^^^^^^^^^^^^^^^^^^^^^^^^^^^^^^^
  File "/Users/nripeshpradhan/Documents/Github/i-test-season/.venv/lib/python3.11/site-packages/httpcore/_sync/http11.py", line 177, in _receive_response_headers
    event = self._receive_event(timeout=timeout)
            ^^^^^^^^^^^^^^^^^^^^^^^^^^^^^^^^^^^^
  File "/Users/nripeshpradhan/Documents/Github/i-test-season/.venv/lib/python3.11/site-packages/httpcore/_sync/http11.py", line 217, in _receive_event
    data = self._network_stream.read(
           ^^^^^^^^^^^^^^^^^^^^^^^^^^
  File "/Users/nripeshpradhan/Documents/Github/i-test-season/.venv/lib/python3.11/site-packages/httpcore/_backends/sync.py", line 126, in read
    with map_exceptions(exc_map):
  File "/Users/nripeshpradhan/.local/share/uv/python/cpython-3.11.15-macos-aarch64-none/lib/python3.11/contextlib.py", line 158, in __exit__
    self.gen.throw(typ, value, traceback)
  File "/Users/nripeshpradhan/Documents/Github/i-test-season/.venv/lib/python3.11/site-packages/httpcore/_exceptions.py", line 14, in map_exceptions
    raise to_exc(exc) from exc
httpcore.ReadTimeout: The read operation timed out

The above exception was the direct cause of the following exception:

Traceback (most recent call last):
  File "/Users/nripeshpradhan/Documents/Github/i-test-season/fpl_edge/interfaces/telegram.py", line 503, in run_forever
    self.poll_once(timeout=timeout)
  File "/Users/nripeshpradhan/Documents/Github/i-test-season/fpl_edge/interfaces/telegram.py", line 338, in poll_once
    body = self.transport.call(
           ^^^^^^^^^^^^^^^^^^^^
  File "/Users/nripeshpradhan/Documents/Github/i-test-season/fpl_edge/interfaces/telegram.py", line 102, in call
    resp = self._client.post(f"/{method}", json=payload, timeout=timeout)
           ^^^^^^^^^^^^^^^^^^^^^^^^^^^^^^^^^^^^^^^^^^^^^^^^^^^^^^^^^^^^^^
  File "/Users/nripeshpradhan/Documents/Github/i-test-season/.venv/lib/python3.11/site-packages/httpx/_client.py", line 1144, in post
    return self.request(
           ^^^^^^^^^^^^^
  File "/Users/nripeshpradhan/Documents/Github/i-test-season/.venv/lib/python3.11/site-packages/httpx/_client.py", line 825, in request
    return self.send(request, auth=auth, follow_redirects=follow_redirects)
           ^^^^^^^^^^^^^^^^^^^^^^^^^^^^^^^^^^^^^^^^^^^^^^^^^^^^^^^^^^^^^^^^
  File "/Users/nripeshpradhan/Documents/Github/i-test-season/.venv/lib/python3.11/site-packages/httpx/_client.py", line 914, in send
    response = self._send_handling_auth(
               ^^^^^^^^^^^^^^^^^^^^^^^^^
  File "/Users/nripeshpradhan/Documents/Github/i-test-season/.venv/lib/python3.11/site-packages/httpx/_client.py", line 942, in _send_handling_auth
    response = self._send_handling_redirects(
               ^^^^^^^^^^^^^^^^^^^^^^^^^^^^^^
  File "/Users/nripeshpradhan/Documents/Github/i-test-season/.venv/lib/python3.11/site-packages/httpx/_client.py", line 979, in _send_handling_redirects
    response = self._send_single_request(request)
               ^^^^^^^^^^^^^^^^^^^^^^^^^^^^^^^^^^
  File "/Users/nripeshpradhan/Documents/Github/i-test-season/.venv/lib/python3.11/site-packages/httpx/_client.py", line 1014, in _send_single_request
    response = transport.handle_request(request)
               ^^^^^^^^^^^^^^^^^^^^^^^^^^^^^^^^^
  File "/Users/nripeshpradhan/Documents/Github/i-test-season/.venv/lib/python3.11/site-packages/httpx/_transports/default.py", line 249, in handle_request
    with map_httpcore_exceptions():
  File "/Users/nripeshpradhan/.local/share/uv/python/cpython-3.11.15-macos-aarch64-none/lib/python3.11/contextlib.py", line 158, in __exit__
    self.gen.throw(typ, value, traceback)
  File "/Users/nripeshpradhan/Documents/Github/i-test-season/.venv/lib/python3.11/site-packages/httpx/_transports/default.py", line 118, in map_httpcore_exceptions
    raise mapped_exc(message) from exc
httpx.ReadTimeout: The read operation timed out
2026-08-22 12:19:51,078 ERROR poll cycle failed; backing off
Traceback (most recent call last):
  File "/Users/nripeshpradhan/Documents/Github/i-test-season/.venv/lib/python3.11/site-packages/httpx/_transports/default.py", line 101, in map_httpcore_exceptions
    yield
  File "/Users/nripeshpradhan/Documents/Github/i-test-season/.venv/lib/python3.11/site-packages/httpx/_transports/default.py", line 250, in handle_request
    resp = self._pool.handle_request(req)
           ^^^^^^^^^^^^^^^^^^^^^^^^^^^^^^
  File "/Users/nripeshpradhan/Documents/Github/i-test-season/.venv/lib/python3.11/site-packages/httpcore/_sync/connection_pool.py", line 256, in handle_request
    raise exc from None
  File "/Users/nripeshpradhan/Documents/Github/i-test-season/.venv/lib/python3.11/site-packages/httpcore/_sync/connection_pool.py", line 236, in handle_request
    response = connection.handle_request(
               ^^^^^^^^^^^^^^^^^^^^^^^^^^
  File "/Users/nripeshpradhan/Documents/Github/i-test-season/.venv/lib/python3.11/site-packages/httpcore/_sync/connection.py", line 103, in handle_request
    return self._connection.handle_request(request)
           ^^^^^^^^^^^^^^^^^^^^^^^^^^^^^^^^^^^^^^^^
  File "/Users/nripeshpradhan/Documents/Github/i-test-season/.venv/lib/python3.11/site-packages/httpcore/_sync/http11.py", line 136, in handle_request
    raise exc
  File "/Users/nripeshpradhan/Documents/Github/i-test-season/.venv/lib/python3.11/site-packages/httpcore/_sync/http11.py", line 106, in handle_request
    ) = self._receive_response_headers(**kwargs)
        ^^^^^^^^^^^^^^^^^^^^^^^^^^^^^^^^^^^^^^^^
  File "/Users/nripeshpradhan/Documents/Github/i-test-season/.venv/lib/python3.11/site-packages/httpcore/_sync/http11.py", line 177, in _receive_response_headers
    event = self._receive_event(timeout=timeout)
            ^^^^^^^^^^^^^^^^^^^^^^^^^^^^^^^^^^^^
  File "/Users/nripeshpradhan/Documents/Github/i-test-season/.venv/lib/python3.11/site-packages/httpcore/_sync/http11.py", line 217, in _receive_event
    data = self._network_stream.read(
           ^^^^^^^^^^^^^^^^^^^^^^^^^^
  File "/Users/nripeshpradhan/Documents/Github/i-test-season/.venv/lib/python3.11/site-packages/httpcore/_backends/sync.py", line 126, in read
    with map_exceptions(exc_map):
  File "/Users/nripeshpradhan/.local/share/uv/python/cpython-3.11.15-macos-aarch64-none/lib/python3.11/contextlib.py", line 158, in __exit__
    self.gen.throw(typ, value, traceback)
  File "/Users/nripeshpradhan/Documents/Github/i-test-season/.venv/lib/python3.11/site-packages/httpcore/_exceptions.py", line 14, in map_exceptions
    raise to_exc(exc) from exc
httpcore.ReadTimeout: The read operation timed out

The above exception was the direct cause of the following exception:

Traceback (most recent call last):
  File "/Users/nripeshpradhan/Documents/Github/i-test-season/fpl_edge/interfaces/telegram.py", line 503, in run_forever
    self.poll_once(timeout=timeout)
  File "/Users/nripeshpradhan/Documents/Github/i-test-season/fpl_edge/interfaces/telegram.py", line 338, in poll_once
    body = self.transport.call(
           ^^^^^^^^^^^^^^^^^^^^
  File "/Users/nripeshpradhan/Documents/Github/i-test-season/fpl_edge/interfaces/telegram.py", line 102, in call
    resp = self._client.post(f"/{method}", json=payload, timeout=timeout)
           ^^^^^^^^^^^^^^^^^^^^^^^^^^^^^^^^^^^^^^^^^^^^^^^^^^^^^^^^^^^^^^
  File "/Users/nripeshpradhan/Documents/Github/i-test-season/.venv/lib/python3.11/site-packages/httpx/_client.py", line 1144, in post
    return self.request(
           ^^^^^^^^^^^^^
  File "/Users/nripeshpradhan/Documents/Github/i-test-season/.venv/lib/python3.11/site-packages/httpx/_client.py", line 825, in request
    return self.send(request, auth=auth, follow_redirects=follow_redirects)
           ^^^^^^^^^^^^^^^^^^^^^^^^^^^^^^^^^^^^^^^^^^^^^^^^^^^^^^^^^^^^^^^^
  File "/Users/nripeshpradhan/Documents/Github/i-test-season/.venv/lib/python3.11/site-packages/httpx/_client.py", line 914, in send
    response = self._send_handling_auth(
               ^^^^^^^^^^^^^^^^^^^^^^^^^
  File "/Users/nripeshpradhan/Documents/Github/i-test-season/.venv/lib/python3.11/site-packages/httpx/_client.py", line 942, in _send_handling_auth
    response = self._send_handling_redirects(
               ^^^^^^^^^^^^^^^^^^^^^^^^^^^^^^
  File "/Users/nripeshpradhan/Documents/Github/i-test-season/.venv/lib/python3.11/site-packages/httpx/_client.py", line 979, in _send_handling_redirects
    response = self._send_single_request(request)
               ^^^^^^^^^^^^^^^^^^^^^^^^^^^^^^^^^^
  File "/Users/nripeshpradhan/Documents/Github/i-test-season/.venv/lib/python3.11/site-packages/httpx/_client.py", line 1014, in _send_single_request
    response = transport.handle_request(request)
               ^^^^^^^^^^^^^^^^^^^^^^^^^^^^^^^^^
  File "/Users/nripeshpradhan/Documents/Github/i-test-season/.venv/lib/python3.11/site-packages/httpx/_transports/default.py", line 249, in handle_request
    with map_httpcore_exceptions():
  File "/Users/nripeshpradhan/.local/share/uv/python/cpython-3.11.15-macos-aarch64-none/lib/python3.11/contextlib.py", line 158, in __exit__
    self.gen.throw(typ, value, traceback)
  File "/Users/nripeshpradhan/Documents/Github/i-test-season/.venv/lib/python3.11/site-packages/httpx/_transports/default.py", line 118, in map_httpcore_exceptions
    raise mapped_exc(message) from exc
httpx.ReadTimeout: The read operation timed out
2026-08-22 12:36:21,969 ERROR poll cycle failed; backing off
Traceback (most recent call last):
  File "/Users/nripeshpradhan/Documents/Github/i-test-season/.venv/lib/python3.11/site-packages/httpx/_transports/default.py", line 101, in map_httpcore_exceptions
    yield
  File "/Users/nripeshpradhan/Documents/Github/i-test-season/.venv/lib/python3.11/site-packages/httpx/_transports/default.py", line 250, in handle_request
    resp = self._pool.handle_request(req)
           ^^^^^^^^^^^^^^^^^^^^^^^^^^^^^^
  File "/Users/nripeshpradhan/Documents/Github/i-test-season/.venv/lib/python3.11/site-packages/httpcore/_sync/connection_pool.py", line 256, in handle_request
    raise exc from None
  File "/Users/nripeshpradhan/Documents/Github/i-test-season/.venv/lib/python3.11/site-packages/httpcore/_sync/connection_pool.py", line 236, in handle_request
    response = connection.handle_request(
               ^^^^^^^^^^^^^^^^^^^^^^^^^^
  File "/Users/nripeshpradhan/Documents/Github/i-test-season/.venv/lib/python3.11/site-packages/httpcore/_sync/connection.py", line 103, in handle_request
    return self._connection.handle_request(request)
           ^^^^^^^^^^^^^^^^^^^^^^^^^^^^^^^^^^^^^^^^
  File "/Users/nripeshpradhan/Documents/Github/i-test-season/.venv/lib/python3.11/site-packages/httpcore/_sync/http11.py", line 136, in handle_request
    raise exc
  File "/Users/nripeshpradhan/Documents/Github/i-test-season/.venv/lib/python3.11/site-packages/httpcore/_sync/http11.py", line 106, in handle_request
    ) = self._receive_response_headers(**kwargs)
        ^^^^^^^^^^^^^^^^^^^^^^^^^^^^^^^^^^^^^^^^
  File "/Users/nripeshpradhan/Documents/Github/i-test-season/.venv/lib/python3.11/site-packages/httpcore/_sync/http11.py", line 177, in _receive_response_headers
    event = self._receive_event(timeout=timeout)
            ^^^^^^^^^^^^^^^^^^^^^^^^^^^^^^^^^^^^
  File "/Users/nripeshpradhan/Documents/Github/i-test-season/.venv/lib/python3.11/site-packages/httpcore/_sync/http11.py", line 217, in _receive_event
    data = self._network_stream.read(
           ^^^^^^^^^^^^^^^^^^^^^^^^^^
  File "/Users/nripeshpradhan/Documents/Github/i-test-season/.venv/lib/python3.11/site-packages/httpcore/_backends/sync.py", line 126, in read
    with map_exceptions(exc_map):
  File "/Users/nripeshpradhan/.local/share/uv/python/cpython-3.11.15-macos-aarch64-none/lib/python3.11/contextlib.py", line 158, in __exit__
    self.gen.throw(typ, value, traceback)
  File "/Users/nripeshpradhan/Documents/Github/i-test-season/.venv/lib/python3.11/site-packages/httpcore/_exceptions.py", line 14, in map_exceptions
    raise to_exc(exc) from exc
httpcore.ReadTimeout: The read operation timed out

The above exception was the direct cause of the following exception:

Traceback (most recent call last):
  File "/Users/nripeshpradhan/Documents/Github/i-test-season/fpl_edge/interfaces/telegram.py", line 503, in run_forever
    self.poll_once(timeout=timeout)
  File "/Users/nripeshpradhan/Documents/Github/i-test-season/fpl_edge/interfaces/telegram.py", line 338, in poll_once
    body = self.transport.call(
           ^^^^^^^^^^^^^^^^^^^^
  File "/Users/nripeshpradhan/Documents/Github/i-test-season/fpl_edge/interfaces/telegram.py", line 102, in call
    resp = self._client.post(f"/{method}", json=payload, timeout=timeout)
           ^^^^^^^^^^^^^^^^^^^^^^^^^^^^^^^^^^^^^^^^^^^^^^^^^^^^^^^^^^^^^^
  File "/Users/nripeshpradhan/Documents/Github/i-test-season/.venv/lib/python3.11/site-packages/httpx/_client.py", line 1144, in post
    return self.request(
           ^^^^^^^^^^^^^
  File "/Users/nripeshpradhan/Documents/Github/i-test-season/.venv/lib/python3.11/site-packages/httpx/_client.py", line 825, in request
    return self.send(request, auth=auth, follow_redirects=follow_redirects)
           ^^^^^^^^^^^^^^^^^^^^^^^^^^^^^^^^^^^^^^^^^^^^^^^^^^^^^^^^^^^^^^^^
  File "/Users/nripeshpradhan/Documents/Github/i-test-season/.venv/lib/python3.11/site-packages/httpx/_client.py", line 914, in send
    response = self._send_handling_auth(
               ^^^^^^^^^^^^^^^^^^^^^^^^^
  File "/Users/nripeshpradhan/Documents/Github/i-test-season/.venv/lib/python3.11/site-packages/httpx/_client.py", line 942, in _send_handling_auth
    response = self._send_handling_redirects(
               ^^^^^^^^^^^^^^^^^^^^^^^^^^^^^^
  File "/Users/nripeshpradhan/Documents/Github/i-test-season/.venv/lib/python3.11/site-packages/httpx/_client.py", line 979, in _send_handling_redirects
    response = self._send_single_request(request)
               ^^^^^^^^^^^^^^^^^^^^^^^^^^^^^^^^^^
  File "/Users/nripeshpradhan/Documents/Github/i-test-season/.venv/lib/python3.11/site-packages/httpx/_client.py", line 1014, in _send_single_request
    response = transport.handle_request(request)
               ^^^^^^^^^^^^^^^^^^^^^^^^^^^^^^^^^
  File "/Users/nripeshpradhan/Documents/Github/i-test-season/.venv/lib/python3.11/site-packages/httpx/_transports/default.py", line 249, in handle_request
    with map_httpcore_exceptions():
  File "/Users/nripeshpradhan/.local/share/uv/python/cpython-3.11.15-macos-aarch64-none/lib/python3.11/contextlib.py", line 158, in __exit__
    self.gen.throw(typ, value, traceback)
  File "/Users/nripeshpradhan/Documents/Github/i-test-season/.venv/lib/python3.11/site-packages/httpx/_transports/default.py", line 118, in map_httpcore_exceptions
    raise mapped_exc(message) from exc
httpx.ReadTimeout: The read operation timed out
2026-08-22 13:08:03,950 ERROR poll cycle failed; backing off
Traceback (most recent call last):
  File "/Users/nripeshpradhan/Documents/Github/i-test-season/.venv/lib/python3.11/site-packages/httpx/_transports/default.py", line 101, in map_httpcore_exceptions
    yield
  File "/Users/nripeshpradhan/Documents/Github/i-test-season/.venv/lib/python3.11/site-packages/httpx/_transports/default.py", line 250, in handle_request
    resp = self._pool.handle_request(req)
           ^^^^^^^^^^^^^^^^^^^^^^^^^^^^^^
  File "/Users/nripeshpradhan/Documents/Github/i-test-season/.venv/lib/python3.11/site-packages/httpcore/_sync/connection_pool.py", line 256, in handle_request
    raise exc from None
  File "/Users/nripeshpradhan/Documents/Github/i-test-season/.venv/lib/python3.11/site-packages/httpcore/_sync/connection_pool.py", line 236, in handle_request
    response = connection.handle_request(
               ^^^^^^^^^^^^^^^^^^^^^^^^^^
  File "/Users/nripeshpradhan/Documents/Github/i-test-season/.venv/lib/python3.11/site-packages/httpcore/_sync/connection.py", line 103, in handle_request
    return self._connection.handle_request(request)
           ^^^^^^^^^^^^^^^^^^^^^^^^^^^^^^^^^^^^^^^^
  File "/Users/nripeshpradhan/Documents/Github/i-test-season/.venv/lib/python3.11/site-packages/httpcore/_sync/http11.py", line 136, in handle_request
    raise exc
  File "/Users/nripeshpradhan/Documents/Github/i-test-season/.venv/lib/python3.11/site-packages/httpcore/_sync/http11.py", line 106, in handle_request
    ) = self._receive_response_headers(**kwargs)
        ^^^^^^^^^^^^^^^^^^^^^^^^^^^^^^^^^^^^^^^^
  File "/Users/nripeshpradhan/Documents/Github/i-test-season/.venv/lib/python3.11/site-packages/httpcore/_sync/http11.py", line 177, in _receive_response_headers
    event = self._receive_event(timeout=timeout)
            ^^^^^^^^^^^^^^^^^^^^^^^^^^^^^^^^^^^^
  File "/Users/nripeshpradhan/Documents/Github/i-test-season/.venv/lib/python3.11/site-packages/httpcore/_sync/http11.py", line 217, in _receive_event
    data = self._network_stream.read(
           ^^^^^^^^^^^^^^^^^^^^^^^^^^
  File "/Users/nripeshpradhan/Documents/Github/i-test-season/.venv/lib/python3.11/site-packages/httpcore/_backends/sync.py", line 126, in read
    with map_exceptions(exc_map):
  File "/Users/nripeshpradhan/.local/share/uv/python/cpython-3.11.15-macos-aarch64-none/lib/python3.11/contextlib.py", line 158, in __exit__
    self.gen.throw(typ, value, traceback)
  File "/Users/nripeshpradhan/Documents/Github/i-test-season/.venv/lib/python3.11/site-packages/httpcore/_exceptions.py", line 14, in map_exceptions
    raise to_exc(exc) from exc
httpcore.ReadTimeout: The read operation timed out

The above exception was the direct cause of the following exception:

Traceback (most recent call last):
  File "/Users/nripeshpradhan/Documents/Github/i-test-season/fpl_edge/interfaces/telegram.py", line 503, in run_forever
    self.poll_once(timeout=timeout)
  File "/Users/nripeshpradhan/Documents/Github/i-test-season/fpl_edge/interfaces/telegram.py", line 338, in poll_once
    body = self.transport.call(
           ^^^^^^^^^^^^^^^^^^^^
  File "/Users/nripeshpradhan/Documents/Github/i-test-season/fpl_edge/interfaces/telegram.py", line 102, in call
    resp = self._client.post(f"/{method}", json=payload, timeout=timeout)
           ^^^^^^^^^^^^^^^^^^^^^^^^^^^^^^^^^^^^^^^^^^^^^^^^^^^^^^^^^^^^^^
  File "/Users/nripeshpradhan/Documents/Github/i-test-season/.venv/lib/python3.11/site-packages/httpx/_client.py", line 1144, in post
    return self.request(
           ^^^^^^^^^^^^^
  File "/Users/nripeshpradhan/Documents/Github/i-test-season/.venv/lib/python3.11/site-packages/httpx/_client.py", line 825, in request
    return self.send(request, auth=auth, follow_redirects=follow_redirects)
           ^^^^^^^^^^^^^^^^^^^^^^^^^^^^^^^^^^^^^^^^^^^^^^^^^^^^^^^^^^^^^^^^
  File "/Users/nripeshpradhan/Documents/Github/i-test-season/.venv/lib/python3.11/site-packages/httpx/_client.py", line 914, in send
    response = self._send_handling_auth(
               ^^^^^^^^^^^^^^^^^^^^^^^^^
  File "/Users/nripeshpradhan/Documents/Github/i-test-season/.venv/lib/python3.11/site-packages/httpx/_client.py", line 942, in _send_handling_auth
    response = self._send_handling_redirects(
               ^^^^^^^^^^^^^^^^^^^^^^^^^^^^^^
  File "/Users/nripeshpradhan/Documents/Github/i-test-season/.venv/lib/python3.11/site-packages/httpx/_client.py", line 979, in _send_handling_redirects
    response = self._send_single_request(request)
               ^^^^^^^^^^^^^^^^^^^^^^^^^^^^^^^^^^
  File "/Users/nripeshpradhan/Documents/Github/i-test-season/.venv/lib/python3.11/site-packages/httpx/_client.py", line 1014, in _send_single_request
    response = transport.handle_request(request)
               ^^^^^^^^^^^^^^^^^^^^^^^^^^^^^^^^^
  File "/Users/nripeshpradhan/Documents/Github/i-test-season/.venv/lib/python3.11/site-packages/httpx/_transports/default.py", line 249, in handle_request
    with map_httpcore_exceptions():
  File "/Users/nripeshpradhan/.local/share/uv/python/cpython-3.11.15-macos-aarch64-none/lib/python3.11/contextlib.py", line 158, in __exit__
    self.gen.throw(typ, value, traceback)
  File "/Users/nripeshpradhan/Documents/Github/i-test-season/.venv/lib/python3.11/site-packages/httpx/_transports/default.py", line 118, in map_httpcore_exceptions
    raise mapped_exc(message) from exc
httpx.ReadTimeout: The read operation timed out
2026-08-22 13:30:52,632 ERROR poll cycle failed; backing off
Traceback (most recent call last):
  File "/Users/nripeshpradhan/Documents/Github/i-test-season/.venv/lib/python3.11/site-packages/httpx/_transports/default.py", line 101, in map_httpcore_exceptions
    yield
  File "/Users/nripeshpradhan/Documents/Github/i-test-season/.venv/lib/python3.11/site-packages/httpx/_transports/default.py", line 250, in handle_request
    resp = self._pool.handle_request(req)
           ^^^^^^^^^^^^^^^^^^^^^^^^^^^^^^
  File "/Users/nripeshpradhan/Documents/Github/i-test-season/.venv/lib/python3.11/site-packages/httpcore/_sync/connection_pool.py", line 256, in handle_request
    raise exc from None
  File "/Users/nripeshpradhan/Documents/Github/i-test-season/.venv/lib/python3.11/site-packages/httpcore/_sync/connection_pool.py", line 236, in handle_request
    response = connection.handle_request(
               ^^^^^^^^^^^^^^^^^^^^^^^^^^
  File "/Users/nripeshpradhan/Documents/Github/i-test-season/.venv/lib/python3.11/site-packages/httpcore/_sync/connection.py", line 103, in handle_request
    return self._connection.handle_request(request)
           ^^^^^^^^^^^^^^^^^^^^^^^^^^^^^^^^^^^^^^^^
  File "/Users/nripeshpradhan/Documents/Github/i-test-season/.venv/lib/python3.11/site-packages/httpcore/_sync/http11.py", line 136, in handle_request
    raise exc
  File "/Users/nripeshpradhan/Documents/Github/i-test-season/.venv/lib/python3.11/site-packages/httpcore/_sync/http11.py", line 106, in handle_request
    ) = self._receive_response_headers(**kwargs)
        ^^^^^^^^^^^^^^^^^^^^^^^^^^^^^^^^^^^^^^^^
  File "/Users/nripeshpradhan/Documents/Github/i-test-season/.venv/lib/python3.11/site-packages/httpcore/_sync/http11.py", line 177, in _receive_response_headers
    event = self._receive_event(timeout=timeout)
            ^^^^^^^^^^^^^^^^^^^^^^^^^^^^^^^^^^^^
  File "/Users/nripeshpradhan/Documents/Github/i-test-season/.venv/lib/python3.11/site-packages/httpcore/_sync/http11.py", line 217, in _receive_event
    data = self._network_stream.read(
           ^^^^^^^^^^^^^^^^^^^^^^^^^^
  File "/Users/nripeshpradhan/Documents/Github/i-test-season/.venv/lib/python3.11/site-packages/httpcore/_backends/sync.py", line 126, in read
    with map_exceptions(exc_map):
  File "/Users/nripeshpradhan/.local/share/uv/python/cpython-3.11.15-macos-aarch64-none/lib/python3.11/contextlib.py", line 158, in __exit__
    self.gen.throw(typ, value, traceback)
  File "/Users/nripeshpradhan/Documents/Github/i-test-season/.venv/lib/python3.11/site-packages/httpcore/_exceptions.py", line 14, in map_exceptions
    raise to_exc(exc) from exc
httpcore.ReadTimeout: The read operation timed out

The above exception was the direct cause of the following exception:

Traceback (most recent call last):
  File "/Users/nripeshpradhan/Documents/Github/i-test-season/fpl_edge/interfaces/telegram.py", line 503, in run_forever
    self.poll_once(timeout=timeout)
  File "/Users/nripeshpradhan/Documents/Github/i-test-season/fpl_edge/interfaces/telegram.py", line 338, in poll_once
    body = self.transport.call(
           ^^^^^^^^^^^^^^^^^^^^
  File "/Users/nripeshpradhan/Documents/Github/i-test-season/fpl_edge/interfaces/telegram.py", line 102, in call
    resp = self._client.post(f"/{method}", json=payload, timeout=timeout)
           ^^^^^^^^^^^^^^^^^^^^^^^^^^^^^^^^^^^^^^^^^^^^^^^^^^^^^^^^^^^^^^
  File "/Users/nripeshpradhan/Documents/Github/i-test-season/.venv/lib/python3.11/site-packages/httpx/_client.py", line 1144, in post
    return self.request(
           ^^^^^^^^^^^^^
  File "/Users/nripeshpradhan/Documents/Github/i-test-season/.venv/lib/python3.11/site-packages/httpx/_client.py", line 825, in request
    return self.send(request, auth=auth, follow_redirects=follow_redirects)
           ^^^^^^^^^^^^^^^^^^^^^^^^^^^^^^^^^^^^^^^^^^^^^^^^^^^^^^^^^^^^^^^^
  File "/Users/nripeshpradhan/Documents/Github/i-test-season/.venv/lib/python3.11/site-packages/httpx/_client.py", line 914, in send
    response = self._send_handling_auth(
               ^^^^^^^^^^^^^^^^^^^^^^^^^
  File "/Users/nripeshpradhan/Documents/Github/i-test-season/.venv/lib/python3.11/site-packages/httpx/_client.py", line 942, in _send_handling_auth
    response = self._send_handling_redirects(
               ^^^^^^^^^^^^^^^^^^^^^^^^^^^^^^
  File "/Users/nripeshpradhan/Documents/Github/i-test-season/.venv/lib/python3.11/site-packages/httpx/_client.py", line 979, in _send_handling_redirects
    response = self._send_single_request(request)
               ^^^^^^^^^^^^^^^^^^^^^^^^^^^^^^^^^^
  File "/Users/nripeshpradhan/Documents/Github/i-test-season/.venv/lib/python3.11/site-packages/httpx/_client.py", line 1014, in _send_single_request
    response = transport.handle_request(request)
               ^^^^^^^^^^^^^^^^^^^^^^^^^^^^^^^^^
  File "/Users/nripeshpradhan/Documents/Github/i-test-season/.venv/lib/python3.11/site-packages/httpx/_transports/default.py", line 249, in handle_request
    with map_httpcore_exceptions():
  File "/Users/nripeshpradhan/.local/share/uv/python/cpython-3.11.15-macos-aarch64-none/lib/python3.11/contextlib.py", line 158, in __exit__
    self.gen.throw(typ, value, traceback)
  File "/Users/nripeshpradhan/Documents/Github/i-test-season/.venv/lib/python3.11/site-packages/httpx/_transports/default.py", line 118, in map_httpcore_exceptions
    raise mapped_exc(message) from exc
httpx.ReadTimeout: The read operation timed out
2026-08-22 13:36:09,051 ERROR poll cycle failed; backing off
Traceback (most recent call last):
  File "/Users/nripeshpradhan/Documents/Github/i-test-season/.venv/lib/python3.11/site-packages/httpx/_transports/default.py", line 101, in map_httpcore_exceptions
    yield
  File "/Users/nripeshpradhan/Documents/Github/i-test-season/.venv/lib/python3.11/site-packages/httpx/_transports/default.py", line 250, in handle_request
    resp = self._pool.handle_request(req)
           ^^^^^^^^^^^^^^^^^^^^^^^^^^^^^^
  File "/Users/nripeshpradhan/Documents/Github/i-test-season/.venv/lib/python3.11/site-packages/httpcore/_sync/connection_pool.py", line 256, in handle_request
    raise exc from None
  File "/Users/nripeshpradhan/Documents/Github/i-test-season/.venv/lib/python3.11/site-packages/httpcore/_sync/connection_pool.py", line 236, in handle_request
    response = connection.handle_request(
               ^^^^^^^^^^^^^^^^^^^^^^^^^^
  File "/Users/nripeshpradhan/Documents/Github/i-test-season/.venv/lib/python3.11/site-packages/httpcore/_sync/connection.py", line 103, in handle_request
    return self._connection.handle_request(request)
           ^^^^^^^^^^^^^^^^^^^^^^^^^^^^^^^^^^^^^^^^
  File "/Users/nripeshpradhan/Documents/Github/i-test-season/.venv/lib/python3.11/site-packages/httpcore/_sync/http11.py", line 136, in handle_request
    raise exc
  File "/Users/nripeshpradhan/Documents/Github/i-test-season/.venv/lib/python3.11/site-packages/httpcore/_sync/http11.py", line 106, in handle_request
    ) = self._receive_response_headers(**kwargs)
        ^^^^^^^^^^^^^^^^^^^^^^^^^^^^^^^^^^^^^^^^
  File "/Users/nripeshpradhan/Documents/Github/i-test-season/.venv/lib/python3.11/site-packages/httpcore/_sync/http11.py", line 177, in _receive_response_headers
    event = self._receive_event(timeout=timeout)
            ^^^^^^^^^^^^^^^^^^^^^^^^^^^^^^^^^^^^
  File "/Users/nripeshpradhan/Documents/Github/i-test-season/.venv/lib/python3.11/site-packages/httpcore/_sync/http11.py", line 217, in _receive_event
    data = self._network_stream.read(
           ^^^^^^^^^^^^^^^^^^^^^^^^^^
  File "/Users/nripeshpradhan/Documents/Github/i-test-season/.venv/lib/python3.11/site-packages/httpcore/_backends/sync.py", line 126, in read
    with map_exceptions(exc_map):
  File "/Users/nripeshpradhan/.local/share/uv/python/cpython-3.11.15-macos-aarch64-none/lib/python3.11/contextlib.py", line 158, in __exit__
    self.gen.throw(typ, value, traceback)
  File "/Users/nripeshpradhan/Documents/Github/i-test-season/.venv/lib/python3.11/site-packages/httpcore/_exceptions.py", line 14, in map_exceptions
    raise to_exc(exc) from exc
httpcore.ReadTimeout: The read operation timed out

The above exception was the direct cause of the following exception:

Traceback (most recent call last):
  File "/Users/nripeshpradhan/Documents/Github/i-test-season/fpl_edge/interfaces/telegram.py", line 503, in run_forever
    self.poll_once(timeout=timeout)
  File "/Users/nripeshpradhan/Documents/Github/i-test-season/fpl_edge/interfaces/telegram.py", line 338, in poll_once
    body = self.transport.call(
           ^^^^^^^^^^^^^^^^^^^^
  File "/Users/nripeshpradhan/Documents/Github/i-test-season/fpl_edge/interfaces/telegram.py", line 102, in call
    resp = self._client.post(f"/{method}", json=payload, timeout=timeout)
           ^^^^^^^^^^^^^^^^^^^^^^^^^^^^^^^^^^^^^^^^^^^^^^^^^^^^^^^^^^^^^^
  File "/Users/nripeshpradhan/Documents/Github/i-test-season/.venv/lib/python3.11/site-packages/httpx/_client.py", line 1144, in post
    return self.request(
           ^^^^^^^^^^^^^
  File "/Users/nripeshpradhan/Documents/Github/i-test-season/.venv/lib/python3.11/site-packages/httpx/_client.py", line 825, in request
    return self.send(request, auth=auth, follow_redirects=follow_redirects)
           ^^^^^^^^^^^^^^^^^^^^^^^^^^^^^^^^^^^^^^^^^^^^^^^^^^^^^^^^^^^^^^^^
  File "/Users/nripeshpradhan/Documents/Github/i-test-season/.venv/lib/python3.11/site-packages/httpx/_client.py", line 914, in send
    response = self._send_handling_auth(
               ^^^^^^^^^^^^^^^^^^^^^^^^^
  File "/Users/nripeshpradhan/Documents/Github/i-test-season/.venv/lib/python3.11/site-packages/httpx/_client.py", line 942, in _send_handling_auth
    response = self._send_handling_redirects(
               ^^^^^^^^^^^^^^^^^^^^^^^^^^^^^^
  File "/Users/nripeshpradhan/Documents/Github/i-test-season/.venv/lib/python3.11/site-packages/httpx/_client.py", line 979, in _send_handling_redirects
    response = self._send_single_request(request)
               ^^^^^^^^^^^^^^^^^^^^^^^^^^^^^^^^^^
  File "/Users/nripeshpradhan/Documents/Github/i-test-season/.venv/lib/python3.11/site-packages/httpx/_client.py", line 1014, in _send_single_request
    response = transport.handle_request(request)
               ^^^^^^^^^^^^^^^^^^^^^^^^^^^^^^^^^
  File "/Users/nripeshpradhan/Documents/Github/i-test-season/.venv/lib/python3.11/site-packages/httpx/_transports/default.py", line 249, in handle_request
    with map_httpcore_exceptions():
  File "/Users/nripeshpradhan/.local/share/uv/python/cpython-3.11.15-macos-aarch64-none/lib/python3.11/contextlib.py", line 158, in __exit__
    self.gen.throw(typ, value, traceback)
  File "/Users/nripeshpradhan/Documents/Github/i-test-season/.venv/lib/python3.11/site-packages/httpx/_transports/default.py", line 118, in map_httpcore_exceptions
    raise mapped_exc(message) from exc
httpx.ReadTimeout: The read operation timed out
2026-08-22 13:44:44,996 ERROR poll cycle failed; backing off
Traceback (most recent call last):
  File "/Users/nripeshpradhan/Documents/Github/i-test-season/.venv/lib/python3.11/site-packages/httpx/_transports/default.py", line 101, in map_httpcore_exceptions
    yield
  File "/Users/nripeshpradhan/Documents/Github/i-test-season/.venv/lib/python3.11/site-packages/httpx/_transports/default.py", line 250, in handle_request
    resp = self._pool.handle_request(req)
           ^^^^^^^^^^^^^^^^^^^^^^^^^^^^^^
  File "/Users/nripeshpradhan/Documents/Github/i-test-season/.venv/lib/python3.11/site-packages/httpcore/_sync/connection_pool.py", line 256, in handle_request
    raise exc from None
  File "/Users/nripeshpradhan/Documents/Github/i-test-season/.venv/lib/python3.11/site-packages/httpcore/_sync/connection_pool.py", line 236, in handle_request
    response = connection.handle_request(
               ^^^^^^^^^^^^^^^^^^^^^^^^^^
  File "/Users/nripeshpradhan/Documents/Github/i-test-season/.venv/lib/python3.11/site-packages/httpcore/_sync/connection.py", line 103, in handle_request
    return self._connection.handle_request(request)
           ^^^^^^^^^^^^^^^^^^^^^^^^^^^^^^^^^^^^^^^^
  File "/Users/nripeshpradhan/Documents/Github/i-test-season/.venv/lib/python3.11/site-packages/httpcore/_sync/http11.py", line 136, in handle_request
    raise exc
  File "/Users/nripeshpradhan/Documents/Github/i-test-season/.venv/lib/python3.11/site-packages/httpcore/_sync/http11.py", line 106, in handle_request
    ) = self._receive_response_headers(**kwargs)
        ^^^^^^^^^^^^^^^^^^^^^^^^^^^^^^^^^^^^^^^^
  File "/Users/nripeshpradhan/Documents/Github/i-test-season/.venv/lib/python3.11/site-packages/httpcore/_sync/http11.py", line 177, in _receive_response_headers
    event = self._receive_event(timeout=timeout)
            ^^^^^^^^^^^^^^^^^^^^^^^^^^^^^^^^^^^^
  File "/Users/nripeshpradhan/Documents/Github/i-test-season/.venv/lib/python3.11/site-packages/httpcore/_sync/http11.py", line 217, in _receive_event
    data = self._network_stream.read(
           ^^^^^^^^^^^^^^^^^^^^^^^^^^
  File "/Users/nripeshpradhan/Documents/Github/i-test-season/.venv/lib/python3.11/site-packages/httpcore/_backends/sync.py", line 126, in read
    with map_exceptions(exc_map):
  File "/Users/nripeshpradhan/.local/share/uv/python/cpython-3.11.15-macos-aarch64-none/lib/python3.11/contextlib.py", line 158, in __exit__
    self.gen.throw(typ, value, traceback)
  File "/Users/nripeshpradhan/Documents/Github/i-test-season/.venv/lib/python3.11/site-packages/httpcore/_exceptions.py", line 14, in map_exceptions
    raise to_exc(exc) from exc
httpcore.ReadTimeout: The read operation timed out

The above exception was the direct cause of the following exception:

Traceback (most recent call last):
  File "/Users/nripeshpradhan/Documents/Github/i-test-season/fpl_edge/interfaces/telegram.py", line 503, in run_forever
    self.poll_once(timeout=timeout)
  File "/Users/nripeshpradhan/Documents/Github/i-test-season/fpl_edge/interfaces/telegram.py", line 338, in poll_once
    body = self.transport.call(
           ^^^^^^^^^^^^^^^^^^^^
  File "/Users/nripeshpradhan/Documents/Github/i-test-season/fpl_edge/interfaces/telegram.py", line 102, in call
    resp = self._client.post(f"/{method}", json=payload, timeout=timeout)
           ^^^^^^^^^^^^^^^^^^^^^^^^^^^^^^^^^^^^^^^^^^^^^^^^^^^^^^^^^^^^^^
  File "/Users/nripeshpradhan/Documents/Github/i-test-season/.venv/lib/python3.11/site-packages/httpx/_client.py", line 1144, in post
    return self.request(
           ^^^^^^^^^^^^^
  File "/Users/nripeshpradhan/Documents/Github/i-test-season/.venv/lib/python3.11/site-packages/httpx/_client.py", line 825, in request
    return self.send(request, auth=auth, follow_redirects=follow_redirects)
           ^^^^^^^^^^^^^^^^^^^^^^^^^^^^^^^^^^^^^^^^^^^^^^^^^^^^^^^^^^^^^^^^
  File "/Users/nripeshpradhan/Documents/Github/i-test-season/.venv/lib/python3.11/site-packages/httpx/_client.py", line 914, in send
    response = self._send_handling_auth(
               ^^^^^^^^^^^^^^^^^^^^^^^^^
  File "/Users/nripeshpradhan/Documents/Github/i-test-season/.venv/lib/python3.11/site-packages/httpx/_client.py", line 942, in _send_handling_auth
    response = self._send_handling_redirects(
               ^^^^^^^^^^^^^^^^^^^^^^^^^^^^^^
  File "/Users/nripeshpradhan/Documents/Github/i-test-season/.venv/lib/python3.11/site-packages/httpx/_client.py", line 979, in _send_handling_redirects
    response = self._send_single_request(request)
               ^^^^^^^^^^^^^^^^^^^^^^^^^^^^^^^^^^
  File "/Users/nripeshpradhan/Documents/Github/i-test-season/.venv/lib/python3.11/site-packages/httpx/_client.py", line 1014, in _send_single_request
    response = transport.handle_request(request)
               ^^^^^^^^^^^^^^^^^^^^^^^^^^^^^^^^^
  File "/Users/nripeshpradhan/Documents/Github/i-test-season/.venv/lib/python3.11/site-packages/httpx/_transports/default.py", line 249, in handle_request
    with map_httpcore_exceptions():
  File "/Users/nripeshpradhan/.local/share/uv/python/cpython-3.11.15-macos-aarch64-none/lib/python3.11/contextlib.py", line 158, in __exit__
    self.gen.throw(typ, value, traceback)
  File "/Users/nripeshpradhan/Documents/Github/i-test-season/.venv/lib/python3.11/site-packages/httpx/_transports/default.py", line 118, in map_httpcore_exceptions
    raise mapped_exc(message) from exc
httpx.ReadTimeout: The read operation timed out
2026-08-22 14:09:05,042 ERROR poll cycle failed; backing off
Traceback (most recent call last):
  File "/Users/nripeshpradhan/Documents/Github/i-test-season/.venv/lib/python3.11/site-packages/httpx/_transports/default.py", line 101, in map_httpcore_exceptions
    yield
  File "/Users/nripeshpradhan/Documents/Github/i-test-season/.venv/lib/python3.11/site-packages/httpx/_transports/default.py", line 250, in handle_request
    resp = self._pool.handle_request(req)
           ^^^^^^^^^^^^^^^^^^^^^^^^^^^^^^
  File "/Users/nripeshpradhan/Documents/Github/i-test-season/.venv/lib/python3.11/site-packages/httpcore/_sync/connection_pool.py", line 256, in handle_request
    raise exc from None
  File "/Users/nripeshpradhan/Documents/Github/i-test-season/.venv/lib/python3.11/site-packages/httpcore/_sync/connection_pool.py", line 236, in handle_request
    response = connection.handle_request(
               ^^^^^^^^^^^^^^^^^^^^^^^^^^
  File "/Users/nripeshpradhan/Documents/Github/i-test-season/.venv/lib/python3.11/site-packages/httpcore/_sync/connection.py", line 103, in handle_request
    return self._connection.handle_request(request)
           ^^^^^^^^^^^^^^^^^^^^^^^^^^^^^^^^^^^^^^^^
  File "/Users/nripeshpradhan/Documents/Github/i-test-season/.venv/lib/python3.11/site-packages/httpcore/_sync/http11.py", line 136, in handle_request
    raise exc
  File "/Users/nripeshpradhan/Documents/Github/i-test-season/.venv/lib/python3.11/site-packages/httpcore/_sync/http11.py", line 106, in handle_request
    ) = self._receive_response_headers(**kwargs)
        ^^^^^^^^^^^^^^^^^^^^^^^^^^^^^^^^^^^^^^^^
  File "/Users/nripeshpradhan/Documents/Github/i-test-season/.venv/lib/python3.11/site-packages/httpcore/_sync/http11.py", line 177, in _receive_response_headers
    event = self._receive_event(timeout=timeout)
            ^^^^^^^^^^^^^^^^^^^^^^^^^^^^^^^^^^^^
  File "/Users/nripeshpradhan/Documents/Github/i-test-season/.venv/lib/python3.11/site-packages/httpcore/_sync/http11.py", line 217, in _receive_event
    data = self._network_stream.read(
           ^^^^^^^^^^^^^^^^^^^^^^^^^^
  File "/Users/nripeshpradhan/Documents/Github/i-test-season/.venv/lib/python3.11/site-packages/httpcore/_backends/sync.py", line 126, in read
    with map_exceptions(exc_map):
  File "/Users/nripeshpradhan/.local/share/uv/python/cpython-3.11.15-macos-aarch64-none/lib/python3.11/contextlib.py", line 158, in __exit__
    self.gen.throw(typ, value, traceback)
  File "/Users/nripeshpradhan/Documents/Github/i-test-season/.venv/lib/python3.11/site-packages/httpcore/_exceptions.py", line 14, in map_exceptions
    raise to_exc(exc) from exc
httpcore.ReadTimeout: The read operation timed out

The above exception was the direct cause of the following exception:

Traceback (most recent call last):
  File "/Users/nripeshpradhan/Documents/Github/i-test-season/fpl_edge/interfaces/telegram.py", line 503, in run_forever
    self.poll_once(timeout=timeout)
  File "/Users/nripeshpradhan/Documents/Github/i-test-season/fpl_edge/interfaces/telegram.py", line 338, in poll_once
    body = self.transport.call(
           ^^^^^^^^^^^^^^^^^^^^
  File "/Users/nripeshpradhan/Documents/Github/i-test-season/fpl_edge/interfaces/telegram.py", line 102, in call
    resp = self._client.post(f"/{method}", json=payload, timeout=timeout)
           ^^^^^^^^^^^^^^^^^^^^^^^^^^^^^^^^^^^^^^^^^^^^^^^^^^^^^^^^^^^^^^
  File "/Users/nripeshpradhan/Documents/Github/i-test-season/.venv/lib/python3.11/site-packages/httpx/_client.py", line 1144, in post
    return self.request(
           ^^^^^^^^^^^^^
  File "/Users/nripeshpradhan/Documents/Github/i-test-season/.venv/lib/python3.11/site-packages/httpx/_client.py", line 825, in request
    return self.send(request, auth=auth, follow_redirects=follow_redirects)
           ^^^^^^^^^^^^^^^^^^^^^^^^^^^^^^^^^^^^^^^^^^^^^^^^^^^^^^^^^^^^^^^^
  File "/Users/nripeshpradhan/Documents/Github/i-test-season/.venv/lib/python3.11/site-packages/httpx/_client.py", line 914, in send
    response = self._send_handling_auth(
               ^^^^^^^^^^^^^^^^^^^^^^^^^
  File "/Users/nripeshpradhan/Documents/Github/i-test-season/.venv/lib/python3.11/site-packages/httpx/_client.py", line 942, in _send_handling_auth
    response = self._send_handling_redirects(
               ^^^^^^^^^^^^^^^^^^^^^^^^^^^^^^
  File "/Users/nripeshpradhan/Documents/Github/i-test-season/.venv/lib/python3.11/site-packages/httpx/_client.py", line 979, in _send_handling_redirects
    response = self._send_single_request(request)
               ^^^^^^^^^^^^^^^^^^^^^^^^^^^^^^^^^^
  File "/Users/nripeshpradhan/Documents/Github/i-test-season/.venv/lib/python3.11/site-packages/httpx/_client.py", line 1014, in _send_single_request
    response = transport.handle_request(request)
               ^^^^^^^^^^^^^^^^^^^^^^^^^^^^^^^^^
  File "/Users/nripeshpradhan/Documents/Github/i-test-season/.venv/lib/python3.11/site-packages/httpx/_transports/default.py", line 249, in handle_request
    with map_httpcore_exceptions():
  File "/Users/nripeshpradhan/.local/share/uv/python/cpython-3.11.15-macos-aarch64-none/lib/python3.11/contextlib.py", line 158, in __exit__
    self.gen.throw(typ, value, traceback)
  File "/Users/nripeshpradhan/Documents/Github/i-test-season/.venv/lib/python3.11/site-packages/httpx/_transports/default.py", line 118, in map_httpcore_exceptions
    raise mapped_exc(message) from exc
httpx.ReadTimeout: The read operation timed out
2026-08-22 15:04:47,472 ERROR poll cycle failed; backing off
Traceback (most recent call last):
  File "/Users/nripeshpradhan/Documents/Github/i-test-season/.venv/lib/python3.11/site-packages/httpx/_transports/default.py", line 101, in map_httpcore_exceptions
    yield
  File "/Users/nripeshpradhan/Documents/Github/i-test-season/.venv/lib/python3.11/site-packages/httpx/_transports/default.py", line 250, in handle_request
    resp = self._pool.handle_request(req)
           ^^^^^^^^^^^^^^^^^^^^^^^^^^^^^^
  File "/Users/nripeshpradhan/Documents/Github/i-test-season/.venv/lib/python3.11/site-packages/httpcore/_sync/connection_pool.py", line 256, in handle_request
    raise exc from None
  File "/Users/nripeshpradhan/Documents/Github/i-test-season/.venv/lib/python3.11/site-packages/httpcore/_sync/connection_pool.py", line 236, in handle_request
    response = connection.handle_request(
               ^^^^^^^^^^^^^^^^^^^^^^^^^^
  File "/Users/nripeshpradhan/Documents/Github/i-test-season/.venv/lib/python3.11/site-packages/httpcore/_sync/connection.py", line 103, in handle_request
    return self._connection.handle_request(request)
           ^^^^^^^^^^^^^^^^^^^^^^^^^^^^^^^^^^^^^^^^
  File "/Users/nripeshpradhan/Documents/Github/i-test-season/.venv/lib/python3.11/site-packages/httpcore/_sync/http11.py", line 136, in handle_request
    raise exc
  File "/Users/nripeshpradhan/Documents/Github/i-test-season/.venv/lib/python3.11/site-packages/httpcore/_sync/http11.py", line 106, in handle_request
    ) = self._receive_response_headers(**kwargs)
        ^^^^^^^^^^^^^^^^^^^^^^^^^^^^^^^^^^^^^^^^
  File "/Users/nripeshpradhan/Documents/Github/i-test-season/.venv/lib/python3.11/site-packages/httpcore/_sync/http11.py", line 177, in _receive_response_headers
    event = self._receive_event(timeout=timeout)
            ^^^^^^^^^^^^^^^^^^^^^^^^^^^^^^^^^^^^
  File "/Users/nripeshpradhan/Documents/Github/i-test-season/.venv/lib/python3.11/site-packages/httpcore/_sync/http11.py", line 217, in _receive_event
    data = self._network_stream.read(
           ^^^^^^^^^^^^^^^^^^^^^^^^^^
  File "/Users/nripeshpradhan/Documents/Github/i-test-season/.venv/lib/python3.11/site-packages/httpcore/_backends/sync.py", line 126, in read
    with map_exceptions(exc_map):
  File "/Users/nripeshpradhan/.local/share/uv/python/cpython-3.11.15-macos-aarch64-none/lib/python3.11/contextlib.py", line 158, in __exit__
    self.gen.throw(typ, value, traceback)
  File "/Users/nripeshpradhan/Documents/Github/i-test-season/.venv/lib/python3.11/site-packages/httpcore/_exceptions.py", line 14, in map_exceptions
    raise to_exc(exc) from exc
httpcore.ReadTimeout: The read operation timed out

The above exception was the direct cause of the following exception:

Traceback (most recent call last):
  File "/Users/nripeshpradhan/Documents/Github/i-test-season/fpl_edge/interfaces/telegram.py", line 503, in run_forever
    self.poll_once(timeout=timeout)
  File "/Users/nripeshpradhan/Documents/Github/i-test-season/fpl_edge/interfaces/telegram.py", line 338, in poll_once
    body = self.transport.call(
           ^^^^^^^^^^^^^^^^^^^^
  File "/Users/nripeshpradhan/Documents/Github/i-test-season/fpl_edge/interfaces/telegram.py", line 102, in call
    resp = self._client.post(f"/{method}", json=payload, timeout=timeout)
           ^^^^^^^^^^^^^^^^^^^^^^^^^^^^^^^^^^^^^^^^^^^^^^^^^^^^^^^^^^^^^^
  File "/Users/nripeshpradhan/Documents/Github/i-test-season/.venv/lib/python3.11/site-packages/httpx/_client.py", line 1144, in post
    return self.request(
           ^^^^^^^^^^^^^
  File "/Users/nripeshpradhan/Documents/Github/i-test-season/.venv/lib/python3.11/site-packages/httpx/_client.py", line 825, in request
    return self.send(request, auth=auth, follow_redirects=follow_redirects)
           ^^^^^^^^^^^^^^^^^^^^^^^^^^^^^^^^^^^^^^^^^^^^^^^^^^^^^^^^^^^^^^^^
  File "/Users/nripeshpradhan/Documents/Github/i-test-season/.venv/lib/python3.11/site-packages/httpx/_client.py", line 914, in send
    response = self._send_handling_auth(
               ^^^^^^^^^^^^^^^^^^^^^^^^^
  File "/Users/nripeshpradhan/Documents/Github/i-test-season/.venv/lib/python3.11/site-packages/httpx/_client.py", line 942, in _send_handling_auth
    response = self._send_handling_redirects(
               ^^^^^^^^^^^^^^^^^^^^^^^^^^^^^^
  File "/Users/nripeshpradhan/Documents/Github/i-test-season/.venv/lib/python3.11/site-packages/httpx/_client.py", line 979, in _send_handling_redirects
    response = self._send_single_request(request)
               ^^^^^^^^^^^^^^^^^^^^^^^^^^^^^^^^^^
  File "/Users/nripeshpradhan/Documents/Github/i-test-season/.venv/lib/python3.11/site-packages/httpx/_client.py", line 1014, in _send_single_request
    response = transport.handle_request(request)
               ^^^^^^^^^^^^^^^^^^^^^^^^^^^^^^^^^
  File "/Users/nripeshpradhan/Documents/Github/i-test-season/.venv/lib/python3.11/site-packages/httpx/_transports/default.py", line 249, in handle_request
    with map_httpcore_exceptions():
  File "/Users/nripeshpradhan/.local/share/uv/python/cpython-3.11.15-macos-aarch64-none/lib/python3.11/contextlib.py", line 158, in __exit__
    self.gen.throw(typ, value, traceback)
  File "/Users/nripeshpradhan/Documents/Github/i-test-season/.venv/lib/python3.11/site-packages/httpx/_transports/default.py", line 118, in map_httpcore_exceptions
    raise mapped_exc(message) from exc
httpx.ReadTimeout: The read operation timed out
2026-08-22 15:37:54,273 ERROR poll cycle failed; backing off
Traceback (most recent call last):
  File "/Users/nripeshpradhan/Documents/Github/i-test-season/.venv/lib/python3.11/site-packages/httpx/_transports/default.py", line 101, in map_httpcore_exceptions
    yield
  File "/Users/nripeshpradhan/Documents/Github/i-test-season/.venv/lib/python3.11/site-packages/httpx/_transports/default.py", line 250, in handle_request
    resp = self._pool.handle_request(req)
           ^^^^^^^^^^^^^^^^^^^^^^^^^^^^^^
  File "/Users/nripeshpradhan/Documents/Github/i-test-season/.venv/lib/python3.11/site-packages/httpcore/_sync/connection_pool.py", line 256, in handle_request
    raise exc from None
  File "/Users/nripeshpradhan/Documents/Github/i-test-season/.venv/lib/python3.11/site-packages/httpcore/_sync/connection_pool.py", line 236, in handle_request
    response = connection.handle_request(
               ^^^^^^^^^^^^^^^^^^^^^^^^^^
  File "/Users/nripeshpradhan/Documents/Github/i-test-season/.venv/lib/python3.11/site-packages/httpcore/_sync/connection.py", line 103, in handle_request
    return self._connection.handle_request(request)
           ^^^^^^^^^^^^^^^^^^^^^^^^^^^^^^^^^^^^^^^^
  File "/Users/nripeshpradhan/Documents/Github/i-test-season/.venv/lib/python3.11/site-packages/httpcore/_sync/http11.py", line 136, in handle_request
    raise exc
  File "/Users/nripeshpradhan/Documents/Github/i-test-season/.venv/lib/python3.11/site-packages/httpcore/_sync/http11.py", line 106, in handle_request
    ) = self._receive_response_headers(**kwargs)
        ^^^^^^^^^^^^^^^^^^^^^^^^^^^^^^^^^^^^^^^^
  File "/Users/nripeshpradhan/Documents/Github/i-test-season/.venv/lib/python3.11/site-packages/httpcore/_sync/http11.py", line 177, in _receive_response_headers
    event = self._receive_event(timeout=timeout)
            ^^^^^^^^^^^^^^^^^^^^^^^^^^^^^^^^^^^^
  File "/Users/nripeshpradhan/Documents/Github/i-test-season/.venv/lib/python3.11/site-packages/httpcore/_sync/http11.py", line 217, in _receive_event
    data = self._network_stream.read(
           ^^^^^^^^^^^^^^^^^^^^^^^^^^
  File "/Users/nripeshpradhan/Documents/Github/i-test-season/.venv/lib/python3.11/site-packages/httpcore/_backends/sync.py", line 126, in read
    with map_exceptions(exc_map):
  File "/Users/nripeshpradhan/.local/share/uv/python/cpython-3.11.15-macos-aarch64-none/lib/python3.11/contextlib.py", line 158, in __exit__
    self.gen.throw(typ, value, traceback)
  File "/Users/nripeshpradhan/Documents/Github/i-test-season/.venv/lib/python3.11/site-packages/httpcore/_exceptions.py", line 14, in map_exceptions
    raise to_exc(exc) from exc
httpcore.ReadTimeout: The read operation timed out

The above exception was the direct cause of the following exception:

Traceback (most recent call last):
  File "/Users/nripeshpradhan/Documents/Github/i-test-season/fpl_edge/interfaces/telegram.py", line 503, in run_forever
    self.poll_once(timeout=timeout)
  File "/Users/nripeshpradhan/Documents/Github/i-test-season/fpl_edge/interfaces/telegram.py", line 338, in poll_once
    body = self.transport.call(
           ^^^^^^^^^^^^^^^^^^^^
  File "/Users/nripeshpradhan/Documents/Github/i-test-season/fpl_edge/interfaces/telegram.py", line 102, in call
    resp = self._client.post(f"/{method}", json=payload, timeout=timeout)
           ^^^^^^^^^^^^^^^^^^^^^^^^^^^^^^^^^^^^^^^^^^^^^^^^^^^^^^^^^^^^^^
  File "/Users/nripeshpradhan/Documents/Github/i-test-season/.venv/lib/python3.11/site-packages/httpx/_client.py", line 1144, in post
    return self.request(
           ^^^^^^^^^^^^^
  File "/Users/nripeshpradhan/Documents/Github/i-test-season/.venv/lib/python3.11/site-packages/httpx/_client.py", line 825, in request
    return self.send(request, auth=auth, follow_redirects=follow_redirects)
           ^^^^^^^^^^^^^^^^^^^^^^^^^^^^^^^^^^^^^^^^^^^^^^^^^^^^^^^^^^^^^^^^
  File "/Users/nripeshpradhan/Documents/Github/i-test-season/.venv/lib/python3.11/site-packages/httpx/_client.py", line 914, in send
    response = self._send_handling_auth(
               ^^^^^^^^^^^^^^^^^^^^^^^^^
  File "/Users/nripeshpradhan/Documents/Github/i-test-season/.venv/lib/python3.11/site-packages/httpx/_client.py", line 942, in _send_handling_auth
    response = self._send_handling_redirects(
               ^^^^^^^^^^^^^^^^^^^^^^^^^^^^^^
  File "/Users/nripeshpradhan/Documents/Github/i-test-season/.venv/lib/python3.11/site-packages/httpx/_client.py", line 979, in _send_handling_redirects
    response = self._send_single_request(request)
               ^^^^^^^^^^^^^^^^^^^^^^^^^^^^^^^^^^
  File "/Users/nripeshpradhan/Documents/Github/i-test-season/.venv/lib/python3.11/site-packages/httpx/_client.py", line 1014, in _send_single_request
    response = transport.handle_request(request)
               ^^^^^^^^^^^^^^^^^^^^^^^^^^^^^^^^^
  File "/Users/nripeshpradhan/Documents/Github/i-test-season/.venv/lib/python3.11/site-packages/httpx/_transports/default.py", line 249, in handle_request
    with map_httpcore_exceptions():
  File "/Users/nripeshpradhan/.local/share/uv/python/cpython-3.11.15-macos-aarch64-none/lib/python3.11/contextlib.py", line 158, in __exit__
    self.gen.throw(typ, value, traceback)
  File "/Users/nripeshpradhan/Documents/Github/i-test-season/.venv/lib/python3.11/site-packages/httpx/_transports/default.py", line 118, in map_httpcore_exceptions
    raise mapped_exc(message) from exc
httpx.ReadTimeout: The read operation timed out
2026-08-22 17:05:17,468 ERROR poll cycle failed; backing off
Traceback (most recent call last):
  File "/Users/nripeshpradhan/Documents/Github/i-test-season/.venv/lib/python3.11/site-packages/httpx/_transports/default.py", line 101, in map_httpcore_exceptions
    yield
  File "/Users/nripeshpradhan/Documents/Github/i-test-season/.venv/lib/python3.11/site-packages/httpx/_transports/default.py", line 250, in handle_request
    resp = self._pool.handle_request(req)
           ^^^^^^^^^^^^^^^^^^^^^^^^^^^^^^
  File "/Users/nripeshpradhan/Documents/Github/i-test-season/.venv/lib/python3.11/site-packages/httpcore/_sync/connection_pool.py", line 256, in handle_request
    raise exc from None
  File "/Users/nripeshpradhan/Documents/Github/i-test-season/.venv/lib/python3.11/site-packages/httpcore/_sync/connection_pool.py", line 236, in handle_request
    response = connection.handle_request(
               ^^^^^^^^^^^^^^^^^^^^^^^^^^
  File "/Users/nripeshpradhan/Documents/Github/i-test-season/.venv/lib/python3.11/site-packages/httpcore/_sync/connection.py", line 103, in handle_request
    return self._connection.handle_request(request)
           ^^^^^^^^^^^^^^^^^^^^^^^^^^^^^^^^^^^^^^^^
  File "/Users/nripeshpradhan/Documents/Github/i-test-season/.venv/lib/python3.11/site-packages/httpcore/_sync/http11.py", line 136, in handle_request
    raise exc
  File "/Users/nripeshpradhan/Documents/Github/i-test-season/.venv/lib/python3.11/site-packages/httpcore/_sync/http11.py", line 106, in handle_request
    ) = self._receive_response_headers(**kwargs)
        ^^^^^^^^^^^^^^^^^^^^^^^^^^^^^^^^^^^^^^^^
  File "/Users/nripeshpradhan/Documents/Github/i-test-season/.venv/lib/python3.11/site-packages/httpcore/_sync/http11.py", line 177, in _receive_response_headers
    event = self._receive_event(timeout=timeout)
            ^^^^^^^^^^^^^^^^^^^^^^^^^^^^^^^^^^^^
  File "/Users/nripeshpradhan/Documents/Github/i-test-season/.venv/lib/python3.11/site-packages/httpcore/_sync/http11.py", line 217, in _receive_event
    data = self._network_stream.read(
           ^^^^^^^^^^^^^^^^^^^^^^^^^^
  File "/Users/nripeshpradhan/Documents/Github/i-test-season/.venv/lib/python3.11/site-packages/httpcore/_backends/sync.py", line 126, in read
    with map_exceptions(exc_map):
  File "/Users/nripeshpradhan/.local/share/uv/python/cpython-3.11.15-macos-aarch64-none/lib/python3.11/contextlib.py", line 158, in __exit__
    self.gen.throw(typ, value, traceback)
  File "/Users/nripeshpradhan/Documents/Github/i-test-season/.venv/lib/python3.11/site-packages/httpcore/_exceptions.py", line 14, in map_exceptions
    raise to_exc(exc) from exc
httpcore.ReadTimeout: The read operation timed out

The above exception was the direct cause of the following exception:

Traceback (most recent call last):
  File "/Users/nripeshpradhan/Documents/Github/i-test-season/fpl_edge/interfaces/telegram.py", line 503, in run_forever
    self.poll_once(timeout=timeout)
  File "/Users/nripeshpradhan/Documents/Github/i-test-season/fpl_edge/interfaces/telegram.py", line 338, in poll_once
    body = self.transport.call(
           ^^^^^^^^^^^^^^^^^^^^
  File "/Users/nripeshpradhan/Documents/Github/i-test-season/fpl_edge/interfaces/telegram.py", line 102, in call
    resp = self._client.post(f"/{method}", json=payload, timeout=timeout)
           ^^^^^^^^^^^^^^^^^^^^^^^^^^^^^^^^^^^^^^^^^^^^^^^^^^^^^^^^^^^^^^
  File "/Users/nripeshpradhan/Documents/Github/i-test-season/.venv/lib/python3.11/site-packages/httpx/_client.py", line 1144, in post
    return self.request(
           ^^^^^^^^^^^^^
  File "/Users/nripeshpradhan/Documents/Github/i-test-season/.venv/lib/python3.11/site-packages/httpx/_client.py", line 825, in request
    return self.send(request, auth=auth, follow_redirects=follow_redirects)
           ^^^^^^^^^^^^^^^^^^^^^^^^^^^^^^^^^^^^^^^^^^^^^^^^^^^^^^^^^^^^^^^^
  File "/Users/nripeshpradhan/Documents/Github/i-test-season/.venv/lib/python3.11/site-packages/httpx/_client.py", line 914, in send
    response = self._send_handling_auth(
               ^^^^^^^^^^^^^^^^^^^^^^^^^
  File "/Users/nripeshpradhan/Documents/Github/i-test-season/.venv/lib/python3.11/site-packages/httpx/_client.py", line 942, in _send_handling_auth
    response = self._send_handling_redirects(
               ^^^^^^^^^^^^^^^^^^^^^^^^^^^^^^
  File "/Users/nripeshpradhan/Documents/Github/i-test-season/.venv/lib/python3.11/site-packages/httpx/_client.py", line 979, in _send_handling_redirects
    response = self._send_single_request(request)
               ^^^^^^^^^^^^^^^^^^^^^^^^^^^^^^^^^^
  File "/Users/nripeshpradhan/Documents/Github/i-test-season/.venv/lib/python3.11/site-packages/httpx/_client.py", line 1014, in _send_single_request
    response = transport.handle_request(request)
               ^^^^^^^^^^^^^^^^^^^^^^^^^^^^^^^^^
  File "/Users/nripeshpradhan/Documents/Github/i-test-season/.venv/lib/python3.11/site-packages/httpx/_transports/default.py", line 249, in handle_request
    with map_httpcore_exceptions():
  File "/Users/nripeshpradhan/.local/share/uv/python/cpython-3.11.15-macos-aarch64-none/lib/python3.11/contextlib.py", line 158, in __exit__
    self.gen.throw(typ, value, traceback)
  File "/Users/nripeshpradhan/Documents/Github/i-test-season/.venv/lib/python3.11/site-packages/httpx/_transports/default.py", line 118, in map_httpcore_exceptions
    raise mapped_exc(message) from exc
httpx.ReadTimeout: The read operation timed out
2026-08-22 17:29:11,538 ERROR poll cycle failed; backing off
Traceback (most recent call last):
  File "/Users/nripeshpradhan/Documents/Github/i-test-season/.venv/lib/python3.11/site-packages/httpx/_transports/default.py", line 101, in map_httpcore_exceptions
    yield
  File "/Users/nripeshpradhan/Documents/Github/i-test-season/.venv/lib/python3.11/site-packages/httpx/_transports/default.py", line 250, in handle_request
    resp = self._pool.handle_request(req)
           ^^^^^^^^^^^^^^^^^^^^^^^^^^^^^^
  File "/Users/nripeshpradhan/Documents/Github/i-test-season/.venv/lib/python3.11/site-packages/httpcore/_sync/connection_pool.py", line 256, in handle_request
    raise exc from None
  File "/Users/nripeshpradhan/Documents/Github/i-test-season/.venv/lib/python3.11/site-packages/httpcore/_sync/connection_pool.py", line 236, in handle_request
    response = connection.handle_request(
               ^^^^^^^^^^^^^^^^^^^^^^^^^^
  File "/Users/nripeshpradhan/Documents/Github/i-test-season/.venv/lib/python3.11/site-packages/httpcore/_sync/connection.py", line 103, in handle_request
    return self._connection.handle_request(request)
           ^^^^^^^^^^^^^^^^^^^^^^^^^^^^^^^^^^^^^^^^
  File "/Users/nripeshpradhan/Documents/Github/i-test-season/.venv/lib/python3.11/site-packages/httpcore/_sync/http11.py", line 136, in handle_request
    raise exc
  File "/Users/nripeshpradhan/Documents/Github/i-test-season/.venv/lib/python3.11/site-packages/httpcore/_sync/http11.py", line 106, in handle_request
    ) = self._receive_response_headers(**kwargs)
        ^^^^^^^^^^^^^^^^^^^^^^^^^^^^^^^^^^^^^^^^
  File "/Users/nripeshpradhan/Documents/Github/i-test-season/.venv/lib/python3.11/site-packages/httpcore/_sync/http11.py", line 177, in _receive_response_headers
    event = self._receive_event(timeout=timeout)
            ^^^^^^^^^^^^^^^^^^^^^^^^^^^^^^^^^^^^
  File "/Users/nripeshpradhan/Documents/Github/i-test-season/.venv/lib/python3.11/site-packages/httpcore/_sync/http11.py", line 217, in _receive_event
    data = self._network_stream.read(
           ^^^^^^^^^^^^^^^^^^^^^^^^^^
  File "/Users/nripeshpradhan/Documents/Github/i-test-season/.venv/lib/python3.11/site-packages/httpcore/_backends/sync.py", line 126, in read
    with map_exceptions(exc_map):
  File "/Users/nripeshpradhan/.local/share/uv/python/cpython-3.11.15-macos-aarch64-none/lib/python3.11/contextlib.py", line 158, in __exit__
    self.gen.throw(typ, value, traceback)
  File "/Users/nripeshpradhan/Documents/Github/i-test-season/.venv/lib/python3.11/site-packages/httpcore/_exceptions.py", line 14, in map_exceptions
    raise to_exc(exc) from exc
httpcore.ReadTimeout: The read operation timed out

The above exception was the direct cause of the following exception:

Traceback (most recent call last):
  File "/Users/nripeshpradhan/Documents/Github/i-test-season/fpl_edge/interfaces/telegram.py", line 503, in run_forever
    self.poll_once(timeout=timeout)
  File "/Users/nripeshpradhan/Documents/Github/i-test-season/fpl_edge/interfaces/telegram.py", line 338, in poll_once
    body = self.transport.call(
           ^^^^^^^^^^^^^^^^^^^^
  File "/Users/nripeshpradhan/Documents/Github/i-test-season/fpl_edge/interfaces/telegram.py", line 102, in call
    resp = self._client.post(f"/{method}", json=payload, timeout=timeout)
           ^^^^^^^^^^^^^^^^^^^^^^^^^^^^^^^^^^^^^^^^^^^^^^^^^^^^^^^^^^^^^^
  File "/Users/nripeshpradhan/Documents/Github/i-test-season/.venv/lib/python3.11/site-packages/httpx/_client.py", line 1144, in post
    return self.request(
           ^^^^^^^^^^^^^
  File "/Users/nripeshpradhan/Documents/Github/i-test-season/.venv/lib/python3.11/site-packages/httpx/_client.py", line 825, in request
    return self.send(request, auth=auth, follow_redirects=follow_redirects)
           ^^^^^^^^^^^^^^^^^^^^^^^^^^^^^^^^^^^^^^^^^^^^^^^^^^^^^^^^^^^^^^^^
  File "/Users/nripeshpradhan/Documents/Github/i-test-season/.venv/lib/python3.11/site-packages/httpx/_client.py", line 914, in send
    response = self._send_handling_auth(
               ^^^^^^^^^^^^^^^^^^^^^^^^^
  File "/Users/nripeshpradhan/Documents/Github/i-test-season/.venv/lib/python3.11/site-packages/httpx/_client.py", line 942, in _send_handling_auth
    response = self._send_handling_redirects(
               ^^^^^^^^^^^^^^^^^^^^^^^^^^^^^^
  File "/Users/nripeshpradhan/Documents/Github/i-test-season/.venv/lib/python3.11/site-packages/httpx/_client.py", line 979, in _send_handling_redirects
    response = self._send_single_request(request)
               ^^^^^^^^^^^^^^^^^^^^^^^^^^^^^^^^^^
  File "/Users/nripeshpradhan/Documents/Github/i-test-season/.venv/lib/python3.11/site-packages/httpx/_client.py", line 1014, in _send_single_request
    response = transport.handle_request(request)
               ^^^^^^^^^^^^^^^^^^^^^^^^^^^^^^^^^
  File "/Users/nripeshpradhan/Documents/Github/i-test-season/.venv/lib/python3.11/site-packages/httpx/_transports/default.py", line 249, in handle_request
    with map_httpcore_exceptions():
  File "/Users/nripeshpradhan/.local/share/uv/python/cpython-3.11.15-macos-aarch64-none/lib/python3.11/contextlib.py", line 158, in __exit__
    self.gen.throw(typ, value, traceback)
  File "/Users/nripeshpradhan/Documents/Github/i-test-season/.venv/lib/python3.11/site-packages/httpx/_transports/default.py", line 118, in map_httpcore_exceptions
    raise mapped_exc(message) from exc
httpx.ReadTimeout: The read operation timed out
2026-08-22 18:17:00,294 ERROR poll cycle failed; backing off
Traceback (most recent call last):
  File "/Users/nripeshpradhan/Documents/Github/i-test-season/.venv/lib/python3.11/site-packages/httpx/_transports/default.py", line 101, in map_httpcore_exceptions
    yield
  File "/Users/nripeshpradhan/Documents/Github/i-test-season/.venv/lib/python3.11/site-packages/httpx/_transports/default.py", line 250, in handle_request
    resp = self._pool.handle_request(req)
           ^^^^^^^^^^^^^^^^^^^^^^^^^^^^^^
  File "/Users/nripeshpradhan/Documents/Github/i-test-season/.venv/lib/python3.11/site-packages/httpcore/_sync/connection_pool.py", line 256, in handle_request
    raise exc from None
  File "/Users/nripeshpradhan/Documents/Github/i-test-season/.venv/lib/python3.11/site-packages/httpcore/_sync/connection_pool.py", line 236, in handle_request
    response = connection.handle_request(
               ^^^^^^^^^^^^^^^^^^^^^^^^^^
  File "/Users/nripeshpradhan/Documents/Github/i-test-season/.venv/lib/python3.11/site-packages/httpcore/_sync/connection.py", line 103, in handle_request
    return self._connection.handle_request(request)
           ^^^^^^^^^^^^^^^^^^^^^^^^^^^^^^^^^^^^^^^^
  File "/Users/nripeshpradhan/Documents/Github/i-test-season/.venv/lib/python3.11/site-packages/httpcore/_sync/http11.py", line 136, in handle_request
    raise exc
  File "/Users/nripeshpradhan/Documents/Github/i-test-season/.venv/lib/python3.11/site-packages/httpcore/_sync/http11.py", line 106, in handle_request
    ) = self._receive_response_headers(**kwargs)
        ^^^^^^^^^^^^^^^^^^^^^^^^^^^^^^^^^^^^^^^^
  File "/Users/nripeshpradhan/Documents/Github/i-test-season/.venv/lib/python3.11/site-packages/httpcore/_sync/http11.py", line 177, in _receive_response_headers
    event = self._receive_event(timeout=timeout)
            ^^^^^^^^^^^^^^^^^^^^^^^^^^^^^^^^^^^^
  File "/Users/nripeshpradhan/Documents/Github/i-test-season/.venv/lib/python3.11/site-packages/httpcore/_sync/http11.py", line 217, in _receive_event
    data = self._network_stream.read(
           ^^^^^^^^^^^^^^^^^^^^^^^^^^
  File "/Users/nripeshpradhan/Documents/Github/i-test-season/.venv/lib/python3.11/site-packages/httpcore/_backends/sync.py", line 126, in read
    with map_exceptions(exc_map):
  File "/Users/nripeshpradhan/.local/share/uv/python/cpython-3.11.15-macos-aarch64-none/lib/python3.11/contextlib.py", line 158, in __exit__
    self.gen.throw(typ, value, traceback)
  File "/Users/nripeshpradhan/Documents/Github/i-test-season/.venv/lib/python3.11/site-packages/httpcore/_exceptions.py", line 14, in map_exceptions
    raise to_exc(exc) from exc
httpcore.ReadTimeout: The read operation timed out

The above exception was the direct cause of the following exception:

Traceback (most recent call last):
  File "/Users/nripeshpradhan/Documents/Github/i-test-season/fpl_edge/interfaces/telegram.py", line 503, in run_forever
    self.poll_once(timeout=timeout)
  File "/Users/nripeshpradhan/Documents/Github/i-test-season/fpl_edge/interfaces/telegram.py", line 338, in poll_once
    body = self.transport.call(
           ^^^^^^^^^^^^^^^^^^^^
  File "/Users/nripeshpradhan/Documents/Github/i-test-season/fpl_edge/interfaces/telegram.py", line 102, in call
    resp = self._client.post(f"/{method}", json=payload, timeout=timeout)
           ^^^^^^^^^^^^^^^^^^^^^^^^^^^^^^^^^^^^^^^^^^^^^^^^^^^^^^^^^^^^^^
  File "/Users/nripeshpradhan/Documents/Github/i-test-season/.venv/lib/python3.11/site-packages/httpx/_client.py", line 1144, in post
    return self.request(
           ^^^^^^^^^^^^^
  File "/Users/nripeshpradhan/Documents/Github/i-test-season/.venv/lib/python3.11/site-packages/httpx/_client.py", line 825, in request
    return self.send(request, auth=auth, follow_redirects=follow_redirects)
           ^^^^^^^^^^^^^^^^^^^^^^^^^^^^^^^^^^^^^^^^^^^^^^^^^^^^^^^^^^^^^^^^
  File "/Users/nripeshpradhan/Documents/Github/i-test-season/.venv/lib/python3.11/site-packages/httpx/_client.py", line 914, in send
    response = self._send_handling_auth(
               ^^^^^^^^^^^^^^^^^^^^^^^^^
  File "/Users/nripeshpradhan/Documents/Github/i-test-season/.venv/lib/python3.11/site-packages/httpx/_client.py", line 942, in _send_handling_auth
    response = self._send_handling_redirects(
               ^^^^^^^^^^^^^^^^^^^^^^^^^^^^^^
  File "/Users/nripeshpradhan/Documents/Github/i-test-season/.venv/lib/python3.11/site-packages/httpx/_client.py", line 979, in _send_handling_redirects
    response = self._send_single_request(request)
               ^^^^^^^^^^^^^^^^^^^^^^^^^^^^^^^^^^
  File "/Users/nripeshpradhan/Documents/Github/i-test-season/.venv/lib/python3.11/site-packages/httpx/_client.py", line 1014, in _send_single_request
    response = transport.handle_request(request)
               ^^^^^^^^^^^^^^^^^^^^^^^^^^^^^^^^^
  File "/Users/nripeshpradhan/Documents/Github/i-test-season/.venv/lib/python3.11/site-packages/httpx/_transports/default.py", line 249, in handle_request
    with map_httpcore_exceptions():
  File "/Users/nripeshpradhan/.local/share/uv/python/cpython-3.11.15-macos-aarch64-none/lib/python3.11/contextlib.py", line 158, in __exit__
    self.gen.throw(typ, value, traceback)
  File "/Users/nripeshpradhan/Documents/Github/i-test-season/.venv/lib/python3.11/site-packages/httpx/_transports/default.py", line 118, in map_httpcore_exceptions
    raise mapped_exc(message) from exc
httpx.ReadTimeout: The read operation timed out
2026-08-22 18:52:05,607 ERROR poll cycle failed; backing off
Traceback (most recent call last):
  File "/Users/nripeshpradhan/Documents/Github/i-test-season/.venv/lib/python3.11/site-packages/httpx/_transports/default.py", line 101, in map_httpcore_exceptions
    yield
  File "/Users/nripeshpradhan/Documents/Github/i-test-season/.venv/lib/python3.11/site-packages/httpx/_transports/default.py", line 250, in handle_request
    resp = self._pool.handle_request(req)
           ^^^^^^^^^^^^^^^^^^^^^^^^^^^^^^
  File "/Users/nripeshpradhan/Documents/Github/i-test-season/.venv/lib/python3.11/site-packages/httpcore/_sync/connection_pool.py", line 256, in handle_request
    raise exc from None
  File "/Users/nripeshpradhan/Documents/Github/i-test-season/.venv/lib/python3.11/site-packages/httpcore/_sync/connection_pool.py", line 236, in handle_request
    response = connection.handle_request(
               ^^^^^^^^^^^^^^^^^^^^^^^^^^
  File "/Users/nripeshpradhan/Documents/Github/i-test-season/.venv/lib/python3.11/site-packages/httpcore/_sync/connection.py", line 103, in handle_request
    return self._connection.handle_request(request)
           ^^^^^^^^^^^^^^^^^^^^^^^^^^^^^^^^^^^^^^^^
  File "/Users/nripeshpradhan/Documents/Github/i-test-season/.venv/lib/python3.11/site-packages/httpcore/_sync/http11.py", line 136, in handle_request
    raise exc
  File "/Users/nripeshpradhan/Documents/Github/i-test-season/.venv/lib/python3.11/site-packages/httpcore/_sync/http11.py", line 106, in handle_request
    ) = self._receive_response_headers(**kwargs)
        ^^^^^^^^^^^^^^^^^^^^^^^^^^^^^^^^^^^^^^^^
  File "/Users/nripeshpradhan/Documents/Github/i-test-season/.venv/lib/python3.11/site-packages/httpcore/_sync/http11.py", line 177, in _receive_response_headers
    event = self._receive_event(timeout=timeout)
            ^^^^^^^^^^^^^^^^^^^^^^^^^^^^^^^^^^^^
  File "/Users/nripeshpradhan/Documents/Github/i-test-season/.venv/lib/python3.11/site-packages/httpcore/_sync/http11.py", line 217, in _receive_event
    data = self._network_stream.read(
           ^^^^^^^^^^^^^^^^^^^^^^^^^^
  File "/Users/nripeshpradhan/Documents/Github/i-test-season/.venv/lib/python3.11/site-packages/httpcore/_backends/sync.py", line 126, in read
    with map_exceptions(exc_map):
  File "/Users/nripeshpradhan/.local/share/uv/python/cpython-3.11.15-macos-aarch64-none/lib/python3.11/contextlib.py", line 158, in __exit__
    self.gen.throw(typ, value, traceback)
  File "/Users/nripeshpradhan/Documents/Github/i-test-season/.venv/lib/python3.11/site-packages/httpcore/_exceptions.py", line 14, in map_exceptions
    raise to_exc(exc) from exc
httpcore.ReadTimeout: The read operation timed out

The above exception was the direct cause of the following exception:

Traceback (most recent call last):
  File "/Users/nripeshpradhan/Documents/Github/i-test-season/fpl_edge/interfaces/telegram.py", line 503, in run_forever
    self.poll_once(timeout=timeout)
  File "/Users/nripeshpradhan/Documents/Github/i-test-season/fpl_edge/interfaces/telegram.py", line 338, in poll_once
    body = self.transport.call(
           ^^^^^^^^^^^^^^^^^^^^
  File "/Users/nripeshpradhan/Documents/Github/i-test-season/fpl_edge/interfaces/telegram.py", line 102, in call
    resp = self._client.post(f"/{method}", json=payload, timeout=timeout)
           ^^^^^^^^^^^^^^^^^^^^^^^^^^^^^^^^^^^^^^^^^^^^^^^^^^^^^^^^^^^^^^
  File "/Users/nripeshpradhan/Documents/Github/i-test-season/.venv/lib/python3.11/site-packages/httpx/_client.py", line 1144, in post
    return self.request(
           ^^^^^^^^^^^^^
  File "/Users/nripeshpradhan/Documents/Github/i-test-season/.venv/lib/python3.11/site-packages/httpx/_client.py", line 825, in request
    return self.send(request, auth=auth, follow_redirects=follow_redirects)
           ^^^^^^^^^^^^^^^^^^^^^^^^^^^^^^^^^^^^^^^^^^^^^^^^^^^^^^^^^^^^^^^^
  File "/Users/nripeshpradhan/Documents/Github/i-test-season/.venv/lib/python3.11/site-packages/httpx/_client.py", line 914, in send
    response = self._send_handling_auth(
               ^^^^^^^^^^^^^^^^^^^^^^^^^
  File "/Users/nripeshpradhan/Documents/Github/i-test-season/.venv/lib/python3.11/site-packages/httpx/_client.py", line 942, in _send_handling_auth
    response = self._send_handling_redirects(
               ^^^^^^^^^^^^^^^^^^^^^^^^^^^^^^
  File "/Users/nripeshpradhan/Documents/Github/i-test-season/.venv/lib/python3.11/site-packages/httpx/_client.py", line 979, in _send_handling_redirects
    response = self._send_single_request(request)
               ^^^^^^^^^^^^^^^^^^^^^^^^^^^^^^^^^^
  File "/Users/nripeshpradhan/Documents/Github/i-test-season/.venv/lib/python3.11/site-packages/httpx/_client.py", line 1014, in _send_single_request
    response = transport.handle_request(request)
               ^^^^^^^^^^^^^^^^^^^^^^^^^^^^^^^^^
  File "/Users/nripeshpradhan/Documents/Github/i-test-season/.venv/lib/python3.11/site-packages/httpx/_transports/default.py", line 249, in handle_request
    with map_httpcore_exceptions():
  File "/Users/nripeshpradhan/.local/share/uv/python/cpython-3.11.15-macos-aarch64-none/lib/python3.11/contextlib.py", line 158, in __exit__
    self.gen.throw(typ, value, traceback)
  File "/Users/nripeshpradhan/Documents/Github/i-test-season/.venv/lib/python3.11/site-packages/httpx/_transports/default.py", line 118, in map_httpcore_exceptions
    raise mapped_exc(message) from exc
httpx.ReadTimeout: The read operation timed out
2026-08-22 19:12:23,352 ERROR poll cycle failed; backing off
Traceback (most recent call last):
  File "/Users/nripeshpradhan/Documents/Github/i-test-season/.venv/lib/python3.11/site-packages/httpx/_transports/default.py", line 101, in map_httpcore_exceptions
    yield
  File "/Users/nripeshpradhan/Documents/Github/i-test-season/.venv/lib/python3.11/site-packages/httpx/_transports/default.py", line 250, in handle_request
    resp = self._pool.handle_request(req)
           ^^^^^^^^^^^^^^^^^^^^^^^^^^^^^^
  File "/Users/nripeshpradhan/Documents/Github/i-test-season/.venv/lib/python3.11/site-packages/httpcore/_sync/connection_pool.py", line 256, in handle_request
    raise exc from None
  File "/Users/nripeshpradhan/Documents/Github/i-test-season/.venv/lib/python3.11/site-packages/httpcore/_sync/connection_pool.py", line 236, in handle_request
    response = connection.handle_request(
               ^^^^^^^^^^^^^^^^^^^^^^^^^^
  File "/Users/nripeshpradhan/Documents/Github/i-test-season/.venv/lib/python3.11/site-packages/httpcore/_sync/connection.py", line 103, in handle_request
    return self._connection.handle_request(request)
           ^^^^^^^^^^^^^^^^^^^^^^^^^^^^^^^^^^^^^^^^
  File "/Users/nripeshpradhan/Documents/Github/i-test-season/.venv/lib/python3.11/site-packages/httpcore/_sync/http11.py", line 136, in handle_request
    raise exc
  File "/Users/nripeshpradhan/Documents/Github/i-test-season/.venv/lib/python3.11/site-packages/httpcore/_sync/http11.py", line 106, in handle_request
    ) = self._receive_response_headers(**kwargs)
        ^^^^^^^^^^^^^^^^^^^^^^^^^^^^^^^^^^^^^^^^
  File "/Users/nripeshpradhan/Documents/Github/i-test-season/.venv/lib/python3.11/site-packages/httpcore/_sync/http11.py", line 177, in _receive_response_headers
    event = self._receive_event(timeout=timeout)
            ^^^^^^^^^^^^^^^^^^^^^^^^^^^^^^^^^^^^
  File "/Users/nripeshpradhan/Documents/Github/i-test-season/.venv/lib/python3.11/site-packages/httpcore/_sync/http11.py", line 217, in _receive_event
    data = self._network_stream.read(
           ^^^^^^^^^^^^^^^^^^^^^^^^^^
  File "/Users/nripeshpradhan/Documents/Github/i-test-season/.venv/lib/python3.11/site-packages/httpcore/_backends/sync.py", line 126, in read
    with map_exceptions(exc_map):
  File "/Users/nripeshpradhan/.local/share/uv/python/cpython-3.11.15-macos-aarch64-none/lib/python3.11/contextlib.py", line 158, in __exit__
    self.gen.throw(typ, value, traceback)
  File "/Users/nripeshpradhan/Documents/Github/i-test-season/.venv/lib/python3.11/site-packages/httpcore/_exceptions.py", line 14, in map_exceptions
    raise to_exc(exc) from exc
httpcore.ReadTimeout: The read operation timed out

The above exception was the direct cause of the following exception:

Traceback (most recent call last):
  File "/Users/nripeshpradhan/Documents/Github/i-test-season/fpl_edge/interfaces/telegram.py", line 503, in run_forever
    self.poll_once(timeout=timeout)
  File "/Users/nripeshpradhan/Documents/Github/i-test-season/fpl_edge/interfaces/telegram.py", line 338, in poll_once
    body = self.transport.call(
           ^^^^^^^^^^^^^^^^^^^^
  File "/Users/nripeshpradhan/Documents/Github/i-test-season/fpl_edge/interfaces/telegram.py", line 102, in call
    resp = self._client.post(f"/{method}", json=payload, timeout=timeout)
           ^^^^^^^^^^^^^^^^^^^^^^^^^^^^^^^^^^^^^^^^^^^^^^^^^^^^^^^^^^^^^^
  File "/Users/nripeshpradhan/Documents/Github/i-test-season/.venv/lib/python3.11/site-packages/httpx/_client.py", line 1144, in post
    return self.request(
           ^^^^^^^^^^^^^
  File "/Users/nripeshpradhan/Documents/Github/i-test-season/.venv/lib/python3.11/site-packages/httpx/_client.py", line 825, in request
    return self.send(request, auth=auth, follow_redirects=follow_redirects)
           ^^^^^^^^^^^^^^^^^^^^^^^^^^^^^^^^^^^^^^^^^^^^^^^^^^^^^^^^^^^^^^^^
  File "/Users/nripeshpradhan/Documents/Github/i-test-season/.venv/lib/python3.11/site-packages/httpx/_client.py", line 914, in send
    response = self._send_handling_auth(
               ^^^^^^^^^^^^^^^^^^^^^^^^^
  File "/Users/nripeshpradhan/Documents/Github/i-test-season/.venv/lib/python3.11/site-packages/httpx/_client.py", line 942, in _send_handling_auth
    response = self._send_handling_redirects(
               ^^^^^^^^^^^^^^^^^^^^^^^^^^^^^^
  File "/Users/nripeshpradhan/Documents/Github/i-test-season/.venv/lib/python3.11/site-packages/httpx/_client.py", line 979, in _send_handling_redirects
    response = self._send_single_request(request)
               ^^^^^^^^^^^^^^^^^^^^^^^^^^^^^^^^^^
  File "/Users/nripeshpradhan/Documents/Github/i-test-season/.venv/lib/python3.11/site-packages/httpx/_client.py", line 1014, in _send_single_request
    response = transport.handle_request(request)
               ^^^^^^^^^^^^^^^^^^^^^^^^^^^^^^^^^
  File "/Users/nripeshpradhan/Documents/Github/i-test-season/.venv/lib/python3.11/site-packages/httpx/_transports/default.py", line 249, in handle_request
    with map_httpcore_exceptions():
  File "/Users/nripeshpradhan/.local/share/uv/python/cpython-3.11.15-macos-aarch64-none/lib/python3.11/contextlib.py", line 158, in __exit__
    self.gen.throw(typ, value, traceback)
  File "/Users/nripeshpradhan/Documents/Github/i-test-season/.venv/lib/python3.11/site-packages/httpx/_transports/default.py", line 118, in map_httpcore_exceptions
    raise mapped_exc(message) from exc
httpx.ReadTimeout: The read operation timed out
2026-08-22 19:55:37,441 ERROR poll cycle failed; backing off
Traceback (most recent call last):
  File "/Users/nripeshpradhan/Documents/Github/i-test-season/.venv/lib/python3.11/site-packages/httpx/_transports/default.py", line 101, in map_httpcore_exceptions
    yield
  File "/Users/nripeshpradhan/Documents/Github/i-test-season/.venv/lib/python3.11/site-packages/httpx/_transports/default.py", line 250, in handle_request
    resp = self._pool.handle_request(req)
           ^^^^^^^^^^^^^^^^^^^^^^^^^^^^^^
  File "/Users/nripeshpradhan/Documents/Github/i-test-season/.venv/lib/python3.11/site-packages/httpcore/_sync/connection_pool.py", line 256, in handle_request
    raise exc from None
  File "/Users/nripeshpradhan/Documents/Github/i-test-season/.venv/lib/python3.11/site-packages/httpcore/_sync/connection_pool.py", line 236, in handle_request
    response = connection.handle_request(
               ^^^^^^^^^^^^^^^^^^^^^^^^^^
  File "/Users/nripeshpradhan/Documents/Github/i-test-season/.venv/lib/python3.11/site-packages/httpcore/_sync/connection.py", line 103, in handle_request
    return self._connection.handle_request(request)
           ^^^^^^^^^^^^^^^^^^^^^^^^^^^^^^^^^^^^^^^^
  File "/Users/nripeshpradhan/Documents/Github/i-test-season/.venv/lib/python3.11/site-packages/httpcore/_sync/http11.py", line 136, in handle_request
    raise exc
  File "/Users/nripeshpradhan/Documents/Github/i-test-season/.venv/lib/python3.11/site-packages/httpcore/_sync/http11.py", line 106, in handle_request
    ) = self._receive_response_headers(**kwargs)
        ^^^^^^^^^^^^^^^^^^^^^^^^^^^^^^^^^^^^^^^^
  File "/Users/nripeshpradhan/Documents/Github/i-test-season/.venv/lib/python3.11/site-packages/httpcore/_sync/http11.py", line 177, in _receive_response_headers
    event = self._receive_event(timeout=timeout)
            ^^^^^^^^^^^^^^^^^^^^^^^^^^^^^^^^^^^^
  File "/Users/nripeshpradhan/Documents/Github/i-test-season/.venv/lib/python3.11/site-packages/httpcore/_sync/http11.py", line 217, in _receive_event
    data = self._network_stream.read(
           ^^^^^^^^^^^^^^^^^^^^^^^^^^
  File "/Users/nripeshpradhan/Documents/Github/i-test-season/.venv/lib/python3.11/site-packages/httpcore/_backends/sync.py", line 126, in read
    with map_exceptions(exc_map):
  File "/Users/nripeshpradhan/.local/share/uv/python/cpython-3.11.15-macos-aarch64-none/lib/python3.11/contextlib.py", line 158, in __exit__
    self.gen.throw(typ, value, traceback)
  File "/Users/nripeshpradhan/Documents/Github/i-test-season/.venv/lib/python3.11/site-packages/httpcore/_exceptions.py", line 14, in map_exceptions
    raise to_exc(exc) from exc
httpcore.ReadTimeout: The read operation timed out

The above exception was the direct cause of the following exception:

Traceback (most recent call last):
  File "/Users/nripeshpradhan/Documents/Github/i-test-season/fpl_edge/interfaces/telegram.py", line 503, in run_forever
    self.poll_once(timeout=timeout)
  File "/Users/nripeshpradhan/Documents/Github/i-test-season/fpl_edge/interfaces/telegram.py", line 338, in poll_once
    body = self.transport.call(
           ^^^^^^^^^^^^^^^^^^^^
  File "/Users/nripeshpradhan/Documents/Github/i-test-season/fpl_edge/interfaces/telegram.py", line 102, in call
    resp = self._client.post(f"/{method}", json=payload, timeout=timeout)
           ^^^^^^^^^^^^^^^^^^^^^^^^^^^^^^^^^^^^^^^^^^^^^^^^^^^^^^^^^^^^^^
  File "/Users/nripeshpradhan/Documents/Github/i-test-season/.venv/lib/python3.11/site-packages/httpx/_client.py", line 1144, in post
    return self.request(
           ^^^^^^^^^^^^^
  File "/Users/nripeshpradhan/Documents/Github/i-test-season/.venv/lib/python3.11/site-packages/httpx/_client.py", line 825, in request
    return self.send(request, auth=auth, follow_redirects=follow_redirects)
           ^^^^^^^^^^^^^^^^^^^^^^^^^^^^^^^^^^^^^^^^^^^^^^^^^^^^^^^^^^^^^^^^
  File "/Users/nripeshpradhan/Documents/Github/i-test-season/.venv/lib/python3.11/site-packages/httpx/_client.py", line 914, in send
    response = self._send_handling_auth(
               ^^^^^^^^^^^^^^^^^^^^^^^^^
  File "/Users/nripeshpradhan/Documents/Github/i-test-season/.venv/lib/python3.11/site-packages/httpx/_client.py", line 942, in _send_handling_auth
    response = self._send_handling_redirects(
               ^^^^^^^^^^^^^^^^^^^^^^^^^^^^^^
  File "/Users/nripeshpradhan/Documents/Github/i-test-season/.venv/lib/python3.11/site-packages/httpx/_client.py", line 979, in _send_handling_redirects
    response = self._send_single_request(request)
               ^^^^^^^^^^^^^^^^^^^^^^^^^^^^^^^^^^
  File "/Users/nripeshpradhan/Documents/Github/i-test-season/.venv/lib/python3.11/site-packages/httpx/_client.py", line 1014, in _send_single_request
    response = transport.handle_request(request)
               ^^^^^^^^^^^^^^^^^^^^^^^^^^^^^^^^^
  File "/Users/nripeshpradhan/Documents/Github/i-test-season/.venv/lib/python3.11/site-packages/httpx/_transports/default.py", line 249, in handle_request
    with map_httpcore_exceptions():
  File "/Users/nripeshpradhan/.local/share/uv/python/cpython-3.11.15-macos-aarch64-none/lib/python3.11/contextlib.py", line 158, in __exit__
    self.gen.throw(typ, value, traceback)
  File "/Users/nripeshpradhan/Documents/Github/i-test-season/.venv/lib/python3.11/site-packages/httpx/_transports/default.py", line 118, in map_httpcore_exceptions
    raise mapped_exc(message) from exc
httpx.ReadTimeout: The read operation timed out
2026-08-22 20:13:25,823 ERROR poll cycle failed; backing off
Traceback (most recent call last):
  File "/Users/nripeshpradhan/Documents/Github/i-test-season/.venv/lib/python3.11/site-packages/httpx/_transports/default.py", line 101, in map_httpcore_exceptions
    yield
  File "/Users/nripeshpradhan/Documents/Github/i-test-season/.venv/lib/python3.11/site-packages/httpx/_transports/default.py", line 250, in handle_request
    resp = self._pool.handle_request(req)
           ^^^^^^^^^^^^^^^^^^^^^^^^^^^^^^
  File "/Users/nripeshpradhan/Documents/Github/i-test-season/.venv/lib/python3.11/site-packages/httpcore/_sync/connection_pool.py", line 256, in handle_request
    raise exc from None
  File "/Users/nripeshpradhan/Documents/Github/i-test-season/.venv/lib/python3.11/site-packages/httpcore/_sync/connection_pool.py", line 236, in handle_request
    response = connection.handle_request(
               ^^^^^^^^^^^^^^^^^^^^^^^^^^
  File "/Users/nripeshpradhan/Documents/Github/i-test-season/.venv/lib/python3.11/site-packages/httpcore/_sync/connection.py", line 103, in handle_request
    return self._connection.handle_request(request)
           ^^^^^^^^^^^^^^^^^^^^^^^^^^^^^^^^^^^^^^^^
  File "/Users/nripeshpradhan/Documents/Github/i-test-season/.venv/lib/python3.11/site-packages/httpcore/_sync/http11.py", line 136, in handle_request
    raise exc
  File "/Users/nripeshpradhan/Documents/Github/i-test-season/.venv/lib/python3.11/site-packages/httpcore/_sync/http11.py", line 106, in handle_request
    ) = self._receive_response_headers(**kwargs)
        ^^^^^^^^^^^^^^^^^^^^^^^^^^^^^^^^^^^^^^^^
  File "/Users/nripeshpradhan/Documents/Github/i-test-season/.venv/lib/python3.11/site-packages/httpcore/_sync/http11.py", line 177, in _receive_response_headers
    event = self._receive_event(timeout=timeout)
            ^^^^^^^^^^^^^^^^^^^^^^^^^^^^^^^^^^^^
  File "/Users/nripeshpradhan/Documents/Github/i-test-season/.venv/lib/python3.11/site-packages/httpcore/_sync/http11.py", line 217, in _receive_event
    data = self._network_stream.read(
           ^^^^^^^^^^^^^^^^^^^^^^^^^^
  File "/Users/nripeshpradhan/Documents/Github/i-test-season/.venv/lib/python3.11/site-packages/httpcore/_backends/sync.py", line 126, in read
    with map_exceptions(exc_map):
  File "/Users/nripeshpradhan/.local/share/uv/python/cpython-3.11.15-macos-aarch64-none/lib/python3.11/contextlib.py", line 158, in __exit__
    self.gen.throw(typ, value, traceback)
  File "/Users/nripeshpradhan/Documents/Github/i-test-season/.venv/lib/python3.11/site-packages/httpcore/_exceptions.py", line 14, in map_exceptions
    raise to_exc(exc) from exc
httpcore.ReadTimeout: The read operation timed out

The above exception was the direct cause of the following exception:

Traceback (most recent call last):
  File "/Users/nripeshpradhan/Documents/Github/i-test-season/fpl_edge/interfaces/telegram.py", line 503, in run_forever
    self.poll_once(timeout=timeout)
  File "/Users/nripeshpradhan/Documents/Github/i-test-season/fpl_edge/interfaces/telegram.py", line 338, in poll_once
    body = self.transport.call(
           ^^^^^^^^^^^^^^^^^^^^
  File "/Users/nripeshpradhan/Documents/Github/i-test-season/fpl_edge/interfaces/telegram.py", line 102, in call
    resp = self._client.post(f"/{method}", json=payload, timeout=timeout)
           ^^^^^^^^^^^^^^^^^^^^^^^^^^^^^^^^^^^^^^^^^^^^^^^^^^^^^^^^^^^^^^
  File "/Users/nripeshpradhan/Documents/Github/i-test-season/.venv/lib/python3.11/site-packages/httpx/_client.py", line 1144, in post
    return self.request(
           ^^^^^^^^^^^^^
  File "/Users/nripeshpradhan/Documents/Github/i-test-season/.venv/lib/python3.11/site-packages/httpx/_client.py", line 825, in request
    return self.send(request, auth=auth, follow_redirects=follow_redirects)
           ^^^^^^^^^^^^^^^^^^^^^^^^^^^^^^^^^^^^^^^^^^^^^^^^^^^^^^^^^^^^^^^^
  File "/Users/nripeshpradhan/Documents/Github/i-test-season/.venv/lib/python3.11/site-packages/httpx/_client.py", line 914, in send
    response = self._send_handling_auth(
               ^^^^^^^^^^^^^^^^^^^^^^^^^
  File "/Users/nripeshpradhan/Documents/Github/i-test-season/.venv/lib/python3.11/site-packages/httpx/_client.py", line 942, in _send_handling_auth
    response = self._send_handling_redirects(
               ^^^^^^^^^^^^^^^^^^^^^^^^^^^^^^
  File "/Users/nripeshpradhan/Documents/Github/i-test-season/.venv/lib/python3.11/site-packages/httpx/_client.py", line 979, in _send_handling_redirects
    response = self._send_single_request(request)
               ^^^^^^^^^^^^^^^^^^^^^^^^^^^^^^^^^^
  File "/Users/nripeshpradhan/Documents/Github/i-test-season/.venv/lib/python3.11/site-packages/httpx/_client.py", line 1014, in _send_single_request
    response = transport.handle_request(request)
               ^^^^^^^^^^^^^^^^^^^^^^^^^^^^^^^^^
  File "/Users/nripeshpradhan/Documents/Github/i-test-season/.venv/lib/python3.11/site-packages/httpx/_transports/default.py", line 249, in handle_request
    with map_httpcore_exceptions():
  File "/Users/nripeshpradhan/.local/share/uv/python/cpython-3.11.15-macos-aarch64-none/lib/python3.11/contextlib.py", line 158, in __exit__
    self.gen.throw(typ, value, traceback)
  File "/Users/nripeshpradhan/Documents/Github/i-test-season/.venv/lib/python3.11/site-packages/httpx/_transports/default.py", line 118, in map_httpcore_exceptions
    raise mapped_exc(message) from exc
httpx.ReadTimeout: The read operation timed out
2026-08-22 21:03:01,879 ERROR poll cycle failed; backing off
Traceback (most recent call last):
  File "/Users/nripeshpradhan/Documents/Github/i-test-season/.venv/lib/python3.11/site-packages/httpx/_transports/default.py", line 101, in map_httpcore_exceptions
    yield
  File "/Users/nripeshpradhan/Documents/Github/i-test-season/.venv/lib/python3.11/site-packages/httpx/_transports/default.py", line 250, in handle_request
    resp = self._pool.handle_request(req)
           ^^^^^^^^^^^^^^^^^^^^^^^^^^^^^^
  File "/Users/nripeshpradhan/Documents/Github/i-test-season/.venv/lib/python3.11/site-packages/httpcore/_sync/connection_pool.py", line 256, in handle_request
    raise exc from None
  File "/Users/nripeshpradhan/Documents/Github/i-test-season/.venv/lib/python3.11/site-packages/httpcore/_sync/connection_pool.py", line 236, in handle_request
    response = connection.handle_request(
               ^^^^^^^^^^^^^^^^^^^^^^^^^^
  File "/Users/nripeshpradhan/Documents/Github/i-test-season/.venv/lib/python3.11/site-packages/httpcore/_sync/connection.py", line 103, in handle_request
    return self._connection.handle_request(request)
           ^^^^^^^^^^^^^^^^^^^^^^^^^^^^^^^^^^^^^^^^
  File "/Users/nripeshpradhan/Documents/Github/i-test-season/.venv/lib/python3.11/site-packages/httpcore/_sync/http11.py", line 136, in handle_request
    raise exc
  File "/Users/nripeshpradhan/Documents/Github/i-test-season/.venv/lib/python3.11/site-packages/httpcore/_sync/http11.py", line 106, in handle_request
    ) = self._receive_response_headers(**kwargs)
        ^^^^^^^^^^^^^^^^^^^^^^^^^^^^^^^^^^^^^^^^
  File "/Users/nripeshpradhan/Documents/Github/i-test-season/.venv/lib/python3.11/site-packages/httpcore/_sync/http11.py", line 177, in _receive_response_headers
    event = self._receive_event(timeout=timeout)
            ^^^^^^^^^^^^^^^^^^^^^^^^^^^^^^^^^^^^
  File "/Users/nripeshpradhan/Documents/Github/i-test-season/.venv/lib/python3.11/site-packages/httpcore/_sync/http11.py", line 217, in _receive_event
    data = self._network_stream.read(
           ^^^^^^^^^^^^^^^^^^^^^^^^^^
  File "/Users/nripeshpradhan/Documents/Github/i-test-season/.venv/lib/python3.11/site-packages/httpcore/_backends/sync.py", line 126, in read
    with map_exceptions(exc_map):
  File "/Users/nripeshpradhan/.local/share/uv/python/cpython-3.11.15-macos-aarch64-none/lib/python3.11/contextlib.py", line 158, in __exit__
    self.gen.throw(typ, value, traceback)
  File "/Users/nripeshpradhan/Documents/Github/i-test-season/.venv/lib/python3.11/site-packages/httpcore/_exceptions.py", line 14, in map_exceptions
    raise to_exc(exc) from exc
httpcore.ReadTimeout: The read operation timed out

The above exception was the direct cause of the following exception:

Traceback (most recent call last):
  File "/Users/nripeshpradhan/Documents/Github/i-test-season/fpl_edge/interfaces/telegram.py", line 503, in run_forever
    self.poll_once(timeout=timeout)
  File "/Users/nripeshpradhan/Documents/Github/i-test-season/fpl_edge/interfaces/telegram.py", line 338, in poll_once
    body = self.transport.call(
           ^^^^^^^^^^^^^^^^^^^^
  File "/Users/nripeshpradhan/Documents/Github/i-test-season/fpl_edge/interfaces/telegram.py", line 102, in call
    resp = self._client.post(f"/{method}", json=payload, timeout=timeout)
           ^^^^^^^^^^^^^^^^^^^^^^^^^^^^^^^^^^^^^^^^^^^^^^^^^^^^^^^^^^^^^^
  File "/Users/nripeshpradhan/Documents/Github/i-test-season/.venv/lib/python3.11/site-packages/httpx/_client.py", line 1144, in post
    return self.request(
           ^^^^^^^^^^^^^
  File "/Users/nripeshpradhan/Documents/Github/i-test-season/.venv/lib/python3.11/site-packages/httpx/_client.py", line 825, in request
    return self.send(request, auth=auth, follow_redirects=follow_redirects)
           ^^^^^^^^^^^^^^^^^^^^^^^^^^^^^^^^^^^^^^^^^^^^^^^^^^^^^^^^^^^^^^^^
  File "/Users/nripeshpradhan/Documents/Github/i-test-season/.venv/lib/python3.11/site-packages/httpx/_client.py", line 914, in send
    response = self._send_handling_auth(
               ^^^^^^^^^^^^^^^^^^^^^^^^^
  File "/Users/nripeshpradhan/Documents/Github/i-test-season/.venv/lib/python3.11/site-packages/httpx/_client.py", line 942, in _send_handling_auth
    response = self._send_handling_redirects(
               ^^^^^^^^^^^^^^^^^^^^^^^^^^^^^^
  File "/Users/nripeshpradhan/Documents/Github/i-test-season/.venv/lib/python3.11/site-packages/httpx/_client.py", line 979, in _send_handling_redirects
    response = self._send_single_request(request)
               ^^^^^^^^^^^^^^^^^^^^^^^^^^^^^^^^^^
  File "/Users/nripeshpradhan/Documents/Github/i-test-season/.venv/lib/python3.11/site-packages/httpx/_client.py", line 1014, in _send_single_request
    response = transport.handle_request(request)
               ^^^^^^^^^^^^^^^^^^^^^^^^^^^^^^^^^
  File "/Users/nripeshpradhan/Documents/Github/i-test-season/.venv/lib/python3.11/site-packages/httpx/_transports/default.py", line 249, in handle_request
    with map_httpcore_exceptions():
  File "/Users/nripeshpradhan/.local/share/uv/python/cpython-3.11.15-macos-aarch64-none/lib/python3.11/contextlib.py", line 158, in __exit__
    self.gen.throw(typ, value, traceback)
  File "/Users/nripeshpradhan/Documents/Github/i-test-season/.venv/lib/python3.11/site-packages/httpx/_transports/default.py", line 118, in map_httpcore_exceptions
    raise mapped_exc(message) from exc
httpx.ReadTimeout: The read operation timed out
2026-08-22 21:07:32,905 ERROR poll cycle failed; backing off
Traceback (most recent call last):
  File "/Users/nripeshpradhan/Documents/Github/i-test-season/.venv/lib/python3.11/site-packages/httpx/_transports/default.py", line 101, in map_httpcore_exceptions
    yield
  File "/Users/nripeshpradhan/Documents/Github/i-test-season/.venv/lib/python3.11/site-packages/httpx/_transports/default.py", line 250, in handle_request
    resp = self._pool.handle_request(req)
           ^^^^^^^^^^^^^^^^^^^^^^^^^^^^^^
  File "/Users/nripeshpradhan/Documents/Github/i-test-season/.venv/lib/python3.11/site-packages/httpcore/_sync/connection_pool.py", line 256, in handle_request
    raise exc from None
  File "/Users/nripeshpradhan/Documents/Github/i-test-season/.venv/lib/python3.11/site-packages/httpcore/_sync/connection_pool.py", line 236, in handle_request
    response = connection.handle_request(
               ^^^^^^^^^^^^^^^^^^^^^^^^^^
  File "/Users/nripeshpradhan/Documents/Github/i-test-season/.venv/lib/python3.11/site-packages/httpcore/_sync/connection.py", line 103, in handle_request
    return self._connection.handle_request(request)
           ^^^^^^^^^^^^^^^^^^^^^^^^^^^^^^^^^^^^^^^^
  File "/Users/nripeshpradhan/Documents/Github/i-test-season/.venv/lib/python3.11/site-packages/httpcore/_sync/http11.py", line 136, in handle_request
    raise exc
  File "/Users/nripeshpradhan/Documents/Github/i-test-season/.venv/lib/python3.11/site-packages/httpcore/_sync/http11.py", line 106, in handle_request
    ) = self._receive_response_headers(**kwargs)
        ^^^^^^^^^^^^^^^^^^^^^^^^^^^^^^^^^^^^^^^^
  File "/Users/nripeshpradhan/Documents/Github/i-test-season/.venv/lib/python3.11/site-packages/httpcore/_sync/http11.py", line 177, in _receive_response_headers
    event = self._receive_event(timeout=timeout)
            ^^^^^^^^^^^^^^^^^^^^^^^^^^^^^^^^^^^^
  File "/Users/nripeshpradhan/Documents/Github/i-test-season/.venv/lib/python3.11/site-packages/httpcore/_sync/http11.py", line 217, in _receive_event
    data = self._network_stream.read(
           ^^^^^^^^^^^^^^^^^^^^^^^^^^
  File "/Users/nripeshpradhan/Documents/Github/i-test-season/.venv/lib/python3.11/site-packages/httpcore/_backends/sync.py", line 126, in read
    with map_exceptions(exc_map):
  File "/Users/nripeshpradhan/.local/share/uv/python/cpython-3.11.15-macos-aarch64-none/lib/python3.11/contextlib.py", line 158, in __exit__
    self.gen.throw(typ, value, traceback)
  File "/Users/nripeshpradhan/Documents/Github/i-test-season/.venv/lib/python3.11/site-packages/httpcore/_exceptions.py", line 14, in map_exceptions
    raise to_exc(exc) from exc
httpcore.ReadTimeout: The read operation timed out

The above exception was the direct cause of the following exception:

Traceback (most recent call last):
  File "/Users/nripeshpradhan/Documents/Github/i-test-season/fpl_edge/interfaces/telegram.py", line 503, in run_forever
    self.poll_once(timeout=timeout)
  File "/Users/nripeshpradhan/Documents/Github/i-test-season/fpl_edge/interfaces/telegram.py", line 338, in poll_once
    body = self.transport.call(
           ^^^^^^^^^^^^^^^^^^^^
  File "/Users/nripeshpradhan/Documents/Github/i-test-season/fpl_edge/interfaces/telegram.py", line 102, in call
    resp = self._client.post(f"/{method}", json=payload, timeout=timeout)
           ^^^^^^^^^^^^^^^^^^^^^^^^^^^^^^^^^^^^^^^^^^^^^^^^^^^^^^^^^^^^^^
  File "/Users/nripeshpradhan/Documents/Github/i-test-season/.venv/lib/python3.11/site-packages/httpx/_client.py", line 1144, in post
    return self.request(
           ^^^^^^^^^^^^^
  File "/Users/nripeshpradhan/Documents/Github/i-test-season/.venv/lib/python3.11/site-packages/httpx/_client.py", line 825, in request
    return self.send(request, auth=auth, follow_redirects=follow_redirects)
           ^^^^^^^^^^^^^^^^^^^^^^^^^^^^^^^^^^^^^^^^^^^^^^^^^^^^^^^^^^^^^^^^
  File "/Users/nripeshpradhan/Documents/Github/i-test-season/.venv/lib/python3.11/site-packages/httpx/_client.py", line 914, in send
    response = self._send_handling_auth(
               ^^^^^^^^^^^^^^^^^^^^^^^^^
  File "/Users/nripeshpradhan/Documents/Github/i-test-season/.venv/lib/python3.11/site-packages/httpx/_client.py", line 942, in _send_handling_auth
    response = self._send_handling_redirects(
               ^^^^^^^^^^^^^^^^^^^^^^^^^^^^^^
  File "/Users/nripeshpradhan/Documents/Github/i-test-season/.venv/lib/python3.11/site-packages/httpx/_client.py", line 979, in _send_handling_redirects
    response = self._send_single_request(request)
               ^^^^^^^^^^^^^^^^^^^^^^^^^^^^^^^^^^
  File "/Users/nripeshpradhan/Documents/Github/i-test-season/.venv/lib/python3.11/site-packages/httpx/_client.py", line 1014, in _send_single_request
    response = transport.handle_request(request)
               ^^^^^^^^^^^^^^^^^^^^^^^^^^^^^^^^^
  File "/Users/nripeshpradhan/Documents/Github/i-test-season/.venv/lib/python3.11/site-packages/httpx/_transports/default.py", line 249, in handle_request
    with map_httpcore_exceptions():
  File "/Users/nripeshpradhan/.local/share/uv/python/cpython-3.11.15-macos-aarch64-none/lib/python3.11/contextlib.py", line 158, in __exit__
    self.gen.throw(typ, value, traceback)
  File "/Users/nripeshpradhan/Documents/Github/i-test-season/.venv/lib/python3.11/site-packages/httpx/_transports/default.py", line 118, in map_httpcore_exceptions
    raise mapped_exc(message) from exc
httpx.ReadTimeout: The read operation timed out
2026-08-22 21:37:21,294 ERROR poll cycle failed; backing off
Traceback (most recent call last):
  File "/Users/nripeshpradhan/Documents/Github/i-test-season/.venv/lib/python3.11/site-packages/httpx/_transports/default.py", line 101, in map_httpcore_exceptions
    yield
  File "/Users/nripeshpradhan/Documents/Github/i-test-season/.venv/lib/python3.11/site-packages/httpx/_transports/default.py", line 250, in handle_request
    resp = self._pool.handle_request(req)
           ^^^^^^^^^^^^^^^^^^^^^^^^^^^^^^
  File "/Users/nripeshpradhan/Documents/Github/i-test-season/.venv/lib/python3.11/site-packages/httpcore/_sync/connection_pool.py", line 256, in handle_request
    raise exc from None
  File "/Users/nripeshpradhan/Documents/Github/i-test-season/.venv/lib/python3.11/site-packages/httpcore/_sync/connection_pool.py", line 236, in handle_request
    response = connection.handle_request(
               ^^^^^^^^^^^^^^^^^^^^^^^^^^
  File "/Users/nripeshpradhan/Documents/Github/i-test-season/.venv/lib/python3.11/site-packages/httpcore/_sync/connection.py", line 103, in handle_request
    return self._connection.handle_request(request)
           ^^^^^^^^^^^^^^^^^^^^^^^^^^^^^^^^^^^^^^^^
  File "/Users/nripeshpradhan/Documents/Github/i-test-season/.venv/lib/python3.11/site-packages/httpcore/_sync/http11.py", line 136, in handle_request
    raise exc
  File "/Users/nripeshpradhan/Documents/Github/i-test-season/.venv/lib/python3.11/site-packages/httpcore/_sync/http11.py", line 106, in handle_request
    ) = self._receive_response_headers(**kwargs)
        ^^^^^^^^^^^^^^^^^^^^^^^^^^^^^^^^^^^^^^^^
  File "/Users/nripeshpradhan/Documents/Github/i-test-season/.venv/lib/python3.11/site-packages/httpcore/_sync/http11.py", line 177, in _receive_response_headers
    event = self._receive_event(timeout=timeout)
            ^^^^^^^^^^^^^^^^^^^^^^^^^^^^^^^^^^^^
  File "/Users/nripeshpradhan/Documents/Github/i-test-season/.venv/lib/python3.11/site-packages/httpcore/_sync/http11.py", line 217, in _receive_event
    data = self._network_stream.read(
           ^^^^^^^^^^^^^^^^^^^^^^^^^^
  File "/Users/nripeshpradhan/Documents/Github/i-test-season/.venv/lib/python3.11/site-packages/httpcore/_backends/sync.py", line 126, in read
    with map_exceptions(exc_map):
  File "/Users/nripeshpradhan/.local/share/uv/python/cpython-3.11.15-macos-aarch64-none/lib/python3.11/contextlib.py", line 158, in __exit__
    self.gen.throw(typ, value, traceback)
  File "/Users/nripeshpradhan/Documents/Github/i-test-season/.venv/lib/python3.11/site-packages/httpcore/_exceptions.py", line 14, in map_exceptions
    raise to_exc(exc) from exc
httpcore.ReadTimeout: The read operation timed out

The above exception was the direct cause of the following exception:

Traceback (most recent call last):
  File "/Users/nripeshpradhan/Documents/Github/i-test-season/fpl_edge/interfaces/telegram.py", line 503, in run_forever
    self.poll_once(timeout=timeout)
  File "/Users/nripeshpradhan/Documents/Github/i-test-season/fpl_edge/interfaces/telegram.py", line 338, in poll_once
    body = self.transport.call(
           ^^^^^^^^^^^^^^^^^^^^
  File "/Users/nripeshpradhan/Documents/Github/i-test-season/fpl_edge/interfaces/telegram.py", line 102, in call
    resp = self._client.post(f"/{method}", json=payload, timeout=timeout)
           ^^^^^^^^^^^^^^^^^^^^^^^^^^^^^^^^^^^^^^^^^^^^^^^^^^^^^^^^^^^^^^
  File "/Users/nripeshpradhan/Documents/Github/i-test-season/.venv/lib/python3.11/site-packages/httpx/_client.py", line 1144, in post
    return self.request(
           ^^^^^^^^^^^^^
  File "/Users/nripeshpradhan/Documents/Github/i-test-season/.venv/lib/python3.11/site-packages/httpx/_client.py", line 825, in request
    return self.send(request, auth=auth, follow_redirects=follow_redirects)
           ^^^^^^^^^^^^^^^^^^^^^^^^^^^^^^^^^^^^^^^^^^^^^^^^^^^^^^^^^^^^^^^^
  File "/Users/nripeshpradhan/Documents/Github/i-test-season/.venv/lib/python3.11/site-packages/httpx/_client.py", line 914, in send
    response = self._send_handling_auth(
               ^^^^^^^^^^^^^^^^^^^^^^^^^
  File "/Users/nripeshpradhan/Documents/Github/i-test-season/.venv/lib/python3.11/site-packages/httpx/_client.py", line 942, in _send_handling_auth
    response = self._send_handling_redirects(
               ^^^^^^^^^^^^^^^^^^^^^^^^^^^^^^
  File "/Users/nripeshpradhan/Documents/Github/i-test-season/.venv/lib/python3.11/site-packages/httpx/_client.py", line 979, in _send_handling_redirects
    response = self._send_single_request(request)
               ^^^^^^^^^^^^^^^^^^^^^^^^^^^^^^^^^^
  File "/Users/nripeshpradhan/Documents/Github/i-test-season/.venv/lib/python3.11/site-packages/httpx/_client.py", line 1014, in _send_single_request
    response = transport.handle_request(request)
               ^^^^^^^^^^^^^^^^^^^^^^^^^^^^^^^^^
  File "/Users/nripeshpradhan/Documents/Github/i-test-season/.venv/lib/python3.11/site-packages/httpx/_transports/default.py", line 249, in handle_request
    with map_httpcore_exceptions():
  File "/Users/nripeshpradhan/.local/share/uv/python/cpython-3.11.15-macos-aarch64-none/lib/python3.11/contextlib.py", line 158, in __exit__
    self.gen.throw(typ, value, traceback)
  File "/Users/nripeshpradhan/Documents/Github/i-test-season/.venv/lib/python3.11/site-packages/httpx/_transports/default.py", line 118, in map_httpcore_exceptions
    raise mapped_exc(message) from exc
httpx.ReadTimeout: The read operation timed out
2026-08-22 22:08:31,821 ERROR poll cycle failed; backing off
Traceback (most recent call last):
  File "/Users/nripeshpradhan/Documents/Github/i-test-season/.venv/lib/python3.11/site-packages/httpx/_transports/default.py", line 101, in map_httpcore_exceptions
    yield
  File "/Users/nripeshpradhan/Documents/Github/i-test-season/.venv/lib/python3.11/site-packages/httpx/_transports/default.py", line 250, in handle_request
    resp = self._pool.handle_request(req)
           ^^^^^^^^^^^^^^^^^^^^^^^^^^^^^^
  File "/Users/nripeshpradhan/Documents/Github/i-test-season/.venv/lib/python3.11/site-packages/httpcore/_sync/connection_pool.py", line 256, in handle_request
    raise exc from None
  File "/Users/nripeshpradhan/Documents/Github/i-test-season/.venv/lib/python3.11/site-packages/httpcore/_sync/connection_pool.py", line 236, in handle_request
    response = connection.handle_request(
               ^^^^^^^^^^^^^^^^^^^^^^^^^^
  File "/Users/nripeshpradhan/Documents/Github/i-test-season/.venv/lib/python3.11/site-packages/httpcore/_sync/connection.py", line 103, in handle_request
    return self._connection.handle_request(request)
           ^^^^^^^^^^^^^^^^^^^^^^^^^^^^^^^^^^^^^^^^
  File "/Users/nripeshpradhan/Documents/Github/i-test-season/.venv/lib/python3.11/site-packages/httpcore/_sync/http11.py", line 136, in handle_request
    raise exc
  File "/Users/nripeshpradhan/Documents/Github/i-test-season/.venv/lib/python3.11/site-packages/httpcore/_sync/http11.py", line 106, in handle_request
    ) = self._receive_response_headers(**kwargs)
        ^^^^^^^^^^^^^^^^^^^^^^^^^^^^^^^^^^^^^^^^
  File "/Users/nripeshpradhan/Documents/Github/i-test-season/.venv/lib/python3.11/site-packages/httpcore/_sync/http11.py", line 177, in _receive_response_headers
    event = self._receive_event(timeout=timeout)
            ^^^^^^^^^^^^^^^^^^^^^^^^^^^^^^^^^^^^
  File "/Users/nripeshpradhan/Documents/Github/i-test-season/.venv/lib/python3.11/site-packages/httpcore/_sync/http11.py", line 217, in _receive_event
    data = self._network_stream.read(
           ^^^^^^^^^^^^^^^^^^^^^^^^^^
  File "/Users/nripeshpradhan/Documents/Github/i-test-season/.venv/lib/python3.11/site-packages/httpcore/_backends/sync.py", line 126, in read
    with map_exceptions(exc_map):
  File "/Users/nripeshpradhan/.local/share/uv/python/cpython-3.11.15-macos-aarch64-none/lib/python3.11/contextlib.py", line 158, in __exit__
    self.gen.throw(typ, value, traceback)
  File "/Users/nripeshpradhan/Documents/Github/i-test-season/.venv/lib/python3.11/site-packages/httpcore/_exceptions.py", line 14, in map_exceptions
    raise to_exc(exc) from exc
httpcore.ReadTimeout: The read operation timed out

The above exception was the direct cause of the following exception:

Traceback (most recent call last):
  File "/Users/nripeshpradhan/Documents/Github/i-test-season/fpl_edge/interfaces/telegram.py", line 503, in run_forever
    self.poll_once(timeout=timeout)
  File "/Users/nripeshpradhan/Documents/Github/i-test-season/fpl_edge/interfaces/telegram.py", line 338, in poll_once
    body = self.transport.call(
           ^^^^^^^^^^^^^^^^^^^^
  File "/Users/nripeshpradhan/Documents/Github/i-test-season/fpl_edge/interfaces/telegram.py", line 102, in call
    resp = self._client.post(f"/{method}", json=payload, timeout=timeout)
           ^^^^^^^^^^^^^^^^^^^^^^^^^^^^^^^^^^^^^^^^^^^^^^^^^^^^^^^^^^^^^^
  File "/Users/nripeshpradhan/Documents/Github/i-test-season/.venv/lib/python3.11/site-packages/httpx/_client.py", line 1144, in post
    return self.request(
           ^^^^^^^^^^^^^
  File "/Users/nripeshpradhan/Documents/Github/i-test-season/.venv/lib/python3.11/site-packages/httpx/_client.py", line 825, in request
    return self.send(request, auth=auth, follow_redirects=follow_redirects)
           ^^^^^^^^^^^^^^^^^^^^^^^^^^^^^^^^^^^^^^^^^^^^^^^^^^^^^^^^^^^^^^^^
  File "/Users/nripeshpradhan/Documents/Github/i-test-season/.venv/lib/python3.11/site-packages/httpx/_client.py", line 914, in send
    response = self._send_handling_auth(
               ^^^^^^^^^^^^^^^^^^^^^^^^^
  File "/Users/nripeshpradhan/Documents/Github/i-test-season/.venv/lib/python3.11/site-packages/httpx/_client.py", line 942, in _send_handling_auth
    response = self._send_handling_redirects(
               ^^^^^^^^^^^^^^^^^^^^^^^^^^^^^^
  File "/Users/nripeshpradhan/Documents/Github/i-test-season/.venv/lib/python3.11/site-packages/httpx/_client.py", line 979, in _send_handling_redirects
    response = self._send_single_request(request)
               ^^^^^^^^^^^^^^^^^^^^^^^^^^^^^^^^^^
  File "/Users/nripeshpradhan/Documents/Github/i-test-season/.venv/lib/python3.11/site-packages/httpx/_client.py", line 1014, in _send_single_request
    response = transport.handle_request(request)
               ^^^^^^^^^^^^^^^^^^^^^^^^^^^^^^^^^
  File "/Users/nripeshpradhan/Documents/Github/i-test-season/.venv/lib/python3.11/site-packages/httpx/_transports/default.py", line 249, in handle_request
    with map_httpcore_exceptions():
  File "/Users/nripeshpradhan/.local/share/uv/python/cpython-3.11.15-macos-aarch64-none/lib/python3.11/contextlib.py", line 158, in __exit__
    self.gen.throw(typ, value, traceback)
  File "/Users/nripeshpradhan/Documents/Github/i-test-season/.venv/lib/python3.11/site-packages/httpx/_transports/default.py", line 118, in map_httpcore_exceptions
    raise mapped_exc(message) from exc
httpx.ReadTimeout: The read operation timed out
2026-08-22 22:17:46,042 ERROR poll cycle failed; backing off
Traceback (most recent call last):
  File "/Users/nripeshpradhan/Documents/Github/i-test-season/.venv/lib/python3.11/site-packages/httpx/_transports/default.py", line 101, in map_httpcore_exceptions
    yield
  File "/Users/nripeshpradhan/Documents/Github/i-test-season/.venv/lib/python3.11/site-packages/httpx/_transports/default.py", line 250, in handle_request
    resp = self._pool.handle_request(req)
           ^^^^^^^^^^^^^^^^^^^^^^^^^^^^^^
  File "/Users/nripeshpradhan/Documents/Github/i-test-season/.venv/lib/python3.11/site-packages/httpcore/_sync/connection_pool.py", line 256, in handle_request
    raise exc from None
  File "/Users/nripeshpradhan/Documents/Github/i-test-season/.venv/lib/python3.11/site-packages/httpcore/_sync/connection_pool.py", line 236, in handle_request
    response = connection.handle_request(
               ^^^^^^^^^^^^^^^^^^^^^^^^^^
  File "/Users/nripeshpradhan/Documents/Github/i-test-season/.venv/lib/python3.11/site-packages/httpcore/_sync/connection.py", line 103, in handle_request
    return self._connection.handle_request(request)
           ^^^^^^^^^^^^^^^^^^^^^^^^^^^^^^^^^^^^^^^^
  File "/Users/nripeshpradhan/Documents/Github/i-test-season/.venv/lib/python3.11/site-packages/httpcore/_sync/http11.py", line 136, in handle_request
    raise exc
  File "/Users/nripeshpradhan/Documents/Github/i-test-season/.venv/lib/python3.11/site-packages/httpcore/_sync/http11.py", line 106, in handle_request
    ) = self._receive_response_headers(**kwargs)
        ^^^^^^^^^^^^^^^^^^^^^^^^^^^^^^^^^^^^^^^^
  File "/Users/nripeshpradhan/Documents/Github/i-test-season/.venv/lib/python3.11/site-packages/httpcore/_sync/http11.py", line 177, in _receive_response_headers
    event = self._receive_event(timeout=timeout)
            ^^^^^^^^^^^^^^^^^^^^^^^^^^^^^^^^^^^^
  File "/Users/nripeshpradhan/Documents/Github/i-test-season/.venv/lib/python3.11/site-packages/httpcore/_sync/http11.py", line 217, in _receive_event
    data = self._network_stream.read(
           ^^^^^^^^^^^^^^^^^^^^^^^^^^
  File "/Users/nripeshpradhan/Documents/Github/i-test-season/.venv/lib/python3.11/site-packages/httpcore/_backends/sync.py", line 126, in read
    with map_exceptions(exc_map):
  File "/Users/nripeshpradhan/.local/share/uv/python/cpython-3.11.15-macos-aarch64-none/lib/python3.11/contextlib.py", line 158, in __exit__
    self.gen.throw(typ, value, traceback)
  File "/Users/nripeshpradhan/Documents/Github/i-test-season/.venv/lib/python3.11/site-packages/httpcore/_exceptions.py", line 14, in map_exceptions
    raise to_exc(exc) from exc
httpcore.ReadTimeout: The read operation timed out

The above exception was the direct cause of the following exception:

Traceback (most recent call last):
  File "/Users/nripeshpradhan/Documents/Github/i-test-season/fpl_edge/interfaces/telegram.py", line 503, in run_forever
    self.poll_once(timeout=timeout)
  File "/Users/nripeshpradhan/Documents/Github/i-test-season/fpl_edge/interfaces/telegram.py", line 338, in poll_once
    body = self.transport.call(
           ^^^^^^^^^^^^^^^^^^^^
  File "/Users/nripeshpradhan/Documents/Github/i-test-season/fpl_edge/interfaces/telegram.py", line 102, in call
    resp = self._client.post(f"/{method}", json=payload, timeout=timeout)
           ^^^^^^^^^^^^^^^^^^^^^^^^^^^^^^^^^^^^^^^^^^^^^^^^^^^^^^^^^^^^^^
  File "/Users/nripeshpradhan/Documents/Github/i-test-season/.venv/lib/python3.11/site-packages/httpx/_client.py", line 1144, in post
    return self.request(
           ^^^^^^^^^^^^^
  File "/Users/nripeshpradhan/Documents/Github/i-test-season/.venv/lib/python3.11/site-packages/httpx/_client.py", line 825, in request
    return self.send(request, auth=auth, follow_redirects=follow_redirects)
           ^^^^^^^^^^^^^^^^^^^^^^^^^^^^^^^^^^^^^^^^^^^^^^^^^^^^^^^^^^^^^^^^
  File "/Users/nripeshpradhan/Documents/Github/i-test-season/.venv/lib/python3.11/site-packages/httpx/_client.py", line 914, in send
    response = self._send_handling_auth(
               ^^^^^^^^^^^^^^^^^^^^^^^^^
  File "/Users/nripeshpradhan/Documents/Github/i-test-season/.venv/lib/python3.11/site-packages/httpx/_client.py", line 942, in _send_handling_auth
    response = self._send_handling_redirects(
               ^^^^^^^^^^^^^^^^^^^^^^^^^^^^^^
  File "/Users/nripeshpradhan/Documents/Github/i-test-season/.venv/lib/python3.11/site-packages/httpx/_client.py", line 979, in _send_handling_redirects
    response = self._send_single_request(request)
               ^^^^^^^^^^^^^^^^^^^^^^^^^^^^^^^^^^
  File "/Users/nripeshpradhan/Documents/Github/i-test-season/.venv/lib/python3.11/site-packages/httpx/_client.py", line 1014, in _send_single_request
    response = transport.handle_request(request)
               ^^^^^^^^^^^^^^^^^^^^^^^^^^^^^^^^^
  File "/Users/nripeshpradhan/Documents/Github/i-test-season/.venv/lib/python3.11/site-packages/httpx/_transports/default.py", line 249, in handle_request
    with map_httpcore_exceptions():
  File "/Users/nripeshpradhan/.local/share/uv/python/cpython-3.11.15-macos-aarch64-none/lib/python3.11/contextlib.py", line 158, in __exit__
    self.gen.throw(typ, value, traceback)
  File "/Users/nripeshpradhan/Documents/Github/i-test-season/.venv/lib/python3.11/site-packages/httpx/_transports/default.py", line 118, in map_httpcore_exceptions
    raise mapped_exc(message) from exc
httpx.ReadTimeout: The read operation timed out
2026-08-22 22:43:53,226 ERROR poll cycle failed; backing off
Traceback (most recent call last):
  File "/Users/nripeshpradhan/Documents/Github/i-test-season/.venv/lib/python3.11/site-packages/httpx/_transports/default.py", line 101, in map_httpcore_exceptions
    yield
  File "/Users/nripeshpradhan/Documents/Github/i-test-season/.venv/lib/python3.11/site-packages/httpx/_transports/default.py", line 250, in handle_request
    resp = self._pool.handle_request(req)
           ^^^^^^^^^^^^^^^^^^^^^^^^^^^^^^
  File "/Users/nripeshpradhan/Documents/Github/i-test-season/.venv/lib/python3.11/site-packages/httpcore/_sync/connection_pool.py", line 256, in handle_request
    raise exc from None
  File "/Users/nripeshpradhan/Documents/Github/i-test-season/.venv/lib/python3.11/site-packages/httpcore/_sync/connection_pool.py", line 236, in handle_request
    response = connection.handle_request(
               ^^^^^^^^^^^^^^^^^^^^^^^^^^
  File "/Users/nripeshpradhan/Documents/Github/i-test-season/.venv/lib/python3.11/site-packages/httpcore/_sync/connection.py", line 103, in handle_request
    return self._connection.handle_request(request)
           ^^^^^^^^^^^^^^^^^^^^^^^^^^^^^^^^^^^^^^^^
  File "/Users/nripeshpradhan/Documents/Github/i-test-season/.venv/lib/python3.11/site-packages/httpcore/_sync/http11.py", line 136, in handle_request
    raise exc
  File "/Users/nripeshpradhan/Documents/Github/i-test-season/.venv/lib/python3.11/site-packages/httpcore/_sync/http11.py", line 106, in handle_request
    ) = self._receive_response_headers(**kwargs)
        ^^^^^^^^^^^^^^^^^^^^^^^^^^^^^^^^^^^^^^^^
  File "/Users/nripeshpradhan/Documents/Github/i-test-season/.venv/lib/python3.11/site-packages/httpcore/_sync/http11.py", line 177, in _receive_response_headers
    event = self._receive_event(timeout=timeout)
            ^^^^^^^^^^^^^^^^^^^^^^^^^^^^^^^^^^^^
  File "/Users/nripeshpradhan/Documents/Github/i-test-season/.venv/lib/python3.11/site-packages/httpcore/_sync/http11.py", line 217, in _receive_event
    data = self._network_stream.read(
           ^^^^^^^^^^^^^^^^^^^^^^^^^^
  File "/Users/nripeshpradhan/Documents/Github/i-test-season/.venv/lib/python3.11/site-packages/httpcore/_backends/sync.py", line 126, in read
    with map_exceptions(exc_map):
  File "/Users/nripeshpradhan/.local/share/uv/python/cpython-3.11.15-macos-aarch64-none/lib/python3.11/contextlib.py", line 158, in __exit__
    self.gen.throw(typ, value, traceback)
  File "/Users/nripeshpradhan/Documents/Github/i-test-season/.venv/lib/python3.11/site-packages/httpcore/_exceptions.py", line 14, in map_exceptions
    raise to_exc(exc) from exc
httpcore.ReadTimeout: The read operation timed out

The above exception was the direct cause of the following exception:

Traceback (most recent call last):
  File "/Users/nripeshpradhan/Documents/Github/i-test-season/fpl_edge/interfaces/telegram.py", line 503, in run_forever
    self.poll_once(timeout=timeout)
  File "/Users/nripeshpradhan/Documents/Github/i-test-season/fpl_edge/interfaces/telegram.py", line 338, in poll_once
    body = self.transport.call(
           ^^^^^^^^^^^^^^^^^^^^
  File "/Users/nripeshpradhan/Documents/Github/i-test-season/fpl_edge/interfaces/telegram.py", line 102, in call
    resp = self._client.post(f"/{method}", json=payload, timeout=timeout)
           ^^^^^^^^^^^^^^^^^^^^^^^^^^^^^^^^^^^^^^^^^^^^^^^^^^^^^^^^^^^^^^
  File "/Users/nripeshpradhan/Documents/Github/i-test-season/.venv/lib/python3.11/site-packages/httpx/_client.py", line 1144, in post
    return self.request(
           ^^^^^^^^^^^^^
  File "/Users/nripeshpradhan/Documents/Github/i-test-season/.venv/lib/python3.11/site-packages/httpx/_client.py", line 825, in request
    return self.send(request, auth=auth, follow_redirects=follow_redirects)
           ^^^^^^^^^^^^^^^^^^^^^^^^^^^^^^^^^^^^^^^^^^^^^^^^^^^^^^^^^^^^^^^^
  File "/Users/nripeshpradhan/Documents/Github/i-test-season/.venv/lib/python3.11/site-packages/httpx/_client.py", line 914, in send
    response = self._send_handling_auth(
               ^^^^^^^^^^^^^^^^^^^^^^^^^
  File "/Users/nripeshpradhan/Documents/Github/i-test-season/.venv/lib/python3.11/site-packages/httpx/_client.py", line 942, in _send_handling_auth
    response = self._send_handling_redirects(
               ^^^^^^^^^^^^^^^^^^^^^^^^^^^^^^
  File "/Users/nripeshpradhan/Documents/Github/i-test-season/.venv/lib/python3.11/site-packages/httpx/_client.py", line 979, in _send_handling_redirects
    response = self._send_single_request(request)
               ^^^^^^^^^^^^^^^^^^^^^^^^^^^^^^^^^^
  File "/Users/nripeshpradhan/Documents/Github/i-test-season/.venv/lib/python3.11/site-packages/httpx/_client.py", line 1014, in _send_single_request
    response = transport.handle_request(request)
               ^^^^^^^^^^^^^^^^^^^^^^^^^^^^^^^^^
  File "/Users/nripeshpradhan/Documents/Github/i-test-season/.venv/lib/python3.11/site-packages/httpx/_transports/default.py", line 249, in handle_request
    with map_httpcore_exceptions():
  File "/Users/nripeshpradhan/.local/share/uv/python/cpython-3.11.15-macos-aarch64-none/lib/python3.11/contextlib.py", line 158, in __exit__
    self.gen.throw(typ, value, traceback)
  File "/Users/nripeshpradhan/Documents/Github/i-test-season/.venv/lib/python3.11/site-packages/httpx/_transports/default.py", line 118, in map_httpcore_exceptions
    raise mapped_exc(message) from exc
httpx.ReadTimeout: The read operation timed out
2026-08-22 23:31:48,819 ERROR poll cycle failed; backing off
Traceback (most recent call last):
  File "/Users/nripeshpradhan/Documents/Github/i-test-season/.venv/lib/python3.11/site-packages/httpx/_transports/default.py", line 101, in map_httpcore_exceptions
    yield
  File "/Users/nripeshpradhan/Documents/Github/i-test-season/.venv/lib/python3.11/site-packages/httpx/_transports/default.py", line 250, in handle_request
    resp = self._pool.handle_request(req)
           ^^^^^^^^^^^^^^^^^^^^^^^^^^^^^^
  File "/Users/nripeshpradhan/Documents/Github/i-test-season/.venv/lib/python3.11/site-packages/httpcore/_sync/connection_pool.py", line 256, in handle_request
    raise exc from None
  File "/Users/nripeshpradhan/Documents/Github/i-test-season/.venv/lib/python3.11/site-packages/httpcore/_sync/connection_pool.py", line 236, in handle_request
    response = connection.handle_request(
               ^^^^^^^^^^^^^^^^^^^^^^^^^^
  File "/Users/nripeshpradhan/Documents/Github/i-test-season/.venv/lib/python3.11/site-packages/httpcore/_sync/connection.py", line 103, in handle_request
    return self._connection.handle_request(request)
           ^^^^^^^^^^^^^^^^^^^^^^^^^^^^^^^^^^^^^^^^
  File "/Users/nripeshpradhan/Documents/Github/i-test-season/.venv/lib/python3.11/site-packages/httpcore/_sync/http11.py", line 136, in handle_request
    raise exc
  File "/Users/nripeshpradhan/Documents/Github/i-test-season/.venv/lib/python3.11/site-packages/httpcore/_sync/http11.py", line 106, in handle_request
    ) = self._receive_response_headers(**kwargs)
        ^^^^^^^^^^^^^^^^^^^^^^^^^^^^^^^^^^^^^^^^
  File "/Users/nripeshpradhan/Documents/Github/i-test-season/.venv/lib/python3.11/site-packages/httpcore/_sync/http11.py", line 177, in _receive_response_headers
    event = self._receive_event(timeout=timeout)
            ^^^^^^^^^^^^^^^^^^^^^^^^^^^^^^^^^^^^
  File "/Users/nripeshpradhan/Documents/Github/i-test-season/.venv/lib/python3.11/site-packages/httpcore/_sync/http11.py", line 217, in _receive_event
    data = self._network_stream.read(
           ^^^^^^^^^^^^^^^^^^^^^^^^^^
  File "/Users/nripeshpradhan/Documents/Github/i-test-season/.venv/lib/python3.11/site-packages/httpcore/_backends/sync.py", line 126, in read
    with map_exceptions(exc_map):
  File "/Users/nripeshpradhan/.local/share/uv/python/cpython-3.11.15-macos-aarch64-none/lib/python3.11/contextlib.py", line 158, in __exit__
    self.gen.throw(typ, value, traceback)
  File "/Users/nripeshpradhan/Documents/Github/i-test-season/.venv/lib/python3.11/site-packages/httpcore/_exceptions.py", line 14, in map_exceptions
    raise to_exc(exc) from exc
httpcore.ReadTimeout: The read operation timed out

The above exception was the direct cause of the following exception:

Traceback (most recent call last):
  File "/Users/nripeshpradhan/Documents/Github/i-test-season/fpl_edge/interfaces/telegram.py", line 503, in run_forever
    self.poll_once(timeout=timeout)
  File "/Users/nripeshpradhan/Documents/Github/i-test-season/fpl_edge/interfaces/telegram.py", line 338, in poll_once
    body = self.transport.call(
           ^^^^^^^^^^^^^^^^^^^^
  File "/Users/nripeshpradhan/Documents/Github/i-test-season/fpl_edge/interfaces/telegram.py", line 102, in call
    resp = self._client.post(f"/{method}", json=payload, timeout=timeout)
           ^^^^^^^^^^^^^^^^^^^^^^^^^^^^^^^^^^^^^^^^^^^^^^^^^^^^^^^^^^^^^^
  File "/Users/nripeshpradhan/Documents/Github/i-test-season/.venv/lib/python3.11/site-packages/httpx/_client.py", line 1144, in post
    return self.request(
           ^^^^^^^^^^^^^
  File "/Users/nripeshpradhan/Documents/Github/i-test-season/.venv/lib/python3.11/site-packages/httpx/_client.py", line 825, in request
    return self.send(request, auth=auth, follow_redirects=follow_redirects)
           ^^^^^^^^^^^^^^^^^^^^^^^^^^^^^^^^^^^^^^^^^^^^^^^^^^^^^^^^^^^^^^^^
  File "/Users/nripeshpradhan/Documents/Github/i-test-season/.venv/lib/python3.11/site-packages/httpx/_client.py", line 914, in send
    response = self._send_handling_auth(
               ^^^^^^^^^^^^^^^^^^^^^^^^^
  File "/Users/nripeshpradhan/Documents/Github/i-test-season/.venv/lib/python3.11/site-packages/httpx/_client.py", line 942, in _send_handling_auth
    response = self._send_handling_redirects(
               ^^^^^^^^^^^^^^^^^^^^^^^^^^^^^^
  File "/Users/nripeshpradhan/Documents/Github/i-test-season/.venv/lib/python3.11/site-packages/httpx/_client.py", line 979, in _send_handling_redirects
    response = self._send_single_request(request)
               ^^^^^^^^^^^^^^^^^^^^^^^^^^^^^^^^^^
  File "/Users/nripeshpradhan/Documents/Github/i-test-season/.venv/lib/python3.11/site-packages/httpx/_client.py", line 1014, in _send_single_request
    response = transport.handle_request(request)
               ^^^^^^^^^^^^^^^^^^^^^^^^^^^^^^^^^
  File "/Users/nripeshpradhan/Documents/Github/i-test-season/.venv/lib/python3.11/site-packages/httpx/_transports/default.py", line 249, in handle_request
    with map_httpcore_exceptions():
  File "/Users/nripeshpradhan/.local/share/uv/python/cpython-3.11.15-macos-aarch64-none/lib/python3.11/contextlib.py", line 158, in __exit__
    self.gen.throw(typ, value, traceback)
  File "/Users/nripeshpradhan/Documents/Github/i-test-season/.venv/lib/python3.11/site-packages/httpx/_transports/default.py", line 118, in map_httpcore_exceptions
    raise mapped_exc(message) from exc
httpx.ReadTimeout: The read operation timed out
2026-08-23 00:06:37,161 ERROR poll cycle failed; backing off
Traceback (most recent call last):
  File "/Users/nripeshpradhan/Documents/Github/i-test-season/.venv/lib/python3.11/site-packages/httpx/_transports/default.py", line 101, in map_httpcore_exceptions
    yield
  File "/Users/nripeshpradhan/Documents/Github/i-test-season/.venv/lib/python3.11/site-packages/httpx/_transports/default.py", line 250, in handle_request
    resp = self._pool.handle_request(req)
           ^^^^^^^^^^^^^^^^^^^^^^^^^^^^^^
  File "/Users/nripeshpradhan/Documents/Github/i-test-season/.venv/lib/python3.11/site-packages/httpcore/_sync/connection_pool.py", line 256, in handle_request
    raise exc from None
  File "/Users/nripeshpradhan/Documents/Github/i-test-season/.venv/lib/python3.11/site-packages/httpcore/_sync/connection_pool.py", line 236, in handle_request
    response = connection.handle_request(
               ^^^^^^^^^^^^^^^^^^^^^^^^^^
  File "/Users/nripeshpradhan/Documents/Github/i-test-season/.venv/lib/python3.11/site-packages/httpcore/_sync/connection.py", line 101, in handle_request
    raise exc
  File "/Users/nripeshpradhan/Documents/Github/i-test-season/.venv/lib/python3.11/site-packages/httpcore/_sync/connection.py", line 78, in handle_request
    stream = self._connect(request)
             ^^^^^^^^^^^^^^^^^^^^^^
  File "/Users/nripeshpradhan/Documents/Github/i-test-season/.venv/lib/python3.11/site-packages/httpcore/_sync/connection.py", line 156, in _connect
    stream = stream.start_tls(**kwargs)
             ^^^^^^^^^^^^^^^^^^^^^^^^^^
  File "/Users/nripeshpradhan/Documents/Github/i-test-season/.venv/lib/python3.11/site-packages/httpcore/_backends/sync.py", line 154, in start_tls
    with map_exceptions(exc_map):
  File "/Users/nripeshpradhan/.local/share/uv/python/cpython-3.11.15-macos-aarch64-none/lib/python3.11/contextlib.py", line 158, in __exit__
    self.gen.throw(typ, value, traceback)
  File "/Users/nripeshpradhan/Documents/Github/i-test-season/.venv/lib/python3.11/site-packages/httpcore/_exceptions.py", line 14, in map_exceptions
    raise to_exc(exc) from exc
httpcore.ConnectTimeout: [Errno 60] Operation timed out

The above exception was the direct cause of the following exception:

Traceback (most recent call last):
  File "/Users/nripeshpradhan/Documents/Github/i-test-season/fpl_edge/interfaces/telegram.py", line 503, in run_forever
    self.poll_once(timeout=timeout)
  File "/Users/nripeshpradhan/Documents/Github/i-test-season/fpl_edge/interfaces/telegram.py", line 338, in poll_once
    body = self.transport.call(
           ^^^^^^^^^^^^^^^^^^^^
  File "/Users/nripeshpradhan/Documents/Github/i-test-season/fpl_edge/interfaces/telegram.py", line 102, in call
    resp = self._client.post(f"/{method}", json=payload, timeout=timeout)
           ^^^^^^^^^^^^^^^^^^^^^^^^^^^^^^^^^^^^^^^^^^^^^^^^^^^^^^^^^^^^^^
  File "/Users/nripeshpradhan/Documents/Github/i-test-season/.venv/lib/python3.11/site-packages/httpx/_client.py", line 1144, in post
    return self.request(
           ^^^^^^^^^^^^^
  File "/Users/nripeshpradhan/Documents/Github/i-test-season/.venv/lib/python3.11/site-packages/httpx/_client.py", line 825, in request
    return self.send(request, auth=auth, follow_redirects=follow_redirects)
           ^^^^^^^^^^^^^^^^^^^^^^^^^^^^^^^^^^^^^^^^^^^^^^^^^^^^^^^^^^^^^^^^
  File "/Users/nripeshpradhan/Documents/Github/i-test-season/.venv/lib/python3.11/site-packages/httpx/_client.py", line 914, in send
    response = self._send_handling_auth(
               ^^^^^^^^^^^^^^^^^^^^^^^^^
  File "/Users/nripeshpradhan/Documents/Github/i-test-season/.venv/lib/python3.11/site-packages/httpx/_client.py", line 942, in _send_handling_auth
    response = self._send_handling_redirects(
               ^^^^^^^^^^^^^^^^^^^^^^^^^^^^^^
  File "/Users/nripeshpradhan/Documents/Github/i-test-season/.venv/lib/python3.11/site-packages/httpx/_client.py", line 979, in _send_handling_redirects
    response = self._send_single_request(request)
               ^^^^^^^^^^^^^^^^^^^^^^^^^^^^^^^^^^
  File "/Users/nripeshpradhan/Documents/Github/i-test-season/.venv/lib/python3.11/site-packages/httpx/_client.py", line 1014, in _send_single_request
    response = transport.handle_request(request)
               ^^^^^^^^^^^^^^^^^^^^^^^^^^^^^^^^^
  File "/Users/nripeshpradhan/Documents/Github/i-test-season/.venv/lib/python3.11/site-packages/httpx/_transports/default.py", line 249, in handle_request
    with map_httpcore_exceptions():
  File "/Users/nripeshpradhan/.local/share/uv/python/cpython-3.11.15-macos-aarch64-none/lib/python3.11/contextlib.py", line 158, in __exit__
    self.gen.throw(typ, value, traceback)
  File "/Users/nripeshpradhan/Documents/Github/i-test-season/.venv/lib/python3.11/site-packages/httpx/_transports/default.py", line 118, in map_httpcore_exceptions
    raise mapped_exc(message) from exc
httpx.ConnectTimeout: [Errno 60] Operation timed out
2026-08-23 01:39:21,348 ERROR poll cycle failed; backing off
Traceback (most recent call last):
  File "/Users/nripeshpradhan/Documents/Github/i-test-season/.venv/lib/python3.11/site-packages/httpx/_transports/default.py", line 101, in map_httpcore_exceptions
    yield
  File "/Users/nripeshpradhan/Documents/Github/i-test-season/.venv/lib/python3.11/site-packages/httpx/_transports/default.py", line 250, in handle_request
    resp = self._pool.handle_request(req)
           ^^^^^^^^^^^^^^^^^^^^^^^^^^^^^^
  File "/Users/nripeshpradhan/Documents/Github/i-test-season/.venv/lib/python3.11/site-packages/httpcore/_sync/connection_pool.py", line 256, in handle_request
    raise exc from None
  File "/Users/nripeshpradhan/Documents/Github/i-test-season/.venv/lib/python3.11/site-packages/httpcore/_sync/connection_pool.py", line 236, in handle_request
    response = connection.handle_request(
               ^^^^^^^^^^^^^^^^^^^^^^^^^^
  File "/Users/nripeshpradhan/Documents/Github/i-test-season/.venv/lib/python3.11/site-packages/httpcore/_sync/connection.py", line 103, in handle_request
    return self._connection.handle_request(request)
           ^^^^^^^^^^^^^^^^^^^^^^^^^^^^^^^^^^^^^^^^
  File "/Users/nripeshpradhan/Documents/Github/i-test-season/.venv/lib/python3.11/site-packages/httpcore/_sync/http11.py", line 136, in handle_request
    raise exc
  File "/Users/nripeshpradhan/Documents/Github/i-test-season/.venv/lib/python3.11/site-packages/httpcore/_sync/http11.py", line 106, in handle_request
    ) = self._receive_response_headers(**kwargs)
        ^^^^^^^^^^^^^^^^^^^^^^^^^^^^^^^^^^^^^^^^
  File "/Users/nripeshpradhan/Documents/Github/i-test-season/.venv/lib/python3.11/site-packages/httpcore/_sync/http11.py", line 177, in _receive_response_headers
    event = self._receive_event(timeout=timeout)
            ^^^^^^^^^^^^^^^^^^^^^^^^^^^^^^^^^^^^
  File "/Users/nripeshpradhan/Documents/Github/i-test-season/.venv/lib/python3.11/site-packages/httpcore/_sync/http11.py", line 217, in _receive_event
    data = self._network_stream.read(
           ^^^^^^^^^^^^^^^^^^^^^^^^^^
  File "/Users/nripeshpradhan/Documents/Github/i-test-season/.venv/lib/python3.11/site-packages/httpcore/_backends/sync.py", line 126, in read
    with map_exceptions(exc_map):
  File "/Users/nripeshpradhan/.local/share/uv/python/cpython-3.11.15-macos-aarch64-none/lib/python3.11/contextlib.py", line 158, in __exit__
    self.gen.throw(typ, value, traceback)
  File "/Users/nripeshpradhan/Documents/Github/i-test-season/.venv/lib/python3.11/site-packages/httpcore/_exceptions.py", line 14, in map_exceptions
    raise to_exc(exc) from exc
httpcore.ReadTimeout: The read operation timed out

The above exception was the direct cause of the following exception:

Traceback (most recent call last):
  File "/Users/nripeshpradhan/Documents/Github/i-test-season/fpl_edge/interfaces/telegram.py", line 503, in run_forever
    self.poll_once(timeout=timeout)
  File "/Users/nripeshpradhan/Documents/Github/i-test-season/fpl_edge/interfaces/telegram.py", line 338, in poll_once
    body = self.transport.call(
           ^^^^^^^^^^^^^^^^^^^^
  File "/Users/nripeshpradhan/Documents/Github/i-test-season/fpl_edge/interfaces/telegram.py", line 102, in call
    resp = self._client.post(f"/{method}", json=payload, timeout=timeout)
           ^^^^^^^^^^^^^^^^^^^^^^^^^^^^^^^^^^^^^^^^^^^^^^^^^^^^^^^^^^^^^^
  File "/Users/nripeshpradhan/Documents/Github/i-test-season/.venv/lib/python3.11/site-packages/httpx/_client.py", line 1144, in post
    return self.request(
           ^^^^^^^^^^^^^
  File "/Users/nripeshpradhan/Documents/Github/i-test-season/.venv/lib/python3.11/site-packages/httpx/_client.py", line 825, in request
    return self.send(request, auth=auth, follow_redirects=follow_redirects)
           ^^^^^^^^^^^^^^^^^^^^^^^^^^^^^^^^^^^^^^^^^^^^^^^^^^^^^^^^^^^^^^^^
  File "/Users/nripeshpradhan/Documents/Github/i-test-season/.venv/lib/python3.11/site-packages/httpx/_client.py", line 914, in send
    response = self._send_handling_auth(
               ^^^^^^^^^^^^^^^^^^^^^^^^^
  File "/Users/nripeshpradhan/Documents/Github/i-test-season/.venv/lib/python3.11/site-packages/httpx/_client.py", line 942, in _send_handling_auth
    response = self._send_handling_redirects(
               ^^^^^^^^^^^^^^^^^^^^^^^^^^^^^^
  File "/Users/nripeshpradhan/Documents/Github/i-test-season/.venv/lib/python3.11/site-packages/httpx/_client.py", line 979, in _send_handling_redirects
    response = self._send_single_request(request)
               ^^^^^^^^^^^^^^^^^^^^^^^^^^^^^^^^^^
  File "/Users/nripeshpradhan/Documents/Github/i-test-season/.venv/lib/python3.11/site-packages/httpx/_client.py", line 1014, in _send_single_request
    response = transport.handle_request(request)
               ^^^^^^^^^^^^^^^^^^^^^^^^^^^^^^^^^
  File "/Users/nripeshpradhan/Documents/Github/i-test-season/.venv/lib/python3.11/site-packages/httpx/_transports/default.py", line 249, in handle_request
    with map_httpcore_exceptions():
  File "/Users/nripeshpradhan/.local/share/uv/python/cpython-3.11.15-macos-aarch64-none/lib/python3.11/contextlib.py", line 158, in __exit__
    self.gen.throw(typ, value, traceback)
  File "/Users/nripeshpradhan/Documents/Github/i-test-season/.venv/lib/python3.11/site-packages/httpx/_transports/default.py", line 118, in map_httpcore_exceptions
    raise mapped_exc(message) from exc
httpx.ReadTimeout: The read operation timed out
2026-08-23 03:51:46,805 ERROR poll cycle failed; backing off
Traceback (most recent call last):
  File "/Users/nripeshpradhan/Documents/Github/i-test-season/.venv/lib/python3.11/site-packages/httpx/_transports/default.py", line 101, in map_httpcore_exceptions
    yield
  File "/Users/nripeshpradhan/Documents/Github/i-test-season/.venv/lib/python3.11/site-packages/httpx/_transports/default.py", line 250, in handle_request
    resp = self._pool.handle_request(req)
           ^^^^^^^^^^^^^^^^^^^^^^^^^^^^^^
  File "/Users/nripeshpradhan/Documents/Github/i-test-season/.venv/lib/python3.11/site-packages/httpcore/_sync/connection_pool.py", line 256, in handle_request
    raise exc from None
  File "/Users/nripeshpradhan/Documents/Github/i-test-season/.venv/lib/python3.11/site-packages/httpcore/_sync/connection_pool.py", line 236, in handle_request
    response = connection.handle_request(
               ^^^^^^^^^^^^^^^^^^^^^^^^^^
  File "/Users/nripeshpradhan/Documents/Github/i-test-season/.venv/lib/python3.11/site-packages/httpcore/_sync/connection.py", line 103, in handle_request
    return self._connection.handle_request(request)
           ^^^^^^^^^^^^^^^^^^^^^^^^^^^^^^^^^^^^^^^^
  File "/Users/nripeshpradhan/Documents/Github/i-test-season/.venv/lib/python3.11/site-packages/httpcore/_sync/http11.py", line 136, in handle_request
    raise exc
  File "/Users/nripeshpradhan/Documents/Github/i-test-season/.venv/lib/python3.11/site-packages/httpcore/_sync/http11.py", line 106, in handle_request
    ) = self._receive_response_headers(**kwargs)
        ^^^^^^^^^^^^^^^^^^^^^^^^^^^^^^^^^^^^^^^^
  File "/Users/nripeshpradhan/Documents/Github/i-test-season/.venv/lib/python3.11/site-packages/httpcore/_sync/http11.py", line 177, in _receive_response_headers
    event = self._receive_event(timeout=timeout)
            ^^^^^^^^^^^^^^^^^^^^^^^^^^^^^^^^^^^^
  File "/Users/nripeshpradhan/Documents/Github/i-test-season/.venv/lib/python3.11/site-packages/httpcore/_sync/http11.py", line 217, in _receive_event
    data = self._network_stream.read(
           ^^^^^^^^^^^^^^^^^^^^^^^^^^
  File "/Users/nripeshpradhan/Documents/Github/i-test-season/.venv/lib/python3.11/site-packages/httpcore/_backends/sync.py", line 126, in read
    with map_exceptions(exc_map):
  File "/Users/nripeshpradhan/.local/share/uv/python/cpython-3.11.15-macos-aarch64-none/lib/python3.11/contextlib.py", line 158, in __exit__
    self.gen.throw(typ, value, traceback)
  File "/Users/nripeshpradhan/Documents/Github/i-test-season/.venv/lib/python3.11/site-packages/httpcore/_exceptions.py", line 14, in map_exceptions
    raise to_exc(exc) from exc
httpcore.ReadTimeout: The read operation timed out

The above exception was the direct cause of the following exception:

Traceback (most recent call last):
  File "/Users/nripeshpradhan/Documents/Github/i-test-season/fpl_edge/interfaces/telegram.py", line 503, in run_forever
    self.poll_once(timeout=timeout)
  File "/Users/nripeshpradhan/Documents/Github/i-test-season/fpl_edge/interfaces/telegram.py", line 338, in poll_once
    body = self.transport.call(
           ^^^^^^^^^^^^^^^^^^^^
  File "/Users/nripeshpradhan/Documents/Github/i-test-season/fpl_edge/interfaces/telegram.py", line 102, in call
    resp = self._client.post(f"/{method}", json=payload, timeout=timeout)
           ^^^^^^^^^^^^^^^^^^^^^^^^^^^^^^^^^^^^^^^^^^^^^^^^^^^^^^^^^^^^^^
  File "/Users/nripeshpradhan/Documents/Github/i-test-season/.venv/lib/python3.11/site-packages/httpx/_client.py", line 1144, in post
    return self.request(
           ^^^^^^^^^^^^^
  File "/Users/nripeshpradhan/Documents/Github/i-test-season/.venv/lib/python3.11/site-packages/httpx/_client.py", line 825, in request
    return self.send(request, auth=auth, follow_redirects=follow_redirects)
           ^^^^^^^^^^^^^^^^^^^^^^^^^^^^^^^^^^^^^^^^^^^^^^^^^^^^^^^^^^^^^^^^
  File "/Users/nripeshpradhan/Documents/Github/i-test-season/.venv/lib/python3.11/site-packages/httpx/_client.py", line 914, in send
    response = self._send_handling_auth(
               ^^^^^^^^^^^^^^^^^^^^^^^^^
  File "/Users/nripeshpradhan/Documents/Github/i-test-season/.venv/lib/python3.11/site-packages/httpx/_client.py", line 942, in _send_handling_auth
    response = self._send_handling_redirects(
               ^^^^^^^^^^^^^^^^^^^^^^^^^^^^^^
  File "/Users/nripeshpradhan/Documents/Github/i-test-season/.venv/lib/python3.11/site-packages/httpx/_client.py", line 979, in _send_handling_redirects
    response = self._send_single_request(request)
               ^^^^^^^^^^^^^^^^^^^^^^^^^^^^^^^^^^
  File "/Users/nripeshpradhan/Documents/Github/i-test-season/.venv/lib/python3.11/site-packages/httpx/_client.py", line 1014, in _send_single_request
    response = transport.handle_request(request)
               ^^^^^^^^^^^^^^^^^^^^^^^^^^^^^^^^^
  File "/Users/nripeshpradhan/Documents/Github/i-test-season/.venv/lib/python3.11/site-packages/httpx/_transports/default.py", line 249, in handle_request
    with map_httpcore_exceptions():
  File "/Users/nripeshpradhan/.local/share/uv/python/cpython-3.11.15-macos-aarch64-none/lib/python3.11/contextlib.py", line 158, in __exit__
    self.gen.throw(typ, value, traceback)
  File "/Users/nripeshpradhan/Documents/Github/i-test-season/.venv/lib/python3.11/site-packages/httpx/_transports/default.py", line 118, in map_httpcore_exceptions
    raise mapped_exc(message) from exc
httpx.ReadTimeout: The read operation timed out
2026-08-23 05:31:43,265 ERROR poll cycle failed; backing off
Traceback (most recent call last):
  File "/Users/nripeshpradhan/Documents/Github/i-test-season/.venv/lib/python3.11/site-packages/httpx/_transports/default.py", line 101, in map_httpcore_exceptions
    yield
  File "/Users/nripeshpradhan/Documents/Github/i-test-season/.venv/lib/python3.11/site-packages/httpx/_transports/default.py", line 250, in handle_request
    resp = self._pool.handle_request(req)
           ^^^^^^^^^^^^^^^^^^^^^^^^^^^^^^
  File "/Users/nripeshpradhan/Documents/Github/i-test-season/.venv/lib/python3.11/site-packages/httpcore/_sync/connection_pool.py", line 256, in handle_request
    raise exc from None
  File "/Users/nripeshpradhan/Documents/Github/i-test-season/.venv/lib/python3.11/site-packages/httpcore/_sync/connection_pool.py", line 236, in handle_request
    response = connection.handle_request(
               ^^^^^^^^^^^^^^^^^^^^^^^^^^
  File "/Users/nripeshpradhan/Documents/Github/i-test-season/.venv/lib/python3.11/site-packages/httpcore/_sync/connection.py", line 103, in handle_request
    return self._connection.handle_request(request)
           ^^^^^^^^^^^^^^^^^^^^^^^^^^^^^^^^^^^^^^^^
  File "/Users/nripeshpradhan/Documents/Github/i-test-season/.venv/lib/python3.11/site-packages/httpcore/_sync/http11.py", line 136, in handle_request
    raise exc
  File "/Users/nripeshpradhan/Documents/Github/i-test-season/.venv/lib/python3.11/site-packages/httpcore/_sync/http11.py", line 106, in handle_request
    ) = self._receive_response_headers(**kwargs)
        ^^^^^^^^^^^^^^^^^^^^^^^^^^^^^^^^^^^^^^^^
  File "/Users/nripeshpradhan/Documents/Github/i-test-season/.venv/lib/python3.11/site-packages/httpcore/_sync/http11.py", line 177, in _receive_response_headers
    event = self._receive_event(timeout=timeout)
            ^^^^^^^^^^^^^^^^^^^^^^^^^^^^^^^^^^^^
  File "/Users/nripeshpradhan/Documents/Github/i-test-season/.venv/lib/python3.11/site-packages/httpcore/_sync/http11.py", line 217, in _receive_event
    data = self._network_stream.read(
           ^^^^^^^^^^^^^^^^^^^^^^^^^^
  File "/Users/nripeshpradhan/Documents/Github/i-test-season/.venv/lib/python3.11/site-packages/httpcore/_backends/sync.py", line 126, in read
    with map_exceptions(exc_map):
  File "/Users/nripeshpradhan/.local/share/uv/python/cpython-3.11.15-macos-aarch64-none/lib/python3.11/contextlib.py", line 158, in __exit__
    self.gen.throw(typ, value, traceback)
  File "/Users/nripeshpradhan/Documents/Github/i-test-season/.venv/lib/python3.11/site-packages/httpcore/_exceptions.py", line 14, in map_exceptions
    raise to_exc(exc) from exc
httpcore.ReadTimeout: The read operation timed out

The above exception was the direct cause of the following exception:

Traceback (most recent call last):
  File "/Users/nripeshpradhan/Documents/Github/i-test-season/fpl_edge/interfaces/telegram.py", line 503, in run_forever
    self.poll_once(timeout=timeout)
  File "/Users/nripeshpradhan/Documents/Github/i-test-season/fpl_edge/interfaces/telegram.py", line 338, in poll_once
    body = self.transport.call(
           ^^^^^^^^^^^^^^^^^^^^
  File "/Users/nripeshpradhan/Documents/Github/i-test-season/fpl_edge/interfaces/telegram.py", line 102, in call
    resp = self._client.post(f"/{method}", json=payload, timeout=timeout)
           ^^^^^^^^^^^^^^^^^^^^^^^^^^^^^^^^^^^^^^^^^^^^^^^^^^^^^^^^^^^^^^
  File "/Users/nripeshpradhan/Documents/Github/i-test-season/.venv/lib/python3.11/site-packages/httpx/_client.py", line 1144, in post
    return self.request(
           ^^^^^^^^^^^^^
  File "/Users/nripeshpradhan/Documents/Github/i-test-season/.venv/lib/python3.11/site-packages/httpx/_client.py", line 825, in request
    return self.send(request, auth=auth, follow_redirects=follow_redirects)
           ^^^^^^^^^^^^^^^^^^^^^^^^^^^^^^^^^^^^^^^^^^^^^^^^^^^^^^^^^^^^^^^^
  File "/Users/nripeshpradhan/Documents/Github/i-test-season/.venv/lib/python3.11/site-packages/httpx/_client.py", line 914, in send
    response = self._send_handling_auth(
               ^^^^^^^^^^^^^^^^^^^^^^^^^
  File "/Users/nripeshpradhan/Documents/Github/i-test-season/.venv/lib/python3.11/site-packages/httpx/_client.py", line 942, in _send_handling_auth
    response = self._send_handling_redirects(
               ^^^^^^^^^^^^^^^^^^^^^^^^^^^^^^
  File "/Users/nripeshpradhan/Documents/Github/i-test-season/.venv/lib/python3.11/site-packages/httpx/_client.py", line 979, in _send_handling_redirects
    response = self._send_single_request(request)
               ^^^^^^^^^^^^^^^^^^^^^^^^^^^^^^^^^^
  File "/Users/nripeshpradhan/Documents/Github/i-test-season/.venv/lib/python3.11/site-packages/httpx/_client.py", line 1014, in _send_single_request
    response = transport.handle_request(request)
               ^^^^^^^^^^^^^^^^^^^^^^^^^^^^^^^^^
  File "/Users/nripeshpradhan/Documents/Github/i-test-season/.venv/lib/python3.11/site-packages/httpx/_transports/default.py", line 249, in handle_request
    with map_httpcore_exceptions():
  File "/Users/nripeshpradhan/.local/share/uv/python/cpython-3.11.15-macos-aarch64-none/lib/python3.11/contextlib.py", line 158, in __exit__
    self.gen.throw(typ, value, traceback)
  File "/Users/nripeshpradhan/Documents/Github/i-test-season/.venv/lib/python3.11/site-packages/httpx/_transports/default.py", line 118, in map_httpcore_exceptions
    raise mapped_exc(message) from exc
httpx.ReadTimeout: The read operation timed out
2026-08-23 06:18:10,561 ERROR poll cycle failed; backing off
Traceback (most recent call last):
  File "/Users/nripeshpradhan/Documents/Github/i-test-season/.venv/lib/python3.11/site-packages/httpx/_transports/default.py", line 101, in map_httpcore_exceptions
    yield
  File "/Users/nripeshpradhan/Documents/Github/i-test-season/.venv/lib/python3.11/site-packages/httpx/_transports/default.py", line 250, in handle_request
    resp = self._pool.handle_request(req)
           ^^^^^^^^^^^^^^^^^^^^^^^^^^^^^^
  File "/Users/nripeshpradhan/Documents/Github/i-test-season/.venv/lib/python3.11/site-packages/httpcore/_sync/connection_pool.py", line 256, in handle_request
    raise exc from None
  File "/Users/nripeshpradhan/Documents/Github/i-test-season/.venv/lib/python3.11/site-packages/httpcore/_sync/connection_pool.py", line 236, in handle_request
    response = connection.handle_request(
               ^^^^^^^^^^^^^^^^^^^^^^^^^^
  File "/Users/nripeshpradhan/Documents/Github/i-test-season/.venv/lib/python3.11/site-packages/httpcore/_sync/connection.py", line 103, in handle_request
    return self._connection.handle_request(request)
           ^^^^^^^^^^^^^^^^^^^^^^^^^^^^^^^^^^^^^^^^
  File "/Users/nripeshpradhan/Documents/Github/i-test-season/.venv/lib/python3.11/site-packages/httpcore/_sync/http11.py", line 136, in handle_request
    raise exc
  File "/Users/nripeshpradhan/Documents/Github/i-test-season/.venv/lib/python3.11/site-packages/httpcore/_sync/http11.py", line 106, in handle_request
    ) = self._receive_response_headers(**kwargs)
        ^^^^^^^^^^^^^^^^^^^^^^^^^^^^^^^^^^^^^^^^
  File "/Users/nripeshpradhan/Documents/Github/i-test-season/.venv/lib/python3.11/site-packages/httpcore/_sync/http11.py", line 177, in _receive_response_headers
    event = self._receive_event(timeout=timeout)
            ^^^^^^^^^^^^^^^^^^^^^^^^^^^^^^^^^^^^
  File "/Users/nripeshpradhan/Documents/Github/i-test-season/.venv/lib/python3.11/site-packages/httpcore/_sync/http11.py", line 217, in _receive_event
    data = self._network_stream.read(
           ^^^^^^^^^^^^^^^^^^^^^^^^^^
  File "/Users/nripeshpradhan/Documents/Github/i-test-season/.venv/lib/python3.11/site-packages/httpcore/_backends/sync.py", line 126, in read
    with map_exceptions(exc_map):
  File "/Users/nripeshpradhan/.local/share/uv/python/cpython-3.11.15-macos-aarch64-none/lib/python3.11/contextlib.py", line 158, in __exit__
    self.gen.throw(typ, value, traceback)
  File "/Users/nripeshpradhan/Documents/Github/i-test-season/.venv/lib/python3.11/site-packages/httpcore/_exceptions.py", line 14, in map_exceptions
    raise to_exc(exc) from exc
httpcore.ReadTimeout: The read operation timed out

The above exception was the direct cause of the following exception:

Traceback (most recent call last):
  File "/Users/nripeshpradhan/Documents/Github/i-test-season/fpl_edge/interfaces/telegram.py", line 503, in run_forever
    self.poll_once(timeout=timeout)
  File "/Users/nripeshpradhan/Documents/Github/i-test-season/fpl_edge/interfaces/telegram.py", line 338, in poll_once
    body = self.transport.call(
           ^^^^^^^^^^^^^^^^^^^^
  File "/Users/nripeshpradhan/Documents/Github/i-test-season/fpl_edge/interfaces/telegram.py", line 102, in call
    resp = self._client.post(f"/{method}", json=payload, timeout=timeout)
           ^^^^^^^^^^^^^^^^^^^^^^^^^^^^^^^^^^^^^^^^^^^^^^^^^^^^^^^^^^^^^^
  File "/Users/nripeshpradhan/Documents/Github/i-test-season/.venv/lib/python3.11/site-packages/httpx/_client.py", line 1144, in post
    return self.request(
           ^^^^^^^^^^^^^
  File "/Users/nripeshpradhan/Documents/Github/i-test-season/.venv/lib/python3.11/site-packages/httpx/_client.py", line 825, in request
    return self.send(request, auth=auth, follow_redirects=follow_redirects)
           ^^^^^^^^^^^^^^^^^^^^^^^^^^^^^^^^^^^^^^^^^^^^^^^^^^^^^^^^^^^^^^^^
  File "/Users/nripeshpradhan/Documents/Github/i-test-season/.venv/lib/python3.11/site-packages/httpx/_client.py", line 914, in send
    response = self._send_handling_auth(
               ^^^^^^^^^^^^^^^^^^^^^^^^^
  File "/Users/nripeshpradhan/Documents/Github/i-test-season/.venv/lib/python3.11/site-packages/httpx/_client.py", line 942, in _send_handling_auth
    response = self._send_handling_redirects(
               ^^^^^^^^^^^^^^^^^^^^^^^^^^^^^^
  File "/Users/nripeshpradhan/Documents/Github/i-test-season/.venv/lib/python3.11/site-packages/httpx/_client.py", line 979, in _send_handling_redirects
    response = self._send_single_request(request)
               ^^^^^^^^^^^^^^^^^^^^^^^^^^^^^^^^^^
  File "/Users/nripeshpradhan/Documents/Github/i-test-season/.venv/lib/python3.11/site-packages/httpx/_client.py", line 1014, in _send_single_request
    response = transport.handle_request(request)
               ^^^^^^^^^^^^^^^^^^^^^^^^^^^^^^^^^
  File "/Users/nripeshpradhan/Documents/Github/i-test-season/.venv/lib/python3.11/site-packages/httpx/_transports/default.py", line 249, in handle_request
    with map_httpcore_exceptions():
  File "/Users/nripeshpradhan/.local/share/uv/python/cpython-3.11.15-macos-aarch64-none/lib/python3.11/contextlib.py", line 158, in __exit__
    self.gen.throw(typ, value, traceback)
  File "/Users/nripeshpradhan/Documents/Github/i-test-season/.venv/lib/python3.11/site-packages/httpx/_transports/default.py", line 118, in map_httpcore_exceptions
    raise mapped_exc(message) from exc
httpx.ReadTimeout: The read operation timed out
2026-08-23 07:24:20,394 ERROR poll cycle failed; backing off
Traceback (most recent call last):
  File "/Users/nripeshpradhan/Documents/Github/i-test-season/.venv/lib/python3.11/site-packages/httpx/_transports/default.py", line 101, in map_httpcore_exceptions
    yield
  File "/Users/nripeshpradhan/Documents/Github/i-test-season/.venv/lib/python3.11/site-packages/httpx/_transports/default.py", line 250, in handle_request
    resp = self._pool.handle_request(req)
           ^^^^^^^^^^^^^^^^^^^^^^^^^^^^^^
  File "/Users/nripeshpradhan/Documents/Github/i-test-season/.venv/lib/python3.11/site-packages/httpcore/_sync/connection_pool.py", line 256, in handle_request
    raise exc from None
  File "/Users/nripeshpradhan/Documents/Github/i-test-season/.venv/lib/python3.11/site-packages/httpcore/_sync/connection_pool.py", line 236, in handle_request
    response = connection.handle_request(
               ^^^^^^^^^^^^^^^^^^^^^^^^^^
  File "/Users/nripeshpradhan/Documents/Github/i-test-season/.venv/lib/python3.11/site-packages/httpcore/_sync/connection.py", line 103, in handle_request
    return self._connection.handle_request(request)
           ^^^^^^^^^^^^^^^^^^^^^^^^^^^^^^^^^^^^^^^^
  File "/Users/nripeshpradhan/Documents/Github/i-test-season/.venv/lib/python3.11/site-packages/httpcore/_sync/http11.py", line 136, in handle_request
    raise exc
  File "/Users/nripeshpradhan/Documents/Github/i-test-season/.venv/lib/python3.11/site-packages/httpcore/_sync/http11.py", line 106, in handle_request
    ) = self._receive_response_headers(**kwargs)
        ^^^^^^^^^^^^^^^^^^^^^^^^^^^^^^^^^^^^^^^^
  File "/Users/nripeshpradhan/Documents/Github/i-test-season/.venv/lib/python3.11/site-packages/httpcore/_sync/http11.py", line 177, in _receive_response_headers
    event = self._receive_event(timeout=timeout)
            ^^^^^^^^^^^^^^^^^^^^^^^^^^^^^^^^^^^^
  File "/Users/nripeshpradhan/Documents/Github/i-test-season/.venv/lib/python3.11/site-packages/httpcore/_sync/http11.py", line 217, in _receive_event
    data = self._network_stream.read(
           ^^^^^^^^^^^^^^^^^^^^^^^^^^
  File "/Users/nripeshpradhan/Documents/Github/i-test-season/.venv/lib/python3.11/site-packages/httpcore/_backends/sync.py", line 126, in read
    with map_exceptions(exc_map):
  File "/Users/nripeshpradhan/.local/share/uv/python/cpython-3.11.15-macos-aarch64-none/lib/python3.11/contextlib.py", line 158, in __exit__
    self.gen.throw(typ, value, traceback)
  File "/Users/nripeshpradhan/Documents/Github/i-test-season/.venv/lib/python3.11/site-packages/httpcore/_exceptions.py", line 14, in map_exceptions
    raise to_exc(exc) from exc
httpcore.ReadTimeout: The read operation timed out

The above exception was the direct cause of the following exception:

Traceback (most recent call last):
  File "/Users/nripeshpradhan/Documents/Github/i-test-season/fpl_edge/interfaces/telegram.py", line 503, in run_forever
    self.poll_once(timeout=timeout)
  File "/Users/nripeshpradhan/Documents/Github/i-test-season/fpl_edge/interfaces/telegram.py", line 338, in poll_once
    body = self.transport.call(
           ^^^^^^^^^^^^^^^^^^^^
  File "/Users/nripeshpradhan/Documents/Github/i-test-season/fpl_edge/interfaces/telegram.py", line 102, in call
    resp = self._client.post(f"/{method}", json=payload, timeout=timeout)
           ^^^^^^^^^^^^^^^^^^^^^^^^^^^^^^^^^^^^^^^^^^^^^^^^^^^^^^^^^^^^^^
  File "/Users/nripeshpradhan/Documents/Github/i-test-season/.venv/lib/python3.11/site-packages/httpx/_client.py", line 1144, in post
    return self.request(
           ^^^^^^^^^^^^^
  File "/Users/nripeshpradhan/Documents/Github/i-test-season/.venv/lib/python3.11/site-packages/httpx/_client.py", line 825, in request
    return self.send(request, auth=auth, follow_redirects=follow_redirects)
           ^^^^^^^^^^^^^^^^^^^^^^^^^^^^^^^^^^^^^^^^^^^^^^^^^^^^^^^^^^^^^^^^
  File "/Users/nripeshpradhan/Documents/Github/i-test-season/.venv/lib/python3.11/site-packages/httpx/_client.py", line 914, in send
    response = self._send_handling_auth(
               ^^^^^^^^^^^^^^^^^^^^^^^^^
  File "/Users/nripeshpradhan/Documents/Github/i-test-season/.venv/lib/python3.11/site-packages/httpx/_client.py", line 942, in _send_handling_auth
    response = self._send_handling_redirects(
               ^^^^^^^^^^^^^^^^^^^^^^^^^^^^^^
  File "/Users/nripeshpradhan/Documents/Github/i-test-season/.venv/lib/python3.11/site-packages/httpx/_client.py", line 979, in _send_handling_redirects
    response = self._send_single_request(request)
               ^^^^^^^^^^^^^^^^^^^^^^^^^^^^^^^^^^
  File "/Users/nripeshpradhan/Documents/Github/i-test-season/.venv/lib/python3.11/site-packages/httpx/_client.py", line 1014, in _send_single_request
    response = transport.handle_request(request)
               ^^^^^^^^^^^^^^^^^^^^^^^^^^^^^^^^^
  File "/Users/nripeshpradhan/Documents/Github/i-test-season/.venv/lib/python3.11/site-packages/httpx/_transports/default.py", line 249, in handle_request
    with map_httpcore_exceptions():
  File "/Users/nripeshpradhan/.local/share/uv/python/cpython-3.11.15-macos-aarch64-none/lib/python3.11/contextlib.py", line 158, in __exit__
    self.gen.throw(typ, value, traceback)
  File "/Users/nripeshpradhan/Documents/Github/i-test-season/.venv/lib/python3.11/site-packages/httpx/_transports/default.py", line 118, in map_httpcore_exceptions
    raise mapped_exc(message) from exc
httpx.ReadTimeout: The read operation timed out
2026-08-23 08:38:21,410 ERROR poll cycle failed; backing off
Traceback (most recent call last):
  File "/Users/nripeshpradhan/Documents/Github/i-test-season/.venv/lib/python3.11/site-packages/httpx/_transports/default.py", line 101, in map_httpcore_exceptions
    yield
  File "/Users/nripeshpradhan/Documents/Github/i-test-season/.venv/lib/python3.11/site-packages/httpx/_transports/default.py", line 250, in handle_request
    resp = self._pool.handle_request(req)
           ^^^^^^^^^^^^^^^^^^^^^^^^^^^^^^
  File "/Users/nripeshpradhan/Documents/Github/i-test-season/.venv/lib/python3.11/site-packages/httpcore/_sync/connection_pool.py", line 256, in handle_request
    raise exc from None
  File "/Users/nripeshpradhan/Documents/Github/i-test-season/.venv/lib/python3.11/site-packages/httpcore/_sync/connection_pool.py", line 236, in handle_request
    response = connection.handle_request(
               ^^^^^^^^^^^^^^^^^^^^^^^^^^
  File "/Users/nripeshpradhan/Documents/Github/i-test-season/.venv/lib/python3.11/site-packages/httpcore/_sync/connection.py", line 103, in handle_request
    return self._connection.handle_request(request)
           ^^^^^^^^^^^^^^^^^^^^^^^^^^^^^^^^^^^^^^^^
  File "/Users/nripeshpradhan/Documents/Github/i-test-season/.venv/lib/python3.11/site-packages/httpcore/_sync/http11.py", line 136, in handle_request
    raise exc
  File "/Users/nripeshpradhan/Documents/Github/i-test-season/.venv/lib/python3.11/site-packages/httpcore/_sync/http11.py", line 106, in handle_request
    ) = self._receive_response_headers(**kwargs)
        ^^^^^^^^^^^^^^^^^^^^^^^^^^^^^^^^^^^^^^^^
  File "/Users/nripeshpradhan/Documents/Github/i-test-season/.venv/lib/python3.11/site-packages/httpcore/_sync/http11.py", line 177, in _receive_response_headers
    event = self._receive_event(timeout=timeout)
            ^^^^^^^^^^^^^^^^^^^^^^^^^^^^^^^^^^^^
  File "/Users/nripeshpradhan/Documents/Github/i-test-season/.venv/lib/python3.11/site-packages/httpcore/_sync/http11.py", line 217, in _receive_event
    data = self._network_stream.read(
           ^^^^^^^^^^^^^^^^^^^^^^^^^^
  File "/Users/nripeshpradhan/Documents/Github/i-test-season/.venv/lib/python3.11/site-packages/httpcore/_backends/sync.py", line 126, in read
    with map_exceptions(exc_map):
  File "/Users/nripeshpradhan/.local/share/uv/python/cpython-3.11.15-macos-aarch64-none/lib/python3.11/contextlib.py", line 158, in __exit__
    self.gen.throw(typ, value, traceback)
  File "/Users/nripeshpradhan/Documents/Github/i-test-season/.venv/lib/python3.11/site-packages/httpcore/_exceptions.py", line 14, in map_exceptions
    raise to_exc(exc) from exc
httpcore.ReadTimeout: The read operation timed out

The above exception was the direct cause of the following exception:

Traceback (most recent call last):
  File "/Users/nripeshpradhan/Documents/Github/i-test-season/fpl_edge/interfaces/telegram.py", line 503, in run_forever
    self.poll_once(timeout=timeout)
  File "/Users/nripeshpradhan/Documents/Github/i-test-season/fpl_edge/interfaces/telegram.py", line 338, in poll_once
    body = self.transport.call(
           ^^^^^^^^^^^^^^^^^^^^
  File "/Users/nripeshpradhan/Documents/Github/i-test-season/fpl_edge/interfaces/telegram.py", line 102, in call
    resp = self._client.post(f"/{method}", json=payload, timeout=timeout)
           ^^^^^^^^^^^^^^^^^^^^^^^^^^^^^^^^^^^^^^^^^^^^^^^^^^^^^^^^^^^^^^
  File "/Users/nripeshpradhan/Documents/Github/i-test-season/.venv/lib/python3.11/site-packages/httpx/_client.py", line 1144, in post
    return self.request(
           ^^^^^^^^^^^^^
  File "/Users/nripeshpradhan/Documents/Github/i-test-season/.venv/lib/python3.11/site-packages/httpx/_client.py", line 825, in request
    return self.send(request, auth=auth, follow_redirects=follow_redirects)
           ^^^^^^^^^^^^^^^^^^^^^^^^^^^^^^^^^^^^^^^^^^^^^^^^^^^^^^^^^^^^^^^^
  File "/Users/nripeshpradhan/Documents/Github/i-test-season/.venv/lib/python3.11/site-packages/httpx/_client.py", line 914, in send
    response = self._send_handling_auth(
               ^^^^^^^^^^^^^^^^^^^^^^^^^
  File "/Users/nripeshpradhan/Documents/Github/i-test-season/.venv/lib/python3.11/site-packages/httpx/_client.py", line 942, in _send_handling_auth
    response = self._send_handling_redirects(
               ^^^^^^^^^^^^^^^^^^^^^^^^^^^^^^
  File "/Users/nripeshpradhan/Documents/Github/i-test-season/.venv/lib/python3.11/site-packages/httpx/_client.py", line 979, in _send_handling_redirects
    response = self._send_single_request(request)
               ^^^^^^^^^^^^^^^^^^^^^^^^^^^^^^^^^^
  File "/Users/nripeshpradhan/Documents/Github/i-test-season/.venv/lib/python3.11/site-packages/httpx/_client.py", line 1014, in _send_single_request
    response = transport.handle_request(request)
               ^^^^^^^^^^^^^^^^^^^^^^^^^^^^^^^^^
  File "/Users/nripeshpradhan/Documents/Github/i-test-season/.venv/lib/python3.11/site-packages/httpx/_transports/default.py", line 249, in handle_request
    with map_httpcore_exceptions():
  File "/Users/nripeshpradhan/.local/share/uv/python/cpython-3.11.15-macos-aarch64-none/lib/python3.11/contextlib.py", line 158, in __exit__
    self.gen.throw(typ, value, traceback)
  File "/Users/nripeshpradhan/Documents/Github/i-test-season/.venv/lib/python3.11/site-packages/httpx/_transports/default.py", line 118, in map_httpcore_exceptions
    raise mapped_exc(message) from exc
httpx.ReadTimeout: The read operation timed out
2026-08-23 09:34:36,503 ERROR poll cycle failed; backing off
Traceback (most recent call last):
  File "/Users/nripeshpradhan/Documents/Github/i-test-season/.venv/lib/python3.11/site-packages/httpx/_transports/default.py", line 101, in map_httpcore_exceptions
    yield
  File "/Users/nripeshpradhan/Documents/Github/i-test-season/.venv/lib/python3.11/site-packages/httpx/_transports/default.py", line 250, in handle_request
    resp = self._pool.handle_request(req)
           ^^^^^^^^^^^^^^^^^^^^^^^^^^^^^^
  File "/Users/nripeshpradhan/Documents/Github/i-test-season/.venv/lib/python3.11/site-packages/httpcore/_sync/connection_pool.py", line 256, in handle_request
    raise exc from None
  File "/Users/nripeshpradhan/Documents/Github/i-test-season/.venv/lib/python3.11/site-packages/httpcore/_sync/connection_pool.py", line 236, in handle_request
    response = connection.handle_request(
               ^^^^^^^^^^^^^^^^^^^^^^^^^^
  File "/Users/nripeshpradhan/Documents/Github/i-test-season/.venv/lib/python3.11/site-packages/httpcore/_sync/connection.py", line 103, in handle_request
    return self._connection.handle_request(request)
           ^^^^^^^^^^^^^^^^^^^^^^^^^^^^^^^^^^^^^^^^
  File "/Users/nripeshpradhan/Documents/Github/i-test-season/.venv/lib/python3.11/site-packages/httpcore/_sync/http11.py", line 136, in handle_request
    raise exc
  File "/Users/nripeshpradhan/Documents/Github/i-test-season/.venv/lib/python3.11/site-packages/httpcore/_sync/http11.py", line 106, in handle_request
    ) = self._receive_response_headers(**kwargs)
        ^^^^^^^^^^^^^^^^^^^^^^^^^^^^^^^^^^^^^^^^
  File "/Users/nripeshpradhan/Documents/Github/i-test-season/.venv/lib/python3.11/site-packages/httpcore/_sync/http11.py", line 177, in _receive_response_headers
    event = self._receive_event(timeout=timeout)
            ^^^^^^^^^^^^^^^^^^^^^^^^^^^^^^^^^^^^
  File "/Users/nripeshpradhan/Documents/Github/i-test-season/.venv/lib/python3.11/site-packages/httpcore/_sync/http11.py", line 217, in _receive_event
    data = self._network_stream.read(
           ^^^^^^^^^^^^^^^^^^^^^^^^^^
  File "/Users/nripeshpradhan/Documents/Github/i-test-season/.venv/lib/python3.11/site-packages/httpcore/_backends/sync.py", line 126, in read
    with map_exceptions(exc_map):
  File "/Users/nripeshpradhan/.local/share/uv/python/cpython-3.11.15-macos-aarch64-none/lib/python3.11/contextlib.py", line 158, in __exit__
    self.gen.throw(typ, value, traceback)
  File "/Users/nripeshpradhan/Documents/Github/i-test-season/.venv/lib/python3.11/site-packages/httpcore/_exceptions.py", line 14, in map_exceptions
    raise to_exc(exc) from exc
httpcore.ReadTimeout: The read operation timed out

The above exception was the direct cause of the following exception:

Traceback (most recent call last):
  File "/Users/nripeshpradhan/Documents/Github/i-test-season/fpl_edge/interfaces/telegram.py", line 503, in run_forever
    self.poll_once(timeout=timeout)
  File "/Users/nripeshpradhan/Documents/Github/i-test-season/fpl_edge/interfaces/telegram.py", line 338, in poll_once
    body = self.transport.call(
           ^^^^^^^^^^^^^^^^^^^^
  File "/Users/nripeshpradhan/Documents/Github/i-test-season/fpl_edge/interfaces/telegram.py", line 102, in call
    resp = self._client.post(f"/{method}", json=payload, timeout=timeout)
           ^^^^^^^^^^^^^^^^^^^^^^^^^^^^^^^^^^^^^^^^^^^^^^^^^^^^^^^^^^^^^^
  File "/Users/nripeshpradhan/Documents/Github/i-test-season/.venv/lib/python3.11/site-packages/httpx/_client.py", line 1144, in post
    return self.request(
           ^^^^^^^^^^^^^
  File "/Users/nripeshpradhan/Documents/Github/i-test-season/.venv/lib/python3.11/site-packages/httpx/_client.py", line 825, in request
    return self.send(request, auth=auth, follow_redirects=follow_redirects)
           ^^^^^^^^^^^^^^^^^^^^^^^^^^^^^^^^^^^^^^^^^^^^^^^^^^^^^^^^^^^^^^^^
  File "/Users/nripeshpradhan/Documents/Github/i-test-season/.venv/lib/python3.11/site-packages/httpx/_client.py", line 914, in send
    response = self._send_handling_auth(
               ^^^^^^^^^^^^^^^^^^^^^^^^^
  File "/Users/nripeshpradhan/Documents/Github/i-test-season/.venv/lib/python3.11/site-packages/httpx/_client.py", line 942, in _send_handling_auth
    response = self._send_handling_redirects(
               ^^^^^^^^^^^^^^^^^^^^^^^^^^^^^^
  File "/Users/nripeshpradhan/Documents/Github/i-test-season/.venv/lib/python3.11/site-packages/httpx/_client.py", line 979, in _send_handling_redirects
    response = self._send_single_request(request)
               ^^^^^^^^^^^^^^^^^^^^^^^^^^^^^^^^^^
  File "/Users/nripeshpradhan/Documents/Github/i-test-season/.venv/lib/python3.11/site-packages/httpx/_client.py", line 1014, in _send_single_request
    response = transport.handle_request(request)
               ^^^^^^^^^^^^^^^^^^^^^^^^^^^^^^^^^
  File "/Users/nripeshpradhan/Documents/Github/i-test-season/.venv/lib/python3.11/site-packages/httpx/_transports/default.py", line 249, in handle_request
    with map_httpcore_exceptions():
  File "/Users/nripeshpradhan/.local/share/uv/python/cpython-3.11.15-macos-aarch64-none/lib/python3.11/contextlib.py", line 158, in __exit__
    self.gen.throw(typ, value, traceback)
  File "/Users/nripeshpradhan/Documents/Github/i-test-season/.venv/lib/python3.11/site-packages/httpx/_transports/default.py", line 118, in map_httpcore_exceptions
    raise mapped_exc(message) from exc
httpx.ReadTimeout: The read operation timed out
2026-08-23 10:30:35,673 ERROR poll cycle failed; backing off
Traceback (most recent call last):
  File "/Users/nripeshpradhan/Documents/Github/i-test-season/.venv/lib/python3.11/site-packages/httpx/_transports/default.py", line 101, in map_httpcore_exceptions
    yield
  File "/Users/nripeshpradhan/Documents/Github/i-test-season/.venv/lib/python3.11/site-packages/httpx/_transports/default.py", line 250, in handle_request
    resp = self._pool.handle_request(req)
           ^^^^^^^^^^^^^^^^^^^^^^^^^^^^^^
  File "/Users/nripeshpradhan/Documents/Github/i-test-season/.venv/lib/python3.11/site-packages/httpcore/_sync/connection_pool.py", line 256, in handle_request
    raise exc from None
  File "/Users/nripeshpradhan/Documents/Github/i-test-season/.venv/lib/python3.11/site-packages/httpcore/_sync/connection_pool.py", line 236, in handle_request
    response = connection.handle_request(
               ^^^^^^^^^^^^^^^^^^^^^^^^^^
  File "/Users/nripeshpradhan/Documents/Github/i-test-season/.venv/lib/python3.11/site-packages/httpcore/_sync/connection.py", line 103, in handle_request
    return self._connection.handle_request(request)
           ^^^^^^^^^^^^^^^^^^^^^^^^^^^^^^^^^^^^^^^^
  File "/Users/nripeshpradhan/Documents/Github/i-test-season/.venv/lib/python3.11/site-packages/httpcore/_sync/http11.py", line 136, in handle_request
    raise exc
  File "/Users/nripeshpradhan/Documents/Github/i-test-season/.venv/lib/python3.11/site-packages/httpcore/_sync/http11.py", line 106, in handle_request
    ) = self._receive_response_headers(**kwargs)
        ^^^^^^^^^^^^^^^^^^^^^^^^^^^^^^^^^^^^^^^^
  File "/Users/nripeshpradhan/Documents/Github/i-test-season/.venv/lib/python3.11/site-packages/httpcore/_sync/http11.py", line 177, in _receive_response_headers
    event = self._receive_event(timeout=timeout)
            ^^^^^^^^^^^^^^^^^^^^^^^^^^^^^^^^^^^^
  File "/Users/nripeshpradhan/Documents/Github/i-test-season/.venv/lib/python3.11/site-packages/httpcore/_sync/http11.py", line 217, in _receive_event
    data = self._network_stream.read(
           ^^^^^^^^^^^^^^^^^^^^^^^^^^
  File "/Users/nripeshpradhan/Documents/Github/i-test-season/.venv/lib/python3.11/site-packages/httpcore/_backends/sync.py", line 126, in read
    with map_exceptions(exc_map):
  File "/Users/nripeshpradhan/.local/share/uv/python/cpython-3.11.15-macos-aarch64-none/lib/python3.11/contextlib.py", line 158, in __exit__
    self.gen.throw(typ, value, traceback)
  File "/Users/nripeshpradhan/Documents/Github/i-test-season/.venv/lib/python3.11/site-packages/httpcore/_exceptions.py", line 14, in map_exceptions
    raise to_exc(exc) from exc
httpcore.ReadTimeout: The read operation timed out

The above exception was the direct cause of the following exception:

Traceback (most recent call last):
  File "/Users/nripeshpradhan/Documents/Github/i-test-season/fpl_edge/interfaces/telegram.py", line 503, in run_forever
    self.poll_once(timeout=timeout)
  File "/Users/nripeshpradhan/Documents/Github/i-test-season/fpl_edge/interfaces/telegram.py", line 338, in poll_once
    body = self.transport.call(
           ^^^^^^^^^^^^^^^^^^^^
  File "/Users/nripeshpradhan/Documents/Github/i-test-season/fpl_edge/interfaces/telegram.py", line 102, in call
    resp = self._client.post(f"/{method}", json=payload, timeout=timeout)
           ^^^^^^^^^^^^^^^^^^^^^^^^^^^^^^^^^^^^^^^^^^^^^^^^^^^^^^^^^^^^^^
  File "/Users/nripeshpradhan/Documents/Github/i-test-season/.venv/lib/python3.11/site-packages/httpx/_client.py", line 1144, in post
    return self.request(
           ^^^^^^^^^^^^^
  File "/Users/nripeshpradhan/Documents/Github/i-test-season/.venv/lib/python3.11/site-packages/httpx/_client.py", line 825, in request
    return self.send(request, auth=auth, follow_redirects=follow_redirects)
           ^^^^^^^^^^^^^^^^^^^^^^^^^^^^^^^^^^^^^^^^^^^^^^^^^^^^^^^^^^^^^^^^
  File "/Users/nripeshpradhan/Documents/Github/i-test-season/.venv/lib/python3.11/site-packages/httpx/_client.py", line 914, in send
    response = self._send_handling_auth(
               ^^^^^^^^^^^^^^^^^^^^^^^^^
  File "/Users/nripeshpradhan/Documents/Github/i-test-season/.venv/lib/python3.11/site-packages/httpx/_client.py", line 942, in _send_handling_auth
    response = self._send_handling_redirects(
               ^^^^^^^^^^^^^^^^^^^^^^^^^^^^^^
  File "/Users/nripeshpradhan/Documents/Github/i-test-season/.venv/lib/python3.11/site-packages/httpx/_client.py", line 979, in _send_handling_redirects
    response = self._send_single_request(request)
               ^^^^^^^^^^^^^^^^^^^^^^^^^^^^^^^^^^
  File "/Users/nripeshpradhan/Documents/Github/i-test-season/.venv/lib/python3.11/site-packages/httpx/_client.py", line 1014, in _send_single_request
    response = transport.handle_request(request)
               ^^^^^^^^^^^^^^^^^^^^^^^^^^^^^^^^^
  File "/Users/nripeshpradhan/Documents/Github/i-test-season/.venv/lib/python3.11/site-packages/httpx/_transports/default.py", line 249, in handle_request
    with map_httpcore_exceptions():
  File "/Users/nripeshpradhan/.local/share/uv/python/cpython-3.11.15-macos-aarch64-none/lib/python3.11/contextlib.py", line 158, in __exit__
    self.gen.throw(typ, value, traceback)
  File "/Users/nripeshpradhan/Documents/Github/i-test-season/.venv/lib/python3.11/site-packages/httpx/_transports/default.py", line 118, in map_httpcore_exceptions
    raise mapped_exc(message) from exc
httpx.ReadTimeout: The read operation timed out
2026-08-23 11:13:13,452 ERROR poll cycle failed; backing off
Traceback (most recent call last):
  File "/Users/nripeshpradhan/Documents/Github/i-test-season/.venv/lib/python3.11/site-packages/httpx/_transports/default.py", line 101, in map_httpcore_exceptions
    yield
  File "/Users/nripeshpradhan/Documents/Github/i-test-season/.venv/lib/python3.11/site-packages/httpx/_transports/default.py", line 250, in handle_request
    resp = self._pool.handle_request(req)
           ^^^^^^^^^^^^^^^^^^^^^^^^^^^^^^
  File "/Users/nripeshpradhan/Documents/Github/i-test-season/.venv/lib/python3.11/site-packages/httpcore/_sync/connection_pool.py", line 256, in handle_request
    raise exc from None
  File "/Users/nripeshpradhan/Documents/Github/i-test-season/.venv/lib/python3.11/site-packages/httpcore/_sync/connection_pool.py", line 236, in handle_request
    response = connection.handle_request(
               ^^^^^^^^^^^^^^^^^^^^^^^^^^
  File "/Users/nripeshpradhan/Documents/Github/i-test-season/.venv/lib/python3.11/site-packages/httpcore/_sync/connection.py", line 103, in handle_request
    return self._connection.handle_request(request)
           ^^^^^^^^^^^^^^^^^^^^^^^^^^^^^^^^^^^^^^^^
  File "/Users/nripeshpradhan/Documents/Github/i-test-season/.venv/lib/python3.11/site-packages/httpcore/_sync/http11.py", line 136, in handle_request
    raise exc
  File "/Users/nripeshpradhan/Documents/Github/i-test-season/.venv/lib/python3.11/site-packages/httpcore/_sync/http11.py", line 106, in handle_request
    ) = self._receive_response_headers(**kwargs)
        ^^^^^^^^^^^^^^^^^^^^^^^^^^^^^^^^^^^^^^^^
  File "/Users/nripeshpradhan/Documents/Github/i-test-season/.venv/lib/python3.11/site-packages/httpcore/_sync/http11.py", line 177, in _receive_response_headers
    event = self._receive_event(timeout=timeout)
            ^^^^^^^^^^^^^^^^^^^^^^^^^^^^^^^^^^^^
  File "/Users/nripeshpradhan/Documents/Github/i-test-season/.venv/lib/python3.11/site-packages/httpcore/_sync/http11.py", line 217, in _receive_event
    data = self._network_stream.read(
           ^^^^^^^^^^^^^^^^^^^^^^^^^^
  File "/Users/nripeshpradhan/Documents/Github/i-test-season/.venv/lib/python3.11/site-packages/httpcore/_backends/sync.py", line 126, in read
    with map_exceptions(exc_map):
  File "/Users/nripeshpradhan/.local/share/uv/python/cpython-3.11.15-macos-aarch64-none/lib/python3.11/contextlib.py", line 158, in __exit__
    self.gen.throw(typ, value, traceback)
  File "/Users/nripeshpradhan/Documents/Github/i-test-season/.venv/lib/python3.11/site-packages/httpcore/_exceptions.py", line 14, in map_exceptions
    raise to_exc(exc) from exc
httpcore.ReadTimeout: The read operation timed out

The above exception was the direct cause of the following exception:

Traceback (most recent call last):
  File "/Users/nripeshpradhan/Documents/Github/i-test-season/fpl_edge/interfaces/telegram.py", line 503, in run_forever
    self.poll_once(timeout=timeout)
  File "/Users/nripeshpradhan/Documents/Github/i-test-season/fpl_edge/interfaces/telegram.py", line 338, in poll_once
    body = self.transport.call(
           ^^^^^^^^^^^^^^^^^^^^
  File "/Users/nripeshpradhan/Documents/Github/i-test-season/fpl_edge/interfaces/telegram.py", line 102, in call
    resp = self._client.post(f"/{method}", json=payload, timeout=timeout)
           ^^^^^^^^^^^^^^^^^^^^^^^^^^^^^^^^^^^^^^^^^^^^^^^^^^^^^^^^^^^^^^
  File "/Users/nripeshpradhan/Documents/Github/i-test-season/.venv/lib/python3.11/site-packages/httpx/_client.py", line 1144, in post
    return self.request(
           ^^^^^^^^^^^^^
  File "/Users/nripeshpradhan/Documents/Github/i-test-season/.venv/lib/python3.11/site-packages/httpx/_client.py", line 825, in request
    return self.send(request, auth=auth, follow_redirects=follow_redirects)
           ^^^^^^^^^^^^^^^^^^^^^^^^^^^^^^^^^^^^^^^^^^^^^^^^^^^^^^^^^^^^^^^^
  File "/Users/nripeshpradhan/Documents/Github/i-test-season/.venv/lib/python3.11/site-packages/httpx/_client.py", line 914, in send
    response = self._send_handling_auth(
               ^^^^^^^^^^^^^^^^^^^^^^^^^
  File "/Users/nripeshpradhan/Documents/Github/i-test-season/.venv/lib/python3.11/site-packages/httpx/_client.py", line 942, in _send_handling_auth
    response = self._send_handling_redirects(
               ^^^^^^^^^^^^^^^^^^^^^^^^^^^^^^
  File "/Users/nripeshpradhan/Documents/Github/i-test-season/.venv/lib/python3.11/site-packages/httpx/_client.py", line 979, in _send_handling_redirects
    response = self._send_single_request(request)
               ^^^^^^^^^^^^^^^^^^^^^^^^^^^^^^^^^^
  File "/Users/nripeshpradhan/Documents/Github/i-test-season/.venv/lib/python3.11/site-packages/httpx/_client.py", line 1014, in _send_single_request
    response = transport.handle_request(request)
               ^^^^^^^^^^^^^^^^^^^^^^^^^^^^^^^^^
  File "/Users/nripeshpradhan/Documents/Github/i-test-season/.venv/lib/python3.11/site-packages/httpx/_transports/default.py", line 249, in handle_request
    with map_httpcore_exceptions():
  File "/Users/nripeshpradhan/.local/share/uv/python/cpython-3.11.15-macos-aarch64-none/lib/python3.11/contextlib.py", line 158, in __exit__
    self.gen.throw(typ, value, traceback)
  File "/Users/nripeshpradhan/Documents/Github/i-test-season/.venv/lib/python3.11/site-packages/httpx/_transports/default.py", line 118, in map_httpcore_exceptions
    raise mapped_exc(message) from exc
httpx.ReadTimeout: The read operation timed out
2026-08-23 11:26:01,841 ERROR poll cycle failed; backing off
Traceback (most recent call last):
  File "/Users/nripeshpradhan/Documents/Github/i-test-season/.venv/lib/python3.11/site-packages/httpx/_transports/default.py", line 101, in map_httpcore_exceptions
    yield
  File "/Users/nripeshpradhan/Documents/Github/i-test-season/.venv/lib/python3.11/site-packages/httpx/_transports/default.py", line 250, in handle_request
    resp = self._pool.handle_request(req)
           ^^^^^^^^^^^^^^^^^^^^^^^^^^^^^^
  File "/Users/nripeshpradhan/Documents/Github/i-test-season/.venv/lib/python3.11/site-packages/httpcore/_sync/connection_pool.py", line 256, in handle_request
    raise exc from None
  File "/Users/nripeshpradhan/Documents/Github/i-test-season/.venv/lib/python3.11/site-packages/httpcore/_sync/connection_pool.py", line 236, in handle_request
    response = connection.handle_request(
               ^^^^^^^^^^^^^^^^^^^^^^^^^^
  File "/Users/nripeshpradhan/Documents/Github/i-test-season/.venv/lib/python3.11/site-packages/httpcore/_sync/connection.py", line 103, in handle_request
    return self._connection.handle_request(request)
           ^^^^^^^^^^^^^^^^^^^^^^^^^^^^^^^^^^^^^^^^
  File "/Users/nripeshpradhan/Documents/Github/i-test-season/.venv/lib/python3.11/site-packages/httpcore/_sync/http11.py", line 136, in handle_request
    raise exc
  File "/Users/nripeshpradhan/Documents/Github/i-test-season/.venv/lib/python3.11/site-packages/httpcore/_sync/http11.py", line 106, in handle_request
    ) = self._receive_response_headers(**kwargs)
        ^^^^^^^^^^^^^^^^^^^^^^^^^^^^^^^^^^^^^^^^
  File "/Users/nripeshpradhan/Documents/Github/i-test-season/.venv/lib/python3.11/site-packages/httpcore/_sync/http11.py", line 177, in _receive_response_headers
    event = self._receive_event(timeout=timeout)
            ^^^^^^^^^^^^^^^^^^^^^^^^^^^^^^^^^^^^
  File "/Users/nripeshpradhan/Documents/Github/i-test-season/.venv/lib/python3.11/site-packages/httpcore/_sync/http11.py", line 217, in _receive_event
    data = self._network_stream.read(
           ^^^^^^^^^^^^^^^^^^^^^^^^^^
  File "/Users/nripeshpradhan/Documents/Github/i-test-season/.venv/lib/python3.11/site-packages/httpcore/_backends/sync.py", line 126, in read
    with map_exceptions(exc_map):
  File "/Users/nripeshpradhan/.local/share/uv/python/cpython-3.11.15-macos-aarch64-none/lib/python3.11/contextlib.py", line 158, in __exit__
    self.gen.throw(typ, value, traceback)
  File "/Users/nripeshpradhan/Documents/Github/i-test-season/.venv/lib/python3.11/site-packages/httpcore/_exceptions.py", line 14, in map_exceptions
    raise to_exc(exc) from exc
httpcore.ReadTimeout: The read operation timed out

The above exception was the direct cause of the following exception:

Traceback (most recent call last):
  File "/Users/nripeshpradhan/Documents/Github/i-test-season/fpl_edge/interfaces/telegram.py", line 503, in run_forever
    self.poll_once(timeout=timeout)
  File "/Users/nripeshpradhan/Documents/Github/i-test-season/fpl_edge/interfaces/telegram.py", line 338, in poll_once
    body = self.transport.call(
           ^^^^^^^^^^^^^^^^^^^^
  File "/Users/nripeshpradhan/Documents/Github/i-test-season/fpl_edge/interfaces/telegram.py", line 102, in call
    resp = self._client.post(f"/{method}", json=payload, timeout=timeout)
           ^^^^^^^^^^^^^^^^^^^^^^^^^^^^^^^^^^^^^^^^^^^^^^^^^^^^^^^^^^^^^^
  File "/Users/nripeshpradhan/Documents/Github/i-test-season/.venv/lib/python3.11/site-packages/httpx/_client.py", line 1144, in post
    return self.request(
           ^^^^^^^^^^^^^
  File "/Users/nripeshpradhan/Documents/Github/i-test-season/.venv/lib/python3.11/site-packages/httpx/_client.py", line 825, in request
    return self.send(request, auth=auth, follow_redirects=follow_redirects)
           ^^^^^^^^^^^^^^^^^^^^^^^^^^^^^^^^^^^^^^^^^^^^^^^^^^^^^^^^^^^^^^^^
  File "/Users/nripeshpradhan/Documents/Github/i-test-season/.venv/lib/python3.11/site-packages/httpx/_client.py", line 914, in send
    response = self._send_handling_auth(
               ^^^^^^^^^^^^^^^^^^^^^^^^^
  File "/Users/nripeshpradhan/Documents/Github/i-test-season/.venv/lib/python3.11/site-packages/httpx/_client.py", line 942, in _send_handling_auth
    response = self._send_handling_redirects(
               ^^^^^^^^^^^^^^^^^^^^^^^^^^^^^^
  File "/Users/nripeshpradhan/Documents/Github/i-test-season/.venv/lib/python3.11/site-packages/httpx/_client.py", line 979, in _send_handling_redirects
    response = self._send_single_request(request)
               ^^^^^^^^^^^^^^^^^^^^^^^^^^^^^^^^^^
  File "/Users/nripeshpradhan/Documents/Github/i-test-season/.venv/lib/python3.11/site-packages/httpx/_client.py", line 1014, in _send_single_request
    response = transport.handle_request(request)
               ^^^^^^^^^^^^^^^^^^^^^^^^^^^^^^^^^
  File "/Users/nripeshpradhan/Documents/Github/i-test-season/.venv/lib/python3.11/site-packages/httpx/_transports/default.py", line 249, in handle_request
    with map_httpcore_exceptions():
  File "/Users/nripeshpradhan/.local/share/uv/python/cpython-3.11.15-macos-aarch64-none/lib/python3.11/contextlib.py", line 158, in __exit__
    self.gen.throw(typ, value, traceback)
  File "/Users/nripeshpradhan/Documents/Github/i-test-season/.venv/lib/python3.11/site-packages/httpx/_transports/default.py", line 118, in map_httpcore_exceptions
    raise mapped_exc(message) from exc
httpx.ReadTimeout: The read operation timed out
2026-08-23 11:31:24,590 ERROR poll cycle failed; backing off
Traceback (most recent call last):
  File "/Users/nripeshpradhan/Documents/Github/i-test-season/.venv/lib/python3.11/site-packages/httpx/_transports/default.py", line 101, in map_httpcore_exceptions
    yield
  File "/Users/nripeshpradhan/Documents/Github/i-test-season/.venv/lib/python3.11/site-packages/httpx/_transports/default.py", line 250, in handle_request
    resp = self._pool.handle_request(req)
           ^^^^^^^^^^^^^^^^^^^^^^^^^^^^^^
  File "/Users/nripeshpradhan/Documents/Github/i-test-season/.venv/lib/python3.11/site-packages/httpcore/_sync/connection_pool.py", line 256, in handle_request
    raise exc from None
  File "/Users/nripeshpradhan/Documents/Github/i-test-season/.venv/lib/python3.11/site-packages/httpcore/_sync/connection_pool.py", line 236, in handle_request
    response = connection.handle_request(
               ^^^^^^^^^^^^^^^^^^^^^^^^^^
  File "/Users/nripeshpradhan/Documents/Github/i-test-season/.venv/lib/python3.11/site-packages/httpcore/_sync/connection.py", line 103, in handle_request
    return self._connection.handle_request(request)
           ^^^^^^^^^^^^^^^^^^^^^^^^^^^^^^^^^^^^^^^^
  File "/Users/nripeshpradhan/Documents/Github/i-test-season/.venv/lib/python3.11/site-packages/httpcore/_sync/http11.py", line 136, in handle_request
    raise exc
  File "/Users/nripeshpradhan/Documents/Github/i-test-season/.venv/lib/python3.11/site-packages/httpcore/_sync/http11.py", line 106, in handle_request
    ) = self._receive_response_headers(**kwargs)
        ^^^^^^^^^^^^^^^^^^^^^^^^^^^^^^^^^^^^^^^^
  File "/Users/nripeshpradhan/Documents/Github/i-test-season/.venv/lib/python3.11/site-packages/httpcore/_sync/http11.py", line 177, in _receive_response_headers
    event = self._receive_event(timeout=timeout)
            ^^^^^^^^^^^^^^^^^^^^^^^^^^^^^^^^^^^^
  File "/Users/nripeshpradhan/Documents/Github/i-test-season/.venv/lib/python3.11/site-packages/httpcore/_sync/http11.py", line 217, in _receive_event
    data = self._network_stream.read(
           ^^^^^^^^^^^^^^^^^^^^^^^^^^
  File "/Users/nripeshpradhan/Documents/Github/i-test-season/.venv/lib/python3.11/site-packages/httpcore/_backends/sync.py", line 126, in read
    with map_exceptions(exc_map):
  File "/Users/nripeshpradhan/.local/share/uv/python/cpython-3.11.15-macos-aarch64-none/lib/python3.11/contextlib.py", line 158, in __exit__
    self.gen.throw(typ, value, traceback)
  File "/Users/nripeshpradhan/Documents/Github/i-test-season/.venv/lib/python3.11/site-packages/httpcore/_exceptions.py", line 14, in map_exceptions
    raise to_exc(exc) from exc
httpcore.ReadTimeout: The read operation timed out

The above exception was the direct cause of the following exception:

Traceback (most recent call last):
  File "/Users/nripeshpradhan/Documents/Github/i-test-season/fpl_edge/interfaces/telegram.py", line 503, in run_forever
    self.poll_once(timeout=timeout)
  File "/Users/nripeshpradhan/Documents/Github/i-test-season/fpl_edge/interfaces/telegram.py", line 338, in poll_once
    body = self.transport.call(
           ^^^^^^^^^^^^^^^^^^^^
  File "/Users/nripeshpradhan/Documents/Github/i-test-season/fpl_edge/interfaces/telegram.py", line 102, in call
    resp = self._client.post(f"/{method}", json=payload, timeout=timeout)
           ^^^^^^^^^^^^^^^^^^^^^^^^^^^^^^^^^^^^^^^^^^^^^^^^^^^^^^^^^^^^^^
  File "/Users/nripeshpradhan/Documents/Github/i-test-season/.venv/lib/python3.11/site-packages/httpx/_client.py", line 1144, in post
    return self.request(
           ^^^^^^^^^^^^^
  File "/Users/nripeshpradhan/Documents/Github/i-test-season/.venv/lib/python3.11/site-packages/httpx/_client.py", line 825, in request
    return self.send(request, auth=auth, follow_redirects=follow_redirects)
           ^^^^^^^^^^^^^^^^^^^^^^^^^^^^^^^^^^^^^^^^^^^^^^^^^^^^^^^^^^^^^^^^
  File "/Users/nripeshpradhan/Documents/Github/i-test-season/.venv/lib/python3.11/site-packages/httpx/_client.py", line 914, in send
    response = self._send_handling_auth(
               ^^^^^^^^^^^^^^^^^^^^^^^^^
  File "/Users/nripeshpradhan/Documents/Github/i-test-season/.venv/lib/python3.11/site-packages/httpx/_client.py", line 942, in _send_handling_auth
    response = self._send_handling_redirects(
               ^^^^^^^^^^^^^^^^^^^^^^^^^^^^^^
  File "/Users/nripeshpradhan/Documents/Github/i-test-season/.venv/lib/python3.11/site-packages/httpx/_client.py", line 979, in _send_handling_redirects
    response = self._send_single_request(request)
               ^^^^^^^^^^^^^^^^^^^^^^^^^^^^^^^^^^
  File "/Users/nripeshpradhan/Documents/Github/i-test-season/.venv/lib/python3.11/site-packages/httpx/_client.py", line 1014, in _send_single_request
    response = transport.handle_request(request)
               ^^^^^^^^^^^^^^^^^^^^^^^^^^^^^^^^^
  File "/Users/nripeshpradhan/Documents/Github/i-test-season/.venv/lib/python3.11/site-packages/httpx/_transports/default.py", line 249, in handle_request
    with map_httpcore_exceptions():
  File "/Users/nripeshpradhan/.local/share/uv/python/cpython-3.11.15-macos-aarch64-none/lib/python3.11/contextlib.py", line 158, in __exit__
    self.gen.throw(typ, value, traceback)
  File "/Users/nripeshpradhan/Documents/Github/i-test-season/.venv/lib/python3.11/site-packages/httpx/_transports/default.py", line 118, in map_httpcore_exceptions
    raise mapped_exc(message) from exc
httpx.ReadTimeout: The read operation timed out
2026-08-23 11:45:20,644 ERROR poll cycle failed; backing off
Traceback (most recent call last):
  File "/Users/nripeshpradhan/Documents/Github/i-test-season/.venv/lib/python3.11/site-packages/httpx/_transports/default.py", line 101, in map_httpcore_exceptions
    yield
  File "/Users/nripeshpradhan/Documents/Github/i-test-season/.venv/lib/python3.11/site-packages/httpx/_transports/default.py", line 250, in handle_request
    resp = self._pool.handle_request(req)
           ^^^^^^^^^^^^^^^^^^^^^^^^^^^^^^
  File "/Users/nripeshpradhan/Documents/Github/i-test-season/.venv/lib/python3.11/site-packages/httpcore/_sync/connection_pool.py", line 256, in handle_request
    raise exc from None
  File "/Users/nripeshpradhan/Documents/Github/i-test-season/.venv/lib/python3.11/site-packages/httpcore/_sync/connection_pool.py", line 236, in handle_request
    response = connection.handle_request(
               ^^^^^^^^^^^^^^^^^^^^^^^^^^
  File "/Users/nripeshpradhan/Documents/Github/i-test-season/.venv/lib/python3.11/site-packages/httpcore/_sync/connection.py", line 103, in handle_request
    return self._connection.handle_request(request)
           ^^^^^^^^^^^^^^^^^^^^^^^^^^^^^^^^^^^^^^^^
  File "/Users/nripeshpradhan/Documents/Github/i-test-season/.venv/lib/python3.11/site-packages/httpcore/_sync/http11.py", line 136, in handle_request
    raise exc
  File "/Users/nripeshpradhan/Documents/Github/i-test-season/.venv/lib/python3.11/site-packages/httpcore/_sync/http11.py", line 106, in handle_request
    ) = self._receive_response_headers(**kwargs)
        ^^^^^^^^^^^^^^^^^^^^^^^^^^^^^^^^^^^^^^^^
  File "/Users/nripeshpradhan/Documents/Github/i-test-season/.venv/lib/python3.11/site-packages/httpcore/_sync/http11.py", line 177, in _receive_response_headers
    event = self._receive_event(timeout=timeout)
            ^^^^^^^^^^^^^^^^^^^^^^^^^^^^^^^^^^^^
  File "/Users/nripeshpradhan/Documents/Github/i-test-season/.venv/lib/python3.11/site-packages/httpcore/_sync/http11.py", line 217, in _receive_event
    data = self._network_stream.read(
           ^^^^^^^^^^^^^^^^^^^^^^^^^^
  File "/Users/nripeshpradhan/Documents/Github/i-test-season/.venv/lib/python3.11/site-packages/httpcore/_backends/sync.py", line 126, in read
    with map_exceptions(exc_map):
  File "/Users/nripeshpradhan/.local/share/uv/python/cpython-3.11.15-macos-aarch64-none/lib/python3.11/contextlib.py", line 158, in __exit__
    self.gen.throw(typ, value, traceback)
  File "/Users/nripeshpradhan/Documents/Github/i-test-season/.venv/lib/python3.11/site-packages/httpcore/_exceptions.py", line 14, in map_exceptions
    raise to_exc(exc) from exc
httpcore.ReadTimeout: The read operation timed out

The above exception was the direct cause of the following exception:

Traceback (most recent call last):
  File "/Users/nripeshpradhan/Documents/Github/i-test-season/fpl_edge/interfaces/telegram.py", line 503, in run_forever
    self.poll_once(timeout=timeout)
  File "/Users/nripeshpradhan/Documents/Github/i-test-season/fpl_edge/interfaces/telegram.py", line 338, in poll_once
    body = self.transport.call(
           ^^^^^^^^^^^^^^^^^^^^
  File "/Users/nripeshpradhan/Documents/Github/i-test-season/fpl_edge/interfaces/telegram.py", line 102, in call
    resp = self._client.post(f"/{method}", json=payload, timeout=timeout)
           ^^^^^^^^^^^^^^^^^^^^^^^^^^^^^^^^^^^^^^^^^^^^^^^^^^^^^^^^^^^^^^
  File "/Users/nripeshpradhan/Documents/Github/i-test-season/.venv/lib/python3.11/site-packages/httpx/_client.py", line 1144, in post
    return self.request(
           ^^^^^^^^^^^^^
  File "/Users/nripeshpradhan/Documents/Github/i-test-season/.venv/lib/python3.11/site-packages/httpx/_client.py", line 825, in request
    return self.send(request, auth=auth, follow_redirects=follow_redirects)
           ^^^^^^^^^^^^^^^^^^^^^^^^^^^^^^^^^^^^^^^^^^^^^^^^^^^^^^^^^^^^^^^^
  File "/Users/nripeshpradhan/Documents/Github/i-test-season/.venv/lib/python3.11/site-packages/httpx/_client.py", line 914, in send
    response = self._send_handling_auth(
               ^^^^^^^^^^^^^^^^^^^^^^^^^
  File "/Users/nripeshpradhan/Documents/Github/i-test-season/.venv/lib/python3.11/site-packages/httpx/_client.py", line 942, in _send_handling_auth
    response = self._send_handling_redirects(
               ^^^^^^^^^^^^^^^^^^^^^^^^^^^^^^
  File "/Users/nripeshpradhan/Documents/Github/i-test-season/.venv/lib/python3.11/site-packages/httpx/_client.py", line 979, in _send_handling_redirects
    response = self._send_single_request(request)
               ^^^^^^^^^^^^^^^^^^^^^^^^^^^^^^^^^^
  File "/Users/nripeshpradhan/Documents/Github/i-test-season/.venv/lib/python3.11/site-packages/httpx/_client.py", line 1014, in _send_single_request
    response = transport.handle_request(request)
               ^^^^^^^^^^^^^^^^^^^^^^^^^^^^^^^^^
  File "/Users/nripeshpradhan/Documents/Github/i-test-season/.venv/lib/python3.11/site-packages/httpx/_transports/default.py", line 249, in handle_request
    with map_httpcore_exceptions():
  File "/Users/nripeshpradhan/.local/share/uv/python/cpython-3.11.15-macos-aarch64-none/lib/python3.11/contextlib.py", line 158, in __exit__
    self.gen.throw(typ, value, traceback)
  File "/Users/nripeshpradhan/Documents/Github/i-test-season/.venv/lib/python3.11/site-packages/httpx/_transports/default.py", line 118, in map_httpcore_exceptions
    raise mapped_exc(message) from exc
httpx.ReadTimeout: The read operation timed out
2026-08-23 12:48:51,255 ERROR poll cycle failed; backing off
Traceback (most recent call last):
  File "/Users/nripeshpradhan/Documents/Github/i-test-season/.venv/lib/python3.11/site-packages/httpx/_transports/default.py", line 101, in map_httpcore_exceptions
    yield
  File "/Users/nripeshpradhan/Documents/Github/i-test-season/.venv/lib/python3.11/site-packages/httpx/_transports/default.py", line 250, in handle_request
    resp = self._pool.handle_request(req)
           ^^^^^^^^^^^^^^^^^^^^^^^^^^^^^^
  File "/Users/nripeshpradhan/Documents/Github/i-test-season/.venv/lib/python3.11/site-packages/httpcore/_sync/connection_pool.py", line 256, in handle_request
    raise exc from None
  File "/Users/nripeshpradhan/Documents/Github/i-test-season/.venv/lib/python3.11/site-packages/httpcore/_sync/connection_pool.py", line 236, in handle_request
    response = connection.handle_request(
               ^^^^^^^^^^^^^^^^^^^^^^^^^^
  File "/Users/nripeshpradhan/Documents/Github/i-test-season/.venv/lib/python3.11/site-packages/httpcore/_sync/connection.py", line 103, in handle_request
    return self._connection.handle_request(request)
           ^^^^^^^^^^^^^^^^^^^^^^^^^^^^^^^^^^^^^^^^
  File "/Users/nripeshpradhan/Documents/Github/i-test-season/.venv/lib/python3.11/site-packages/httpcore/_sync/http11.py", line 136, in handle_request
    raise exc
  File "/Users/nripeshpradhan/Documents/Github/i-test-season/.venv/lib/python3.11/site-packages/httpcore/_sync/http11.py", line 106, in handle_request
    ) = self._receive_response_headers(**kwargs)
        ^^^^^^^^^^^^^^^^^^^^^^^^^^^^^^^^^^^^^^^^
  File "/Users/nripeshpradhan/Documents/Github/i-test-season/.venv/lib/python3.11/site-packages/httpcore/_sync/http11.py", line 177, in _receive_response_headers
    event = self._receive_event(timeout=timeout)
            ^^^^^^^^^^^^^^^^^^^^^^^^^^^^^^^^^^^^
  File "/Users/nripeshpradhan/Documents/Github/i-test-season/.venv/lib/python3.11/site-packages/httpcore/_sync/http11.py", line 231, in _receive_event
    raise RemoteProtocolError(msg)
httpcore.RemoteProtocolError: Server disconnected without sending a response.

The above exception was the direct cause of the following exception:

Traceback (most recent call last):
  File "/Users/nripeshpradhan/Documents/Github/i-test-season/fpl_edge/interfaces/telegram.py", line 503, in run_forever
    self.poll_once(timeout=timeout)
  File "/Users/nripeshpradhan/Documents/Github/i-test-season/fpl_edge/interfaces/telegram.py", line 338, in poll_once
    body = self.transport.call(
           ^^^^^^^^^^^^^^^^^^^^
  File "/Users/nripeshpradhan/Documents/Github/i-test-season/fpl_edge/interfaces/telegram.py", line 102, in call
    resp = self._client.post(f"/{method}", json=payload, timeout=timeout)
           ^^^^^^^^^^^^^^^^^^^^^^^^^^^^^^^^^^^^^^^^^^^^^^^^^^^^^^^^^^^^^^
  File "/Users/nripeshpradhan/Documents/Github/i-test-season/.venv/lib/python3.11/site-packages/httpx/_client.py", line 1144, in post
    return self.request(
           ^^^^^^^^^^^^^
  File "/Users/nripeshpradhan/Documents/Github/i-test-season/.venv/lib/python3.11/site-packages/httpx/_client.py", line 825, in request
    return self.send(request, auth=auth, follow_redirects=follow_redirects)
           ^^^^^^^^^^^^^^^^^^^^^^^^^^^^^^^^^^^^^^^^^^^^^^^^^^^^^^^^^^^^^^^^
  File "/Users/nripeshpradhan/Documents/Github/i-test-season/.venv/lib/python3.11/site-packages/httpx/_client.py", line 914, in send
    response = self._send_handling_auth(
               ^^^^^^^^^^^^^^^^^^^^^^^^^
  File "/Users/nripeshpradhan/Documents/Github/i-test-season/.venv/lib/python3.11/site-packages/httpx/_client.py", line 942, in _send_handling_auth
    response = self._send_handling_redirects(
               ^^^^^^^^^^^^^^^^^^^^^^^^^^^^^^
  File "/Users/nripeshpradhan/Documents/Github/i-test-season/.venv/lib/python3.11/site-packages/httpx/_client.py", line 979, in _send_handling_redirects
    response = self._send_single_request(request)
               ^^^^^^^^^^^^^^^^^^^^^^^^^^^^^^^^^^
  File "/Users/nripeshpradhan/Documents/Github/i-test-season/.venv/lib/python3.11/site-packages/httpx/_client.py", line 1014, in _send_single_request
    response = transport.handle_request(request)
               ^^^^^^^^^^^^^^^^^^^^^^^^^^^^^^^^^
  File "/Users/nripeshpradhan/Documents/Github/i-test-season/.venv/lib/python3.11/site-packages/httpx/_transports/default.py", line 249, in handle_request
    with map_httpcore_exceptions():
  File "/Users/nripeshpradhan/.local/share/uv/python/cpython-3.11.15-macos-aarch64-none/lib/python3.11/contextlib.py", line 158, in __exit__
    self.gen.throw(typ, value, traceback)
  File "/Users/nripeshpradhan/Documents/Github/i-test-season/.venv/lib/python3.11/site-packages/httpx/_transports/default.py", line 118, in map_httpcore_exceptions
    raise mapped_exc(message) from exc
httpx.RemoteProtocolError: Server disconnected without sending a response.
2026-08-23 13:06:41,912 ERROR poll cycle failed; backing off
Traceback (most recent call last):
  File "/Users/nripeshpradhan/Documents/Github/i-test-season/.venv/lib/python3.11/site-packages/httpx/_transports/default.py", line 101, in map_httpcore_exceptions
    yield
  File "/Users/nripeshpradhan/Documents/Github/i-test-season/.venv/lib/python3.11/site-packages/httpx/_transports/default.py", line 250, in handle_request
    resp = self._pool.handle_request(req)
           ^^^^^^^^^^^^^^^^^^^^^^^^^^^^^^
  File "/Users/nripeshpradhan/Documents/Github/i-test-season/.venv/lib/python3.11/site-packages/httpcore/_sync/connection_pool.py", line 256, in handle_request
    raise exc from None
  File "/Users/nripeshpradhan/Documents/Github/i-test-season/.venv/lib/python3.11/site-packages/httpcore/_sync/connection_pool.py", line 236, in handle_request
    response = connection.handle_request(
               ^^^^^^^^^^^^^^^^^^^^^^^^^^
  File "/Users/nripeshpradhan/Documents/Github/i-test-season/.venv/lib/python3.11/site-packages/httpcore/_sync/connection.py", line 103, in handle_request
    return self._connection.handle_request(request)
           ^^^^^^^^^^^^^^^^^^^^^^^^^^^^^^^^^^^^^^^^
  File "/Users/nripeshpradhan/Documents/Github/i-test-season/.venv/lib/python3.11/site-packages/httpcore/_sync/http11.py", line 136, in handle_request
    raise exc
  File "/Users/nripeshpradhan/Documents/Github/i-test-season/.venv/lib/python3.11/site-packages/httpcore/_sync/http11.py", line 106, in handle_request
    ) = self._receive_response_headers(**kwargs)
        ^^^^^^^^^^^^^^^^^^^^^^^^^^^^^^^^^^^^^^^^
  File "/Users/nripeshpradhan/Documents/Github/i-test-season/.venv/lib/python3.11/site-packages/httpcore/_sync/http11.py", line 177, in _receive_response_headers
    event = self._receive_event(timeout=timeout)
            ^^^^^^^^^^^^^^^^^^^^^^^^^^^^^^^^^^^^
  File "/Users/nripeshpradhan/Documents/Github/i-test-season/.venv/lib/python3.11/site-packages/httpcore/_sync/http11.py", line 217, in _receive_event
    data = self._network_stream.read(
           ^^^^^^^^^^^^^^^^^^^^^^^^^^
  File "/Users/nripeshpradhan/Documents/Github/i-test-season/.venv/lib/python3.11/site-packages/httpcore/_backends/sync.py", line 126, in read
    with map_exceptions(exc_map):
  File "/Users/nripeshpradhan/.local/share/uv/python/cpython-3.11.15-macos-aarch64-none/lib/python3.11/contextlib.py", line 158, in __exit__
    self.gen.throw(typ, value, traceback)
  File "/Users/nripeshpradhan/Documents/Github/i-test-season/.venv/lib/python3.11/site-packages/httpcore/_exceptions.py", line 14, in map_exceptions
    raise to_exc(exc) from exc
httpcore.ReadTimeout: The read operation timed out

The above exception was the direct cause of the following exception:

Traceback (most recent call last):
  File "/Users/nripeshpradhan/Documents/Github/i-test-season/fpl_edge/interfaces/telegram.py", line 503, in run_forever
    self.poll_once(timeout=timeout)
  File "/Users/nripeshpradhan/Documents/Github/i-test-season/fpl_edge/interfaces/telegram.py", line 338, in poll_once
    body = self.transport.call(
           ^^^^^^^^^^^^^^^^^^^^
  File "/Users/nripeshpradhan/Documents/Github/i-test-season/fpl_edge/interfaces/telegram.py", line 102, in call
    resp = self._client.post(f"/{method}", json=payload, timeout=timeout)
           ^^^^^^^^^^^^^^^^^^^^^^^^^^^^^^^^^^^^^^^^^^^^^^^^^^^^^^^^^^^^^^
  File "/Users/nripeshpradhan/Documents/Github/i-test-season/.venv/lib/python3.11/site-packages/httpx/_client.py", line 1144, in post
    return self.request(
           ^^^^^^^^^^^^^
  File "/Users/nripeshpradhan/Documents/Github/i-test-season/.venv/lib/python3.11/site-packages/httpx/_client.py", line 825, in request
    return self.send(request, auth=auth, follow_redirects=follow_redirects)
           ^^^^^^^^^^^^^^^^^^^^^^^^^^^^^^^^^^^^^^^^^^^^^^^^^^^^^^^^^^^^^^^^
  File "/Users/nripeshpradhan/Documents/Github/i-test-season/.venv/lib/python3.11/site-packages/httpx/_client.py", line 914, in send
    response = self._send_handling_auth(
               ^^^^^^^^^^^^^^^^^^^^^^^^^
  File "/Users/nripeshpradhan/Documents/Github/i-test-season/.venv/lib/python3.11/site-packages/httpx/_client.py", line 942, in _send_handling_auth
    response = self._send_handling_redirects(
               ^^^^^^^^^^^^^^^^^^^^^^^^^^^^^^
  File "/Users/nripeshpradhan/Documents/Github/i-test-season/.venv/lib/python3.11/site-packages/httpx/_client.py", line 979, in _send_handling_redirects
    response = self._send_single_request(request)
               ^^^^^^^^^^^^^^^^^^^^^^^^^^^^^^^^^^
  File "/Users/nripeshpradhan/Documents/Github/i-test-season/.venv/lib/python3.11/site-packages/httpx/_client.py", line 1014, in _send_single_request
    response = transport.handle_request(request)
               ^^^^^^^^^^^^^^^^^^^^^^^^^^^^^^^^^
  File "/Users/nripeshpradhan/Documents/Github/i-test-season/.venv/lib/python3.11/site-packages/httpx/_transports/default.py", line 249, in handle_request
    with map_httpcore_exceptions():
  File "/Users/nripeshpradhan/.local/share/uv/python/cpython-3.11.15-macos-aarch64-none/lib/python3.11/contextlib.py", line 158, in __exit__
    self.gen.throw(typ, value, traceback)
  File "/Users/nripeshpradhan/Documents/Github/i-test-season/.venv/lib/python3.11/site-packages/httpx/_transports/default.py", line 118, in map_httpcore_exceptions
    raise mapped_exc(message) from exc
httpx.ReadTimeout: The read operation timed out
2026-08-23 13:17:08,278 ERROR poll cycle failed; backing off
Traceback (most recent call last):
  File "/Users/nripeshpradhan/Documents/Github/i-test-season/.venv/lib/python3.11/site-packages/httpx/_transports/default.py", line 101, in map_httpcore_exceptions
    yield
  File "/Users/nripeshpradhan/Documents/Github/i-test-season/.venv/lib/python3.11/site-packages/httpx/_transports/default.py", line 250, in handle_request
    resp = self._pool.handle_request(req)
           ^^^^^^^^^^^^^^^^^^^^^^^^^^^^^^
  File "/Users/nripeshpradhan/Documents/Github/i-test-season/.venv/lib/python3.11/site-packages/httpcore/_sync/connection_pool.py", line 256, in handle_request
    raise exc from None
  File "/Users/nripeshpradhan/Documents/Github/i-test-season/.venv/lib/python3.11/site-packages/httpcore/_sync/connection_pool.py", line 236, in handle_request
    response = connection.handle_request(
               ^^^^^^^^^^^^^^^^^^^^^^^^^^
  File "/Users/nripeshpradhan/Documents/Github/i-test-season/.venv/lib/python3.11/site-packages/httpcore/_sync/connection.py", line 103, in handle_request
    return self._connection.handle_request(request)
           ^^^^^^^^^^^^^^^^^^^^^^^^^^^^^^^^^^^^^^^^
  File "/Users/nripeshpradhan/Documents/Github/i-test-season/.venv/lib/python3.11/site-packages/httpcore/_sync/http11.py", line 136, in handle_request
    raise exc
  File "/Users/nripeshpradhan/Documents/Github/i-test-season/.venv/lib/python3.11/site-packages/httpcore/_sync/http11.py", line 106, in handle_request
    ) = self._receive_response_headers(**kwargs)
        ^^^^^^^^^^^^^^^^^^^^^^^^^^^^^^^^^^^^^^^^
  File "/Users/nripeshpradhan/Documents/Github/i-test-season/.venv/lib/python3.11/site-packages/httpcore/_sync/http11.py", line 177, in _receive_response_headers
    event = self._receive_event(timeout=timeout)
            ^^^^^^^^^^^^^^^^^^^^^^^^^^^^^^^^^^^^
  File "/Users/nripeshpradhan/Documents/Github/i-test-season/.venv/lib/python3.11/site-packages/httpcore/_sync/http11.py", line 217, in _receive_event
    data = self._network_stream.read(
           ^^^^^^^^^^^^^^^^^^^^^^^^^^
  File "/Users/nripeshpradhan/Documents/Github/i-test-season/.venv/lib/python3.11/site-packages/httpcore/_backends/sync.py", line 126, in read
    with map_exceptions(exc_map):
  File "/Users/nripeshpradhan/.local/share/uv/python/cpython-3.11.15-macos-aarch64-none/lib/python3.11/contextlib.py", line 158, in __exit__
    self.gen.throw(typ, value, traceback)
  File "/Users/nripeshpradhan/Documents/Github/i-test-season/.venv/lib/python3.11/site-packages/httpcore/_exceptions.py", line 14, in map_exceptions
    raise to_exc(exc) from exc
httpcore.ReadTimeout: The read operation timed out

The above exception was the direct cause of the following exception:

Traceback (most recent call last):
  File "/Users/nripeshpradhan/Documents/Github/i-test-season/fpl_edge/interfaces/telegram.py", line 503, in run_forever
    self.poll_once(timeout=timeout)
  File "/Users/nripeshpradhan/Documents/Github/i-test-season/fpl_edge/interfaces/telegram.py", line 338, in poll_once
    body = self.transport.call(
           ^^^^^^^^^^^^^^^^^^^^
  File "/Users/nripeshpradhan/Documents/Github/i-test-season/fpl_edge/interfaces/telegram.py", line 102, in call
    resp = self._client.post(f"/{method}", json=payload, timeout=timeout)
           ^^^^^^^^^^^^^^^^^^^^^^^^^^^^^^^^^^^^^^^^^^^^^^^^^^^^^^^^^^^^^^
  File "/Users/nripeshpradhan/Documents/Github/i-test-season/.venv/lib/python3.11/site-packages/httpx/_client.py", line 1144, in post
    return self.request(
           ^^^^^^^^^^^^^
  File "/Users/nripeshpradhan/Documents/Github/i-test-season/.venv/lib/python3.11/site-packages/httpx/_client.py", line 825, in request
    return self.send(request, auth=auth, follow_redirects=follow_redirects)
           ^^^^^^^^^^^^^^^^^^^^^^^^^^^^^^^^^^^^^^^^^^^^^^^^^^^^^^^^^^^^^^^^
  File "/Users/nripeshpradhan/Documents/Github/i-test-season/.venv/lib/python3.11/site-packages/httpx/_client.py", line 914, in send
    response = self._send_handling_auth(
               ^^^^^^^^^^^^^^^^^^^^^^^^^
  File "/Users/nripeshpradhan/Documents/Github/i-test-season/.venv/lib/python3.11/site-packages/httpx/_client.py", line 942, in _send_handling_auth
    response = self._send_handling_redirects(
               ^^^^^^^^^^^^^^^^^^^^^^^^^^^^^^
  File "/Users/nripeshpradhan/Documents/Github/i-test-season/.venv/lib/python3.11/site-packages/httpx/_client.py", line 979, in _send_handling_redirects
    response = self._send_single_request(request)
               ^^^^^^^^^^^^^^^^^^^^^^^^^^^^^^^^^^
  File "/Users/nripeshpradhan/Documents/Github/i-test-season/.venv/lib/python3.11/site-packages/httpx/_client.py", line 1014, in _send_single_request
    response = transport.handle_request(request)
               ^^^^^^^^^^^^^^^^^^^^^^^^^^^^^^^^^
  File "/Users/nripeshpradhan/Documents/Github/i-test-season/.venv/lib/python3.11/site-packages/httpx/_transports/default.py", line 249, in handle_request
    with map_httpcore_exceptions():
  File "/Users/nripeshpradhan/.local/share/uv/python/cpython-3.11.15-macos-aarch64-none/lib/python3.11/contextlib.py", line 158, in __exit__
    self.gen.throw(typ, value, traceback)
  File "/Users/nripeshpradhan/Documents/Github/i-test-season/.venv/lib/python3.11/site-packages/httpx/_transports/default.py", line 118, in map_httpcore_exceptions
    raise mapped_exc(message) from exc
httpx.ReadTimeout: The read operation timed out
2026-08-23 13:59:56,784 ERROR poll cycle failed; backing off
Traceback (most recent call last):
  File "/Users/nripeshpradhan/Documents/Github/i-test-season/.venv/lib/python3.11/site-packages/httpx/_transports/default.py", line 101, in map_httpcore_exceptions
    yield
  File "/Users/nripeshpradhan/Documents/Github/i-test-season/.venv/lib/python3.11/site-packages/httpx/_transports/default.py", line 250, in handle_request
    resp = self._pool.handle_request(req)
           ^^^^^^^^^^^^^^^^^^^^^^^^^^^^^^
  File "/Users/nripeshpradhan/Documents/Github/i-test-season/.venv/lib/python3.11/site-packages/httpcore/_sync/connection_pool.py", line 256, in handle_request
    raise exc from None
  File "/Users/nripeshpradhan/Documents/Github/i-test-season/.venv/lib/python3.11/site-packages/httpcore/_sync/connection_pool.py", line 236, in handle_request
    response = connection.handle_request(
               ^^^^^^^^^^^^^^^^^^^^^^^^^^
  File "/Users/nripeshpradhan/Documents/Github/i-test-season/.venv/lib/python3.11/site-packages/httpcore/_sync/connection.py", line 103, in handle_request
    return self._connection.handle_request(request)
           ^^^^^^^^^^^^^^^^^^^^^^^^^^^^^^^^^^^^^^^^
  File "/Users/nripeshpradhan/Documents/Github/i-test-season/.venv/lib/python3.11/site-packages/httpcore/_sync/http11.py", line 136, in handle_request
    raise exc
  File "/Users/nripeshpradhan/Documents/Github/i-test-season/.venv/lib/python3.11/site-packages/httpcore/_sync/http11.py", line 106, in handle_request
    ) = self._receive_response_headers(**kwargs)
        ^^^^^^^^^^^^^^^^^^^^^^^^^^^^^^^^^^^^^^^^
  File "/Users/nripeshpradhan/Documents/Github/i-test-season/.venv/lib/python3.11/site-packages/httpcore/_sync/http11.py", line 177, in _receive_response_headers
    event = self._receive_event(timeout=timeout)
            ^^^^^^^^^^^^^^^^^^^^^^^^^^^^^^^^^^^^
  File "/Users/nripeshpradhan/Documents/Github/i-test-season/.venv/lib/python3.11/site-packages/httpcore/_sync/http11.py", line 217, in _receive_event
    data = self._network_stream.read(
           ^^^^^^^^^^^^^^^^^^^^^^^^^^
  File "/Users/nripeshpradhan/Documents/Github/i-test-season/.venv/lib/python3.11/site-packages/httpcore/_backends/sync.py", line 126, in read
    with map_exceptions(exc_map):
  File "/Users/nripeshpradhan/.local/share/uv/python/cpython-3.11.15-macos-aarch64-none/lib/python3.11/contextlib.py", line 158, in __exit__
    self.gen.throw(typ, value, traceback)
  File "/Users/nripeshpradhan/Documents/Github/i-test-season/.venv/lib/python3.11/site-packages/httpcore/_exceptions.py", line 14, in map_exceptions
    raise to_exc(exc) from exc
httpcore.ReadTimeout: The read operation timed out

The above exception was the direct cause of the following exception:

Traceback (most recent call last):
  File "/Users/nripeshpradhan/Documents/Github/i-test-season/fpl_edge/interfaces/telegram.py", line 503, in run_forever
    self.poll_once(timeout=timeout)
  File "/Users/nripeshpradhan/Documents/Github/i-test-season/fpl_edge/interfaces/telegram.py", line 338, in poll_once
    body = self.transport.call(
           ^^^^^^^^^^^^^^^^^^^^
  File "/Users/nripeshpradhan/Documents/Github/i-test-season/fpl_edge/interfaces/telegram.py", line 102, in call
    resp = self._client.post(f"/{method}", json=payload, timeout=timeout)
           ^^^^^^^^^^^^^^^^^^^^^^^^^^^^^^^^^^^^^^^^^^^^^^^^^^^^^^^^^^^^^^
  File "/Users/nripeshpradhan/Documents/Github/i-test-season/.venv/lib/python3.11/site-packages/httpx/_client.py", line 1144, in post
    return self.request(
           ^^^^^^^^^^^^^
  File "/Users/nripeshpradhan/Documents/Github/i-test-season/.venv/lib/python3.11/site-packages/httpx/_client.py", line 825, in request
    return self.send(request, auth=auth, follow_redirects=follow_redirects)
           ^^^^^^^^^^^^^^^^^^^^^^^^^^^^^^^^^^^^^^^^^^^^^^^^^^^^^^^^^^^^^^^^
  File "/Users/nripeshpradhan/Documents/Github/i-test-season/.venv/lib/python3.11/site-packages/httpx/_client.py", line 914, in send
    response = self._send_handling_auth(
               ^^^^^^^^^^^^^^^^^^^^^^^^^
  File "/Users/nripeshpradhan/Documents/Github/i-test-season/.venv/lib/python3.11/site-packages/httpx/_client.py", line 942, in _send_handling_auth
    response = self._send_handling_redirects(
               ^^^^^^^^^^^^^^^^^^^^^^^^^^^^^^
  File "/Users/nripeshpradhan/Documents/Github/i-test-season/.venv/lib/python3.11/site-packages/httpx/_client.py", line 979, in _send_handling_redirects
    response = self._send_single_request(request)
               ^^^^^^^^^^^^^^^^^^^^^^^^^^^^^^^^^^
  File "/Users/nripeshpradhan/Documents/Github/i-test-season/.venv/lib/python3.11/site-packages/httpx/_client.py", line 1014, in _send_single_request
    response = transport.handle_request(request)
               ^^^^^^^^^^^^^^^^^^^^^^^^^^^^^^^^^
  File "/Users/nripeshpradhan/Documents/Github/i-test-season/.venv/lib/python3.11/site-packages/httpx/_transports/default.py", line 249, in handle_request
    with map_httpcore_exceptions():
  File "/Users/nripeshpradhan/.local/share/uv/python/cpython-3.11.15-macos-aarch64-none/lib/python3.11/contextlib.py", line 158, in __exit__
    self.gen.throw(typ, value, traceback)
  File "/Users/nripeshpradhan/Documents/Github/i-test-season/.venv/lib/python3.11/site-packages/httpx/_transports/default.py", line 118, in map_httpcore_exceptions
    raise mapped_exc(message) from exc
httpx.ReadTimeout: The read operation timed out
2026-08-23 14:18:15,791 ERROR poll cycle failed; backing off
Traceback (most recent call last):
  File "/Users/nripeshpradhan/Documents/Github/i-test-season/.venv/lib/python3.11/site-packages/httpx/_transports/default.py", line 101, in map_httpcore_exceptions
    yield
  File "/Users/nripeshpradhan/Documents/Github/i-test-season/.venv/lib/python3.11/site-packages/httpx/_transports/default.py", line 250, in handle_request
    resp = self._pool.handle_request(req)
           ^^^^^^^^^^^^^^^^^^^^^^^^^^^^^^
  File "/Users/nripeshpradhan/Documents/Github/i-test-season/.venv/lib/python3.11/site-packages/httpcore/_sync/connection_pool.py", line 256, in handle_request
    raise exc from None
  File "/Users/nripeshpradhan/Documents/Github/i-test-season/.venv/lib/python3.11/site-packages/httpcore/_sync/connection_pool.py", line 236, in handle_request
    response = connection.handle_request(
               ^^^^^^^^^^^^^^^^^^^^^^^^^^
  File "/Users/nripeshpradhan/Documents/Github/i-test-season/.venv/lib/python3.11/site-packages/httpcore/_sync/connection.py", line 103, in handle_request
    return self._connection.handle_request(request)
           ^^^^^^^^^^^^^^^^^^^^^^^^^^^^^^^^^^^^^^^^
  File "/Users/nripeshpradhan/Documents/Github/i-test-season/.venv/lib/python3.11/site-packages/httpcore/_sync/http11.py", line 136, in handle_request
    raise exc
  File "/Users/nripeshpradhan/Documents/Github/i-test-season/.venv/lib/python3.11/site-packages/httpcore/_sync/http11.py", line 106, in handle_request
    ) = self._receive_response_headers(**kwargs)
        ^^^^^^^^^^^^^^^^^^^^^^^^^^^^^^^^^^^^^^^^
  File "/Users/nripeshpradhan/Documents/Github/i-test-season/.venv/lib/python3.11/site-packages/httpcore/_sync/http11.py", line 177, in _receive_response_headers
    event = self._receive_event(timeout=timeout)
            ^^^^^^^^^^^^^^^^^^^^^^^^^^^^^^^^^^^^
  File "/Users/nripeshpradhan/Documents/Github/i-test-season/.venv/lib/python3.11/site-packages/httpcore/_sync/http11.py", line 217, in _receive_event
    data = self._network_stream.read(
           ^^^^^^^^^^^^^^^^^^^^^^^^^^
  File "/Users/nripeshpradhan/Documents/Github/i-test-season/.venv/lib/python3.11/site-packages/httpcore/_backends/sync.py", line 126, in read
    with map_exceptions(exc_map):
  File "/Users/nripeshpradhan/.local/share/uv/python/cpython-3.11.15-macos-aarch64-none/lib/python3.11/contextlib.py", line 158, in __exit__
    self.gen.throw(typ, value, traceback)
  File "/Users/nripeshpradhan/Documents/Github/i-test-season/.venv/lib/python3.11/site-packages/httpcore/_exceptions.py", line 14, in map_exceptions
    raise to_exc(exc) from exc
httpcore.ReadTimeout: The read operation timed out

The above exception was the direct cause of the following exception:

Traceback (most recent call last):
  File "/Users/nripeshpradhan/Documents/Github/i-test-season/fpl_edge/interfaces/telegram.py", line 503, in run_forever
    self.poll_once(timeout=timeout)
  File "/Users/nripeshpradhan/Documents/Github/i-test-season/fpl_edge/interfaces/telegram.py", line 338, in poll_once
    body = self.transport.call(
           ^^^^^^^^^^^^^^^^^^^^
  File "/Users/nripeshpradhan/Documents/Github/i-test-season/fpl_edge/interfaces/telegram.py", line 102, in call
    resp = self._client.post(f"/{method}", json=payload, timeout=timeout)
           ^^^^^^^^^^^^^^^^^^^^^^^^^^^^^^^^^^^^^^^^^^^^^^^^^^^^^^^^^^^^^^
  File "/Users/nripeshpradhan/Documents/Github/i-test-season/.venv/lib/python3.11/site-packages/httpx/_client.py", line 1144, in post
    return self.request(
           ^^^^^^^^^^^^^
  File "/Users/nripeshpradhan/Documents/Github/i-test-season/.venv/lib/python3.11/site-packages/httpx/_client.py", line 825, in request
    return self.send(request, auth=auth, follow_redirects=follow_redirects)
           ^^^^^^^^^^^^^^^^^^^^^^^^^^^^^^^^^^^^^^^^^^^^^^^^^^^^^^^^^^^^^^^^
  File "/Users/nripeshpradhan/Documents/Github/i-test-season/.venv/lib/python3.11/site-packages/httpx/_client.py", line 914, in send
    response = self._send_handling_auth(
               ^^^^^^^^^^^^^^^^^^^^^^^^^
  File "/Users/nripeshpradhan/Documents/Github/i-test-season/.venv/lib/python3.11/site-packages/httpx/_client.py", line 942, in _send_handling_auth
    response = self._send_handling_redirects(
               ^^^^^^^^^^^^^^^^^^^^^^^^^^^^^^
  File "/Users/nripeshpradhan/Documents/Github/i-test-season/.venv/lib/python3.11/site-packages/httpx/_client.py", line 979, in _send_handling_redirects
    response = self._send_single_request(request)
               ^^^^^^^^^^^^^^^^^^^^^^^^^^^^^^^^^^
  File "/Users/nripeshpradhan/Documents/Github/i-test-season/.venv/lib/python3.11/site-packages/httpx/_client.py", line 1014, in _send_single_request
    response = transport.handle_request(request)
               ^^^^^^^^^^^^^^^^^^^^^^^^^^^^^^^^^
  File "/Users/nripeshpradhan/Documents/Github/i-test-season/.venv/lib/python3.11/site-packages/httpx/_transports/default.py", line 249, in handle_request
    with map_httpcore_exceptions():
  File "/Users/nripeshpradhan/.local/share/uv/python/cpython-3.11.15-macos-aarch64-none/lib/python3.11/contextlib.py", line 158, in __exit__
    self.gen.throw(typ, value, traceback)
  File "/Users/nripeshpradhan/Documents/Github/i-test-season/.venv/lib/python3.11/site-packages/httpx/_transports/default.py", line 118, in map_httpcore_exceptions
    raise mapped_exc(message) from exc
httpx.ReadTimeout: The read operation timed out
2026-08-23 15:19:12,392 ERROR poll cycle failed; backing off
Traceback (most recent call last):
  File "/Users/nripeshpradhan/Documents/Github/i-test-season/.venv/lib/python3.11/site-packages/httpx/_transports/default.py", line 101, in map_httpcore_exceptions
    yield
  File "/Users/nripeshpradhan/Documents/Github/i-test-season/.venv/lib/python3.11/site-packages/httpx/_transports/default.py", line 250, in handle_request
    resp = self._pool.handle_request(req)
           ^^^^^^^^^^^^^^^^^^^^^^^^^^^^^^
  File "/Users/nripeshpradhan/Documents/Github/i-test-season/.venv/lib/python3.11/site-packages/httpcore/_sync/connection_pool.py", line 256, in handle_request
    raise exc from None
  File "/Users/nripeshpradhan/Documents/Github/i-test-season/.venv/lib/python3.11/site-packages/httpcore/_sync/connection_pool.py", line 236, in handle_request
    response = connection.handle_request(
               ^^^^^^^^^^^^^^^^^^^^^^^^^^
  File "/Users/nripeshpradhan/Documents/Github/i-test-season/.venv/lib/python3.11/site-packages/httpcore/_sync/connection.py", line 103, in handle_request
    return self._connection.handle_request(request)
           ^^^^^^^^^^^^^^^^^^^^^^^^^^^^^^^^^^^^^^^^
  File "/Users/nripeshpradhan/Documents/Github/i-test-season/.venv/lib/python3.11/site-packages/httpcore/_sync/http11.py", line 136, in handle_request
    raise exc
  File "/Users/nripeshpradhan/Documents/Github/i-test-season/.venv/lib/python3.11/site-packages/httpcore/_sync/http11.py", line 106, in handle_request
    ) = self._receive_response_headers(**kwargs)
        ^^^^^^^^^^^^^^^^^^^^^^^^^^^^^^^^^^^^^^^^
  File "/Users/nripeshpradhan/Documents/Github/i-test-season/.venv/lib/python3.11/site-packages/httpcore/_sync/http11.py", line 177, in _receive_response_headers
    event = self._receive_event(timeout=timeout)
            ^^^^^^^^^^^^^^^^^^^^^^^^^^^^^^^^^^^^
  File "/Users/nripeshpradhan/Documents/Github/i-test-season/.venv/lib/python3.11/site-packages/httpcore/_sync/http11.py", line 217, in _receive_event
    data = self._network_stream.read(
           ^^^^^^^^^^^^^^^^^^^^^^^^^^
  File "/Users/nripeshpradhan/Documents/Github/i-test-season/.venv/lib/python3.11/site-packages/httpcore/_backends/sync.py", line 126, in read
    with map_exceptions(exc_map):
  File "/Users/nripeshpradhan/.local/share/uv/python/cpython-3.11.15-macos-aarch64-none/lib/python3.11/contextlib.py", line 158, in __exit__
    self.gen.throw(typ, value, traceback)
  File "/Users/nripeshpradhan/Documents/Github/i-test-season/.venv/lib/python3.11/site-packages/httpcore/_exceptions.py", line 14, in map_exceptions
    raise to_exc(exc) from exc
httpcore.ReadTimeout: The read operation timed out

The above exception was the direct cause of the following exception:

Traceback (most recent call last):
  File "/Users/nripeshpradhan/Documents/Github/i-test-season/fpl_edge/interfaces/telegram.py", line 503, in run_forever
    self.poll_once(timeout=timeout)
  File "/Users/nripeshpradhan/Documents/Github/i-test-season/fpl_edge/interfaces/telegram.py", line 338, in poll_once
    body = self.transport.call(
           ^^^^^^^^^^^^^^^^^^^^
  File "/Users/nripeshpradhan/Documents/Github/i-test-season/fpl_edge/interfaces/telegram.py", line 102, in call
    resp = self._client.post(f"/{method}", json=payload, timeout=timeout)
           ^^^^^^^^^^^^^^^^^^^^^^^^^^^^^^^^^^^^^^^^^^^^^^^^^^^^^^^^^^^^^^
  File "/Users/nripeshpradhan/Documents/Github/i-test-season/.venv/lib/python3.11/site-packages/httpx/_client.py", line 1144, in post
    return self.request(
           ^^^^^^^^^^^^^
  File "/Users/nripeshpradhan/Documents/Github/i-test-season/.venv/lib/python3.11/site-packages/httpx/_client.py", line 825, in request
    return self.send(request, auth=auth, follow_redirects=follow_redirects)
           ^^^^^^^^^^^^^^^^^^^^^^^^^^^^^^^^^^^^^^^^^^^^^^^^^^^^^^^^^^^^^^^^
  File "/Users/nripeshpradhan/Documents/Github/i-test-season/.venv/lib/python3.11/site-packages/httpx/_client.py", line 914, in send
    response = self._send_handling_auth(
               ^^^^^^^^^^^^^^^^^^^^^^^^^
  File "/Users/nripeshpradhan/Documents/Github/i-test-season/.venv/lib/python3.11/site-packages/httpx/_client.py", line 942, in _send_handling_auth
    response = self._send_handling_redirects(
               ^^^^^^^^^^^^^^^^^^^^^^^^^^^^^^
  File "/Users/nripeshpradhan/Documents/Github/i-test-season/.venv/lib/python3.11/site-packages/httpx/_client.py", line 979, in _send_handling_redirects
    response = self._send_single_request(request)
               ^^^^^^^^^^^^^^^^^^^^^^^^^^^^^^^^^^
  File "/Users/nripeshpradhan/Documents/Github/i-test-season/.venv/lib/python3.11/site-packages/httpx/_client.py", line 1014, in _send_single_request
    response = transport.handle_request(request)
               ^^^^^^^^^^^^^^^^^^^^^^^^^^^^^^^^^
  File "/Users/nripeshpradhan/Documents/Github/i-test-season/.venv/lib/python3.11/site-packages/httpx/_transports/default.py", line 249, in handle_request
    with map_httpcore_exceptions():
  File "/Users/nripeshpradhan/.local/share/uv/python/cpython-3.11.15-macos-aarch64-none/lib/python3.11/contextlib.py", line 158, in __exit__
    self.gen.throw(typ, value, traceback)
  File "/Users/nripeshpradhan/Documents/Github/i-test-season/.venv/lib/python3.11/site-packages/httpx/_transports/default.py", line 118, in map_httpcore_exceptions
    raise mapped_exc(message) from exc
httpx.ReadTimeout: The read operation timed out
2026-08-23 15:50:02,477 ERROR poll cycle failed; backing off
Traceback (most recent call last):
  File "/Users/nripeshpradhan/Documents/Github/i-test-season/.venv/lib/python3.11/site-packages/httpx/_transports/default.py", line 101, in map_httpcore_exceptions
    yield
  File "/Users/nripeshpradhan/Documents/Github/i-test-season/.venv/lib/python3.11/site-packages/httpx/_transports/default.py", line 250, in handle_request
    resp = self._pool.handle_request(req)
           ^^^^^^^^^^^^^^^^^^^^^^^^^^^^^^
  File "/Users/nripeshpradhan/Documents/Github/i-test-season/.venv/lib/python3.11/site-packages/httpcore/_sync/connection_pool.py", line 256, in handle_request
    raise exc from None
  File "/Users/nripeshpradhan/Documents/Github/i-test-season/.venv/lib/python3.11/site-packages/httpcore/_sync/connection_pool.py", line 236, in handle_request
    response = connection.handle_request(
               ^^^^^^^^^^^^^^^^^^^^^^^^^^
  File "/Users/nripeshpradhan/Documents/Github/i-test-season/.venv/lib/python3.11/site-packages/httpcore/_sync/connection.py", line 103, in handle_request
    return self._connection.handle_request(request)
           ^^^^^^^^^^^^^^^^^^^^^^^^^^^^^^^^^^^^^^^^
  File "/Users/nripeshpradhan/Documents/Github/i-test-season/.venv/lib/python3.11/site-packages/httpcore/_sync/http11.py", line 136, in handle_request
    raise exc
  File "/Users/nripeshpradhan/Documents/Github/i-test-season/.venv/lib/python3.11/site-packages/httpcore/_sync/http11.py", line 106, in handle_request
    ) = self._receive_response_headers(**kwargs)
        ^^^^^^^^^^^^^^^^^^^^^^^^^^^^^^^^^^^^^^^^
  File "/Users/nripeshpradhan/Documents/Github/i-test-season/.venv/lib/python3.11/site-packages/httpcore/_sync/http11.py", line 177, in _receive_response_headers
    event = self._receive_event(timeout=timeout)
            ^^^^^^^^^^^^^^^^^^^^^^^^^^^^^^^^^^^^
  File "/Users/nripeshpradhan/Documents/Github/i-test-season/.venv/lib/python3.11/site-packages/httpcore/_sync/http11.py", line 217, in _receive_event
    data = self._network_stream.read(
           ^^^^^^^^^^^^^^^^^^^^^^^^^^
  File "/Users/nripeshpradhan/Documents/Github/i-test-season/.venv/lib/python3.11/site-packages/httpcore/_backends/sync.py", line 126, in read
    with map_exceptions(exc_map):
  File "/Users/nripeshpradhan/.local/share/uv/python/cpython-3.11.15-macos-aarch64-none/lib/python3.11/contextlib.py", line 158, in __exit__
    self.gen.throw(typ, value, traceback)
  File "/Users/nripeshpradhan/Documents/Github/i-test-season/.venv/lib/python3.11/site-packages/httpcore/_exceptions.py", line 14, in map_exceptions
    raise to_exc(exc) from exc
httpcore.ReadTimeout: The read operation timed out

The above exception was the direct cause of the following exception:

Traceback (most recent call last):
  File "/Users/nripeshpradhan/Documents/Github/i-test-season/fpl_edge/interfaces/telegram.py", line 503, in run_forever
    self.poll_once(timeout=timeout)
  File "/Users/nripeshpradhan/Documents/Github/i-test-season/fpl_edge/interfaces/telegram.py", line 338, in poll_once
    body = self.transport.call(
           ^^^^^^^^^^^^^^^^^^^^
  File "/Users/nripeshpradhan/Documents/Github/i-test-season/fpl_edge/interfaces/telegram.py", line 102, in call
    resp = self._client.post(f"/{method}", json=payload, timeout=timeout)
           ^^^^^^^^^^^^^^^^^^^^^^^^^^^^^^^^^^^^^^^^^^^^^^^^^^^^^^^^^^^^^^
  File "/Users/nripeshpradhan/Documents/Github/i-test-season/.venv/lib/python3.11/site-packages/httpx/_client.py", line 1144, in post
    return self.request(
           ^^^^^^^^^^^^^
  File "/Users/nripeshpradhan/Documents/Github/i-test-season/.venv/lib/python3.11/site-packages/httpx/_client.py", line 825, in request
    return self.send(request, auth=auth, follow_redirects=follow_redirects)
           ^^^^^^^^^^^^^^^^^^^^^^^^^^^^^^^^^^^^^^^^^^^^^^^^^^^^^^^^^^^^^^^^
  File "/Users/nripeshpradhan/Documents/Github/i-test-season/.venv/lib/python3.11/site-packages/httpx/_client.py", line 914, in send
    response = self._send_handling_auth(
               ^^^^^^^^^^^^^^^^^^^^^^^^^
  File "/Users/nripeshpradhan/Documents/Github/i-test-season/.venv/lib/python3.11/site-packages/httpx/_client.py", line 942, in _send_handling_auth
    response = self._send_handling_redirects(
               ^^^^^^^^^^^^^^^^^^^^^^^^^^^^^^
  File "/Users/nripeshpradhan/Documents/Github/i-test-season/.venv/lib/python3.11/site-packages/httpx/_client.py", line 979, in _send_handling_redirects
    response = self._send_single_request(request)
               ^^^^^^^^^^^^^^^^^^^^^^^^^^^^^^^^^^
  File "/Users/nripeshpradhan/Documents/Github/i-test-season/.venv/lib/python3.11/site-packages/httpx/_client.py", line 1014, in _send_single_request
    response = transport.handle_request(request)
               ^^^^^^^^^^^^^^^^^^^^^^^^^^^^^^^^^
  File "/Users/nripeshpradhan/Documents/Github/i-test-season/.venv/lib/python3.11/site-packages/httpx/_transports/default.py", line 249, in handle_request
    with map_httpcore_exceptions():
  File "/Users/nripeshpradhan/.local/share/uv/python/cpython-3.11.15-macos-aarch64-none/lib/python3.11/contextlib.py", line 158, in __exit__
    self.gen.throw(typ, value, traceback)
  File "/Users/nripeshpradhan/Documents/Github/i-test-season/.venv/lib/python3.11/site-packages/httpx/_transports/default.py", line 118, in map_httpcore_exceptions
    raise mapped_exc(message) from exc
httpx.ReadTimeout: The read operation timed out
2026-08-23 17:12:53,229 ERROR poll cycle failed; backing off
Traceback (most recent call last):
  File "/Users/nripeshpradhan/Documents/Github/i-test-season/.venv/lib/python3.11/site-packages/httpx/_transports/default.py", line 101, in map_httpcore_exceptions
    yield
  File "/Users/nripeshpradhan/Documents/Github/i-test-season/.venv/lib/python3.11/site-packages/httpx/_transports/default.py", line 250, in handle_request
    resp = self._pool.handle_request(req)
           ^^^^^^^^^^^^^^^^^^^^^^^^^^^^^^
  File "/Users/nripeshpradhan/Documents/Github/i-test-season/.venv/lib/python3.11/site-packages/httpcore/_sync/connection_pool.py", line 256, in handle_request
    raise exc from None
  File "/Users/nripeshpradhan/Documents/Github/i-test-season/.venv/lib/python3.11/site-packages/httpcore/_sync/connection_pool.py", line 236, in handle_request
    response = connection.handle_request(
               ^^^^^^^^^^^^^^^^^^^^^^^^^^
  File "/Users/nripeshpradhan/Documents/Github/i-test-season/.venv/lib/python3.11/site-packages/httpcore/_sync/connection.py", line 103, in handle_request
    return self._connection.handle_request(request)
           ^^^^^^^^^^^^^^^^^^^^^^^^^^^^^^^^^^^^^^^^
  File "/Users/nripeshpradhan/Documents/Github/i-test-season/.venv/lib/python3.11/site-packages/httpcore/_sync/http11.py", line 136, in handle_request
    raise exc
  File "/Users/nripeshpradhan/Documents/Github/i-test-season/.venv/lib/python3.11/site-packages/httpcore/_sync/http11.py", line 106, in handle_request
    ) = self._receive_response_headers(**kwargs)
        ^^^^^^^^^^^^^^^^^^^^^^^^^^^^^^^^^^^^^^^^
  File "/Users/nripeshpradhan/Documents/Github/i-test-season/.venv/lib/python3.11/site-packages/httpcore/_sync/http11.py", line 177, in _receive_response_headers
    event = self._receive_event(timeout=timeout)
            ^^^^^^^^^^^^^^^^^^^^^^^^^^^^^^^^^^^^
  File "/Users/nripeshpradhan/Documents/Github/i-test-season/.venv/lib/python3.11/site-packages/httpcore/_sync/http11.py", line 217, in _receive_event
    data = self._network_stream.read(
           ^^^^^^^^^^^^^^^^^^^^^^^^^^
  File "/Users/nripeshpradhan/Documents/Github/i-test-season/.venv/lib/python3.11/site-packages/httpcore/_backends/sync.py", line 126, in read
    with map_exceptions(exc_map):
  File "/Users/nripeshpradhan/.local/share/uv/python/cpython-3.11.15-macos-aarch64-none/lib/python3.11/contextlib.py", line 158, in __exit__
    self.gen.throw(typ, value, traceback)
  File "/Users/nripeshpradhan/Documents/Github/i-test-season/.venv/lib/python3.11/site-packages/httpcore/_exceptions.py", line 14, in map_exceptions
    raise to_exc(exc) from exc
httpcore.ReadTimeout: The read operation timed out

The above exception was the direct cause of the following exception:

Traceback (most recent call last):
  File "/Users/nripeshpradhan/Documents/Github/i-test-season/fpl_edge/interfaces/telegram.py", line 503, in run_forever
    self.poll_once(timeout=timeout)
  File "/Users/nripeshpradhan/Documents/Github/i-test-season/fpl_edge/interfaces/telegram.py", line 338, in poll_once
    body = self.transport.call(
           ^^^^^^^^^^^^^^^^^^^^
  File "/Users/nripeshpradhan/Documents/Github/i-test-season/fpl_edge/interfaces/telegram.py", line 102, in call
    resp = self._client.post(f"/{method}", json=payload, timeout=timeout)
           ^^^^^^^^^^^^^^^^^^^^^^^^^^^^^^^^^^^^^^^^^^^^^^^^^^^^^^^^^^^^^^
  File "/Users/nripeshpradhan/Documents/Github/i-test-season/.venv/lib/python3.11/site-packages/httpx/_client.py", line 1144, in post
    return self.request(
           ^^^^^^^^^^^^^
  File "/Users/nripeshpradhan/Documents/Github/i-test-season/.venv/lib/python3.11/site-packages/httpx/_client.py", line 825, in request
    return self.send(request, auth=auth, follow_redirects=follow_redirects)
           ^^^^^^^^^^^^^^^^^^^^^^^^^^^^^^^^^^^^^^^^^^^^^^^^^^^^^^^^^^^^^^^^
  File "/Users/nripeshpradhan/Documents/Github/i-test-season/.venv/lib/python3.11/site-packages/httpx/_client.py", line 914, in send
    response = self._send_handling_auth(
               ^^^^^^^^^^^^^^^^^^^^^^^^^
  File "/Users/nripeshpradhan/Documents/Github/i-test-season/.venv/lib/python3.11/site-packages/httpx/_client.py", line 942, in _send_handling_auth
    response = self._send_handling_redirects(
               ^^^^^^^^^^^^^^^^^^^^^^^^^^^^^^
  File "/Users/nripeshpradhan/Documents/Github/i-test-season/.venv/lib/python3.11/site-packages/httpx/_client.py", line 979, in _send_handling_redirects
    response = self._send_single_request(request)
               ^^^^^^^^^^^^^^^^^^^^^^^^^^^^^^^^^^
  File "/Users/nripeshpradhan/Documents/Github/i-test-season/.venv/lib/python3.11/site-packages/httpx/_client.py", line 1014, in _send_single_request
    response = transport.handle_request(request)
               ^^^^^^^^^^^^^^^^^^^^^^^^^^^^^^^^^
  File "/Users/nripeshpradhan/Documents/Github/i-test-season/.venv/lib/python3.11/site-packages/httpx/_transports/default.py", line 249, in handle_request
    with map_httpcore_exceptions():
  File "/Users/nripeshpradhan/.local/share/uv/python/cpython-3.11.15-macos-aarch64-none/lib/python3.11/contextlib.py", line 158, in __exit__
    self.gen.throw(typ, value, traceback)
  File "/Users/nripeshpradhan/Documents/Github/i-test-season/.venv/lib/python3.11/site-packages/httpx/_transports/default.py", line 118, in map_httpcore_exceptions
    raise mapped_exc(message) from exc
httpx.ReadTimeout: The read operation timed out
2026-08-23 18:22:15,284 ERROR poll cycle failed; backing off
Traceback (most recent call last):
  File "/Users/nripeshpradhan/Documents/Github/i-test-season/.venv/lib/python3.11/site-packages/httpx/_transports/default.py", line 101, in map_httpcore_exceptions
    yield
  File "/Users/nripeshpradhan/Documents/Github/i-test-season/.venv/lib/python3.11/site-packages/httpx/_transports/default.py", line 250, in handle_request
    resp = self._pool.handle_request(req)
           ^^^^^^^^^^^^^^^^^^^^^^^^^^^^^^
  File "/Users/nripeshpradhan/Documents/Github/i-test-season/.venv/lib/python3.11/site-packages/httpcore/_sync/connection_pool.py", line 256, in handle_request
    raise exc from None
  File "/Users/nripeshpradhan/Documents/Github/i-test-season/.venv/lib/python3.11/site-packages/httpcore/_sync/connection_pool.py", line 236, in handle_request
    response = connection.handle_request(
               ^^^^^^^^^^^^^^^^^^^^^^^^^^
  File "/Users/nripeshpradhan/Documents/Github/i-test-season/.venv/lib/python3.11/site-packages/httpcore/_sync/connection.py", line 103, in handle_request
    return self._connection.handle_request(request)
           ^^^^^^^^^^^^^^^^^^^^^^^^^^^^^^^^^^^^^^^^
  File "/Users/nripeshpradhan/Documents/Github/i-test-season/.venv/lib/python3.11/site-packages/httpcore/_sync/http11.py", line 136, in handle_request
    raise exc
  File "/Users/nripeshpradhan/Documents/Github/i-test-season/.venv/lib/python3.11/site-packages/httpcore/_sync/http11.py", line 106, in handle_request
    ) = self._receive_response_headers(**kwargs)
        ^^^^^^^^^^^^^^^^^^^^^^^^^^^^^^^^^^^^^^^^
  File "/Users/nripeshpradhan/Documents/Github/i-test-season/.venv/lib/python3.11/site-packages/httpcore/_sync/http11.py", line 177, in _receive_response_headers
    event = self._receive_event(timeout=timeout)
            ^^^^^^^^^^^^^^^^^^^^^^^^^^^^^^^^^^^^
  File "/Users/nripeshpradhan/Documents/Github/i-test-season/.venv/lib/python3.11/site-packages/httpcore/_sync/http11.py", line 217, in _receive_event
    data = self._network_stream.read(
           ^^^^^^^^^^^^^^^^^^^^^^^^^^
  File "/Users/nripeshpradhan/Documents/Github/i-test-season/.venv/lib/python3.11/site-packages/httpcore/_backends/sync.py", line 126, in read
    with map_exceptions(exc_map):
  File "/Users/nripeshpradhan/.local/share/uv/python/cpython-3.11.15-macos-aarch64-none/lib/python3.11/contextlib.py", line 158, in __exit__
    self.gen.throw(typ, value, traceback)
  File "/Users/nripeshpradhan/Documents/Github/i-test-season/.venv/lib/python3.11/site-packages/httpcore/_exceptions.py", line 14, in map_exceptions
    raise to_exc(exc) from exc
httpcore.ReadTimeout: The read operation timed out

The above exception was the direct cause of the following exception:

Traceback (most recent call last):
  File "/Users/nripeshpradhan/Documents/Github/i-test-season/fpl_edge/interfaces/telegram.py", line 503, in run_forever
    self.poll_once(timeout=timeout)
  File "/Users/nripeshpradhan/Documents/Github/i-test-season/fpl_edge/interfaces/telegram.py", line 338, in poll_once
    body = self.transport.call(
           ^^^^^^^^^^^^^^^^^^^^
  File "/Users/nripeshpradhan/Documents/Github/i-test-season/fpl_edge/interfaces/telegram.py", line 102, in call
    resp = self._client.post(f"/{method}", json=payload, timeout=timeout)
           ^^^^^^^^^^^^^^^^^^^^^^^^^^^^^^^^^^^^^^^^^^^^^^^^^^^^^^^^^^^^^^
  File "/Users/nripeshpradhan/Documents/Github/i-test-season/.venv/lib/python3.11/site-packages/httpx/_client.py", line 1144, in post
    return self.request(
           ^^^^^^^^^^^^^
  File "/Users/nripeshpradhan/Documents/Github/i-test-season/.venv/lib/python3.11/site-packages/httpx/_client.py", line 825, in request
    return self.send(request, auth=auth, follow_redirects=follow_redirects)
           ^^^^^^^^^^^^^^^^^^^^^^^^^^^^^^^^^^^^^^^^^^^^^^^^^^^^^^^^^^^^^^^^
  File "/Users/nripeshpradhan/Documents/Github/i-test-season/.venv/lib/python3.11/site-packages/httpx/_client.py", line 914, in send
    response = self._send_handling_auth(
               ^^^^^^^^^^^^^^^^^^^^^^^^^
  File "/Users/nripeshpradhan/Documents/Github/i-test-season/.venv/lib/python3.11/site-packages/httpx/_client.py", line 942, in _send_handling_auth
    response = self._send_handling_redirects(
               ^^^^^^^^^^^^^^^^^^^^^^^^^^^^^^
  File "/Users/nripeshpradhan/Documents/Github/i-test-season/.venv/lib/python3.11/site-packages/httpx/_client.py", line 979, in _send_handling_redirects
    response = self._send_single_request(request)
               ^^^^^^^^^^^^^^^^^^^^^^^^^^^^^^^^^^
  File "/Users/nripeshpradhan/Documents/Github/i-test-season/.venv/lib/python3.11/site-packages/httpx/_client.py", line 1014, in _send_single_request
    response = transport.handle_request(request)
               ^^^^^^^^^^^^^^^^^^^^^^^^^^^^^^^^^
  File "/Users/nripeshpradhan/Documents/Github/i-test-season/.venv/lib/python3.11/site-packages/httpx/_transports/default.py", line 249, in handle_request
    with map_httpcore_exceptions():
  File "/Users/nripeshpradhan/.local/share/uv/python/cpython-3.11.15-macos-aarch64-none/lib/python3.11/contextlib.py", line 158, in __exit__
    self.gen.throw(typ, value, traceback)
  File "/Users/nripeshpradhan/Documents/Github/i-test-season/.venv/lib/python3.11/site-packages/httpx/_transports/default.py", line 118, in map_httpcore_exceptions
    raise mapped_exc(message) from exc
httpx.ReadTimeout: The read operation timed out
2026-08-23 18:55:58,078 ERROR poll cycle failed; backing off
Traceback (most recent call last):
  File "/Users/nripeshpradhan/Documents/Github/i-test-season/.venv/lib/python3.11/site-packages/httpx/_transports/default.py", line 101, in map_httpcore_exceptions
    yield
  File "/Users/nripeshpradhan/Documents/Github/i-test-season/.venv/lib/python3.11/site-packages/httpx/_transports/default.py", line 250, in handle_request
    resp = self._pool.handle_request(req)
           ^^^^^^^^^^^^^^^^^^^^^^^^^^^^^^
  File "/Users/nripeshpradhan/Documents/Github/i-test-season/.venv/lib/python3.11/site-packages/httpcore/_sync/connection_pool.py", line 256, in handle_request
    raise exc from None
  File "/Users/nripeshpradhan/Documents/Github/i-test-season/.venv/lib/python3.11/site-packages/httpcore/_sync/connection_pool.py", line 236, in handle_request
    response = connection.handle_request(
               ^^^^^^^^^^^^^^^^^^^^^^^^^^
  File "/Users/nripeshpradhan/Documents/Github/i-test-season/.venv/lib/python3.11/site-packages/httpcore/_sync/connection.py", line 103, in handle_request
    return self._connection.handle_request(request)
           ^^^^^^^^^^^^^^^^^^^^^^^^^^^^^^^^^^^^^^^^
  File "/Users/nripeshpradhan/Documents/Github/i-test-season/.venv/lib/python3.11/site-packages/httpcore/_sync/http11.py", line 136, in handle_request
    raise exc
  File "/Users/nripeshpradhan/Documents/Github/i-test-season/.venv/lib/python3.11/site-packages/httpcore/_sync/http11.py", line 106, in handle_request
    ) = self._receive_response_headers(**kwargs)
        ^^^^^^^^^^^^^^^^^^^^^^^^^^^^^^^^^^^^^^^^
  File "/Users/nripeshpradhan/Documents/Github/i-test-season/.venv/lib/python3.11/site-packages/httpcore/_sync/http11.py", line 177, in _receive_response_headers
    event = self._receive_event(timeout=timeout)
            ^^^^^^^^^^^^^^^^^^^^^^^^^^^^^^^^^^^^
  File "/Users/nripeshpradhan/Documents/Github/i-test-season/.venv/lib/python3.11/site-packages/httpcore/_sync/http11.py", line 217, in _receive_event
    data = self._network_stream.read(
           ^^^^^^^^^^^^^^^^^^^^^^^^^^
  File "/Users/nripeshpradhan/Documents/Github/i-test-season/.venv/lib/python3.11/site-packages/httpcore/_backends/sync.py", line 126, in read
    with map_exceptions(exc_map):
  File "/Users/nripeshpradhan/.local/share/uv/python/cpython-3.11.15-macos-aarch64-none/lib/python3.11/contextlib.py", line 158, in __exit__
    self.gen.throw(typ, value, traceback)
  File "/Users/nripeshpradhan/Documents/Github/i-test-season/.venv/lib/python3.11/site-packages/httpcore/_exceptions.py", line 14, in map_exceptions
    raise to_exc(exc) from exc
httpcore.ReadTimeout: The read operation timed out

The above exception was the direct cause of the following exception:

Traceback (most recent call last):
  File "/Users/nripeshpradhan/Documents/Github/i-test-season/fpl_edge/interfaces/telegram.py", line 503, in run_forever
    self.poll_once(timeout=timeout)
  File "/Users/nripeshpradhan/Documents/Github/i-test-season/fpl_edge/interfaces/telegram.py", line 338, in poll_once
    body = self.transport.call(
           ^^^^^^^^^^^^^^^^^^^^
  File "/Users/nripeshpradhan/Documents/Github/i-test-season/fpl_edge/interfaces/telegram.py", line 102, in call
    resp = self._client.post(f"/{method}", json=payload, timeout=timeout)
           ^^^^^^^^^^^^^^^^^^^^^^^^^^^^^^^^^^^^^^^^^^^^^^^^^^^^^^^^^^^^^^
  File "/Users/nripeshpradhan/Documents/Github/i-test-season/.venv/lib/python3.11/site-packages/httpx/_client.py", line 1144, in post
    return self.request(
           ^^^^^^^^^^^^^
  File "/Users/nripeshpradhan/Documents/Github/i-test-season/.venv/lib/python3.11/site-packages/httpx/_client.py", line 825, in request
    return self.send(request, auth=auth, follow_redirects=follow_redirects)
           ^^^^^^^^^^^^^^^^^^^^^^^^^^^^^^^^^^^^^^^^^^^^^^^^^^^^^^^^^^^^^^^^
  File "/Users/nripeshpradhan/Documents/Github/i-test-season/.venv/lib/python3.11/site-packages/httpx/_client.py", line 914, in send
    response = self._send_handling_auth(
               ^^^^^^^^^^^^^^^^^^^^^^^^^
  File "/Users/nripeshpradhan/Documents/Github/i-test-season/.venv/lib/python3.11/site-packages/httpx/_client.py", line 942, in _send_handling_auth
    response = self._send_handling_redirects(
               ^^^^^^^^^^^^^^^^^^^^^^^^^^^^^^
  File "/Users/nripeshpradhan/Documents/Github/i-test-season/.venv/lib/python3.11/site-packages/httpx/_client.py", line 979, in _send_handling_redirects
    response = self._send_single_request(request)
               ^^^^^^^^^^^^^^^^^^^^^^^^^^^^^^^^^^
  File "/Users/nripeshpradhan/Documents/Github/i-test-season/.venv/lib/python3.11/site-packages/httpx/_client.py", line 1014, in _send_single_request
    response = transport.handle_request(request)
               ^^^^^^^^^^^^^^^^^^^^^^^^^^^^^^^^^
  File "/Users/nripeshpradhan/Documents/Github/i-test-season/.venv/lib/python3.11/site-packages/httpx/_transports/default.py", line 249, in handle_request
    with map_httpcore_exceptions():
  File "/Users/nripeshpradhan/.local/share/uv/python/cpython-3.11.15-macos-aarch64-none/lib/python3.11/contextlib.py", line 158, in __exit__
    self.gen.throw(typ, value, traceback)
  File "/Users/nripeshpradhan/Documents/Github/i-test-season/.venv/lib/python3.11/site-packages/httpx/_transports/default.py", line 118, in map_httpcore_exceptions
    raise mapped_exc(message) from exc
httpx.ReadTimeout: The read operation timed out
